{
  "biorth_residual": 4.44091476751357e-15,
  "cluster_sizes": {
    "stationary": 8,
    "SE": 14,
    "mid": 18
  },
  "partner_verdict": {
    "sum_slow": [
      -8.425906564926456e-18,
      -9.051181803636692e-16
    ],
    "sum_fast": [
      -9.930063371321457e-18,
      -1.5715632930447262e-17
    ],
    "total": [
      -1.8355969936247912e-17,
      -9.208338132941164e-16
    ]
  },
  "cluster_trace": {
    "stationary": [
      4.946293774989156e-33,
      -4.1066865863465846e-31
    ],
    "SE": [
      -5.41378907367252e-31,
      4.479873048538125e-17
    ],
    "mid": [
      -8.425906564926456e-18,
      -9.051181803636692e-16
    ]
  },
  "basis_rotation_corr": -0.8036234186755288,
  "genuine_shifts_re": [
    -0.0029990344661088852,
    -0.002999034466108358,
    -0.0029990344661073864,
    -0.0029990344661072477,
    -0.002999034466106859,
    -0.0029990344661063872,
    0.00029025304448992983,
    0.0002902530444905127,
    0.0002902530444908735,
    0.0002902530444914564,
    0.0002902530444917062,
    0.0002902530444925666,
    0.001049170051828141,
    0.0010491700518284464,
    0.0010491700518290292,
    0.0010491700518290847,
    0.0010491700518294456,
    0.001049170051830084
  ],
  "firstorder_shifts_re": [
    6.681242098541071e-10,
    6.681233683383512e-10,
    6.681346379682694e-10,
    6.681338640408088e-10,
    6.681292928417335e-10,
    6.681276421416977e-10,
    -6.208599218501891e-10,
    -6.208759338469442e-10,
    -6.208599453966886e-10,
    -6.208534073553672e-10,
    -6.208576235519864e-10,
    -6.208719329611873e-10,
    -4.7262426720590653e-11,
    -4.727498472510282e-11,
    -4.729208089455364e-11,
    -4.722986714899498e-11,
    -4.726590738945861e-11,
    -4.7268984186495156e-11
  ],
  "per_site": [
    {
      "site": 0,
      "f_emp_psi1": 0.8464560112647457,
      "f_pred_psi1": -5.1463128134395125e-15,
      "f_emp_psi2": 1.157436656246546,
      "f_pred_psi2": 3.781382389068991e-15
    },
    {
      "site": 1,
      "f_emp_psi1": 1.4309266573862605,
      "f_pred_psi1": 5.5974355862777445e-15,
      "f_emp_psi2": 0.20422697039214288,
      "f_pred_psi2": -2.27748051491459e-15
    },
    {
      "site": 2,
      "f_emp_psi1": 0.5582801245205132,
      "f_pred_psi1": -8.32215302914541e-15,
      "f_emp_psi2": -2.0501306289302637,
      "f_pred_psi2": 2.939591257722245e-14
    },
    {
      "site": 3,
      "f_emp_psi1": -0.003438343325845028,
      "f_pred_psi1": -1.971276678914498e-15,
      "f_emp_psi2": -0.010428844368035595,
      "f_pred_psi2": 3.264019132373668e-15
    },
    {
      "site": 4,
      "f_emp_psi1": -1.704817680690971,
      "f_pred_psi1": -8.322153029145702e-15,
      "f_emp_psi2": 1.1050205793285606,
      "f_pred_psi2": 2.9395912577223974e-14
    },
    {
      "site": 5,
      "f_emp_psi1": -0.8253991387918874,
      "f_pred_psi1": 5.597435586277433e-15,
      "f_emp_psi2": -0.19139053856647992,
      "f_pred_psi2": -2.277480514914801e-15
    },
    {
      "site": 6,
      "f_emp_psi1": -0.00581990250809572,
      "f_pred_psi1": -5.146312813438873e-15,
      "f_emp_psi2": -0.47825503505193434,
      "f_pred_psi2": 3.7813823890687744e-15
    }
  ],
  "predictions_by_tref": {
    "psi_1_t5.0": [
      -3.715764665064675e-15,
      1.1680871377519578e-14,
      -5.256141558326995e-15,
      8.701481940375785e-16,
      -5.256141558327327e-15,
      1.1680871377517526e-14,
      -3.715764665064101e-15
    ],
    "psi_1_t10.0": [
      -5.1463128134395125e-15,
      5.5974355862777445e-15,
      -8.32215302914541e-15,
      -1.971276678914498e-15,
      -8.322153029145702e-15,
      5.597435586277433e-15,
      -5.146312813438873e-15
    ],
    "psi_1_t15.0": [
      -7.994051564597532e-15,
      -5.0169471294809155e-15,
      -1.428315668956656e-14,
      -7.178246456366257e-15,
      -1.4283156689566838e-14,
      -5.016947129478237e-15,
      -7.994051564596735e-15
    ],
    "psi_2_t5.0": [
      8.309966681228063e-15,
      -2.37330798242893e-15,
      1.1014339582381838e-14,
      4.811243444340346e-16,
      1.1014339582384163e-14,
      -2.373307982429146e-15,
      8.30996668122778e-15
    ],
    "psi_2_t10.0": [
      3.781382389068991e-15,
      -2.27748051491459e-15,
      2.939591257722245e-14,
      3.264019132373668e-15,
      2.9395912577223974e-14,
      -2.277480514914801e-15,
      3.7813823890687744e-15
    ],
    "psi_2_t15.0": [
      -4.1868797236271e-15,
      -2.2474515350591358e-15,
      6.404408346191504e-14,
      8.437294651011916e-15,
      6.40440834619156e-14,
      -2.2474515350592896e-15,
      -4.186879723627695e-15
    ]
  },
  "rmse_psi1": 0.9756644864943821,
  "rmse_psi2": 1.0050544635332357
}