{
  "N": 5,
  "gamma_0": 0.05,
  "J": 1.0,
  "dJ": 0.01,
  "bonds_tested": [
    0,
    1,
    2,
    3
  ],
  "bond_results": {
    "bond_0_1": {
      "S_0": 0.0,
      "S_1": 0.3917001302167433,
      "S_2": -0.31157489696456153,
      "S_3": -0.31157489715401,
      "S_4": 0.391700129577055,
      "S_5": 0.0
    },
    "bond_1_2": {
      "S_0": 0.0,
      "S_1": 0.5068467876775617,
      "S_2": -0.012328185833787586,
      "S_3": -0.012328186919496886,
      "S_4": 0.5068467875673166,
      "S_5": 0.0
    },
    "bond_2_3": {
      "S_0": 0.0,
      "S_1": 0.5068467876030658,
      "S_2": -0.01232818524998791,
      "S_3": -0.012328185456311758,
      "S_4": 0.5068467876157667,
      "S_5": 0.0
    },
    "bond_3_4": {
      "S_0": 0.0,
      "S_1": 0.39170012950955346,
      "S_2": -0.3115748969449328,
      "S_3": -0.3115748969224619,
      "S_4": 0.39170012933034126,
      "S_5": 0.0
    }
  }
}