{
  "N4": {
    "sigma_gamma": 0.2,
    "target_re": -0.2,
    "H_eigenvalues": [
      -1.618033988749895,
      -0.6180339887498949,
      0.6180339887498949,
      1.6180339887498951
    ],
    "expected_H_eigenvalues_golden": [
      -1.618033988749895,
      -0.6180339887498948,
      0.6180339887498948,
      1.618033988749895
    ],
    "H_match_residual": 2.220446049250313e-16,
    "sector_analysis": {
      "sector_name": "n_XY=2 at N=4",
      "target_re": -0.2,
      "n_modes_in_sector": 94,
      "n_zero_im": 18,
      "unique_abs_im_values": [
        0.385924444,
        1.0,
        2.002666471,
        2.224440551,
        2.236067977,
        2.616501573,
        2.849322278,
        3.851840167,
        4.467975684
      ]
    },
    "gr_basis": [
      1.618033988749895,
      0.6180339887498948,
      1.0,
      2.23606797749979
    ],
    "gr_basis_names": [
      "phi",
      "1/phi",
      "1",
      "sqrt(5)"
    ],
    "match_count": 2,
    "nomatch_count": 7,
    "matched_examples": [
      {
        "im_val": 1.0,
        "expr": "-3*phi + -3*1/phi + 1*1 + 3*sqrt(5)",
        "residual": 0.0
      },
      {
        "im_val": 2.236067977,
        "expr": "-3*phi + 3*1/phi + 3*1 + 1*sqrt(5)",
        "residual": 4.997895430847166e-10
      }
    ]
  },
  "N6": {
    "sigma_gamma": 0.30000000000000004,
    "target_re": -0.30000000000000004,
    "H_eigenvalues": [
      -1.8019377358048383,
      -1.2469796037174672,
      -0.4450418679126287,
      0.4450418679126283,
      1.2469796037174667,
      1.8019377358048396
    ],
    "H_2cos_pik_over_7": [
      1.8019377358048383,
      1.2469796037174672,
      0.4450418679126289,
      -0.4450418679126287,
      -1.246979603717467,
      -1.801937735804838
    ],
    "sector_analysis": {
      "sector_name": "n_XY=3 at N=6",
      "target_re": -0.30000000000000004,
      "n_modes_in_sector": 728,
      "n_zero_im": 0,
      "unique_abs_im_values": [
        0.109916264,
        0.110924508,
        0.126701284,
        0.193497674,
        0.223960874,
        0.245043338,
        0.24556969,
        0.32821492,
        0.330789672,
        0.445041868,
        0.667127273,
        1.0,
        1.129286057,
        1.134341639,
        1.246979604,
        1.438605973,
        1.440097543,
        1.471308616,
        1.55549958,
        1.576210669,
        1.801937736,
        1.910638763,
        1.926752572,
        1.993882201,
        2.157262557,
        2.163632267,
        2.5948145,
        2.603070781,
        2.603875472,
        2.800520688,
        2.800570907,
        3.24006237,
        3.409332083,
        3.476206639,
        3.483792679,
        3.493959207,
        3.844824851,
        3.848516134,
        3.92679826,
        3.931948124,
        3.965054147,
        4.403705145,
        4.405487854,
        4.729047101,
        4.737793117,
        5.179093678,
        5.212395625,
        5.279479746,
        5.29363902,
        5.65033952,
        5.733806514,
        6.538785656,
        6.982266575
      ]
    }
  }
}