{
  "mode": "hardware",
  "timestamp": "20260531_060943",
  "backend": "ibm_kingston",
  "chain": [
    13,
    14,
    15
  ],
  "J_rad_per_us": 1.5,
  "dt_us": 0.5,
  "ts_us": [
    0.0,
    1.0,
    2.0,
    3.0,
    4.0,
    5.0,
    6.0,
    7.0,
    8.0,
    9.0,
    10.0,
    11.0,
    12.0,
    13.0,
    14.0,
    15.0,
    16.0,
    17.0,
    18.0,
    19.0,
    20.0
  ],
  "shots": 4096,
  "job_id": "d8dr7dfd0j8c73f4man0",
  "pops": [
    [
      0.9921875,
      0.028076171875,
      0.0166015625
    ],
    [
      0.0830078125,
      0.171630859375,
      0.773193359375
    ],
    [
      0.126953125,
      0.67431640625,
      0.234130859375
    ],
    [
      0.838623046875,
      0.106689453125,
      0.086181640625
    ],
    [
      0.1259765625,
      0.200439453125,
      0.69384765625
    ],
    [
      0.179443359375,
      0.604736328125,
      0.2431640625
    ],
    [
      0.715576171875,
      0.167236328125,
      0.1669921875
    ],
    [
      0.196044921875,
      0.244140625,
      0.605712890625
    ],
    [
      0.215576171875,
      0.57421875,
      0.271484375
    ],
    [
      0.63037109375,
      0.201416015625,
      0.222412109375
    ],
    [
      0.252685546875,
      0.255615234375,
      0.5126953125
    ],
    [
      0.25439453125,
      0.523681640625,
      0.274658203125
    ],
    [
      0.524169921875,
      0.2451171875,
      0.284912109375
    ],
    [
      0.28515625,
      0.292236328125,
      0.45751953125
    ],
    [
      0.298583984375,
      0.486083984375,
      0.303955078125
    ],
    [
      0.47216796875,
      0.261962890625,
      0.361328125
    ],
    [
      0.345458984375,
      0.312744140625,
      0.405029296875
    ],
    [
      0.311767578125,
      0.45458984375,
      0.30908203125
    ],
    [
      0.4326171875,
      0.28564453125,
      0.38330078125
    ],
    [
      0.375732421875,
      0.34228515625,
      0.368896484375
    ],
    [
      0.339111328125,
      0.426025390625,
      0.338134765625
    ]
  ],
  "metrics": {
    "transfer": 0.773193359375,
    "swing": 0.68701171875,
    "survival": 1.02783203125,
    "t_idx_peak": 1
  }
}