{
  "mode": "simulate_ep_twirl",
  "timestamp": "20260531_063048",
  "chain": [
    13,
    14,
    15
  ],
  "J_rad_per_us": 1.5,
  "dt_us": 0.5,
  "K": 16,
  "seed": 12345,
  "probe_times": [
    1.0,
    2.0,
    3.0
  ],
  "gamma_local": [
    0.0009793932700605762,
    0.0013550396712048093,
    0.0029215509535959975
  ],
  "scan": [
    {
      "Q": 0.5,
      "gamma_inj": 2.9982480053683793,
      "sigma": 1.7315449764208781,
      "transfer_max_far": 0.4952357373605958,
      "revival_max_n0": 0.275971784215554,
      "pops": {
        "1.0": [
          0.4197822797321061,
          0.27480313672152734,
          0.30541458354636414
        ],
        "2.0": [
          0.24020615608463955,
          0.2645581065547582,
          0.4952357373605958
        ],
        "3.0": [
          0.275971784215554,
          0.2810127886016256,
          0.4430154271828108
        ]
      }
    },
    {
      "Q": 1.0,
      "gamma_inj": 1.4982480053683795,
      "sigma": 1.2240294136042562,
      "transfer_max_far": 0.3597977882961467,
      "revival_max_n0": 0.3379260764138563,
      "pops": {
        "1.0": [
          0.4022223490750472,
          0.2379798626288035,
          0.3597977882961467
        ],
        "2.0": [
          0.3379260764138563,
          0.3397622678779835,
          0.3223116557081538
        ],
        "3.0": [
          0.28182073289902804,
          0.388759059650076,
          0.3294202074508866
        ]
      }
    },
    {
      "Q": 1.5,
      "gamma_inj": 0.9982480053683795,
      "sigma": 0.999123618662065,
      "transfer_max_far": 0.4882890957214832,
      "revival_max_n0": 0.31399041408120326,
      "pops": {
        "1.0": [
          0.28073270555507884,
          0.23097819872343522,
          0.4882890957214832
        ],
        "2.0": [
          0.255456134313265,
          0.43205599700960073,
          0.31248786867712786
        ],
        "3.0": [
          0.31399041408120326,
          0.39441602010170684,
          0.2915935658170806
        ]
      }
    },
    {
      "Q": 2.5,
      "gamma_inj": 0.5982480053683795,
      "sigma": 0.7734649348020759,
      "transfer_max_far": 0.6733015709382355,
      "revival_max_n0": 0.5460385853707888,
      "pops": {
        "1.0": [
          0.16621518046194736,
          0.16048324859981472,
          0.6733015709382355
        ],
        "2.0": [
          0.16013802383943354,
          0.5153076310812515,
          0.3245543450793092
        ],
        "3.0": [
          0.5460385853707888,
          0.22251692622395294,
          0.23144448840524912
        ]
      }
    },
    {
      "Q": 5.0,
      "gamma_inj": 0.29824800536837953,
      "sigma": 0.5461208706581168,
      "transfer_max_far": 0.7100832886891808,
      "revival_max_n0": 0.6592615026898763,
      "pops": {
        "1.0": [
          0.1409482046545892,
          0.1489685066562275,
          0.7100832886891808
        ],
        "2.0": [
          0.18884292636119984,
          0.584230562454563,
          0.22692651118423082
        ],
        "3.0": [
          0.6592615026898763,
          0.2151071152762942,
          0.12563138203382004
        ]
      }
    },
    {
      "Q": 20.0,
      "gamma_inj": 0.07324800536837954,
      "sigma": 0.27064368710239584,
      "transfer_max_far": 0.8266842130965241,
      "revival_max_n0": 0.8417853730254796,
      "pops": {
        "1.0": [
          0.06031154432953702,
          0.11300424257393639,
          0.8266842130965241
        ],
        "2.0": [
          0.05740204265855974,
          0.6879903599400471,
          0.25460759740138744
        ],
        "3.0": [
          0.8417853730254796,
          0.1042303809672263,
          0.053984246007284555
        ]
      }
    }
  ]
}