{
  "mode": "simulate",
  "timestamp": "20260531_060202",
  "chain": [
    13,
    14,
    15
  ],
  "J_rad_per_us": 1.5,
  "dt_us": 0.5,
  "T1_us": [
    214.21100296452545,
    172.02809281940694,
    180.58565560636745
  ],
  "T2_us": [
    301.79200376123225,
    234.6568616415871,
    175.73703661303162
  ],
  "gamma_phi_local": [
    0.0009793932700605762,
    0.0013550396712048093,
    0.0029215509535959975
  ],
  "part_A_ts": [
    0.0,
    1.0,
    2.0,
    3.0,
    4.0,
    5.0,
    6.0,
    7.0,
    8.0,
    9.0,
    10.0,
    11.0,
    12.0,
    13.0,
    14.0,
    15.0,
    16.0,
    17.0,
    18.0,
    19.0,
    20.0
  ],
  "part_B_ts": [
    0.0,
    0.5,
    1.0,
    1.5,
    2.0,
    2.5,
    3.0,
    3.5,
    4.0,
    4.5,
    5.0,
    5.5,
    6.0,
    6.5,
    7.0,
    7.5,
    8.0
  ],
  "part_A": {
    "ideal_pops": [
      [
        1.0,
        0.0,
        0.0
      ],
      [
        0.03818232378575398,
        0.09937056198253419,
        0.8624471142317232
      ],
      [
        0.03897430020150775,
        0.7473003809292564,
        0.21372531886925838
      ],
      [
        0.9999898962358096,
        8.738086649495108e-06,
        1.3656775749222034e-06
      ],
      [
        0.037400435711033006,
        0.09800495066321634,
        0.8645946136257959
      ],
      [
        0.0397764110620903,
        0.7486444277752226,
        0.21157916116274403
      ],
      [
        0.9999595854399066,
        3.49109828251196e-05,
        5.503577336626414e-06
      ],
      [
        0.03662858937863943,
        0.09664297736065558,
        0.8667284332607843
      ],
      [
        0.04058870197091883,
        0.7499673943636739,
        0.2094439036654981
      ],
      [
        0.9999090691024591,
        7.845571192570927e-05,
        1.2475185716986782e-05
      ],
      [
        0.035866737700468096,
        0.0952847898798332,
        0.8688484724198121
      ],
      [
        0.04141121802559621,
        0.7512691967209906,
        0.20731958525353797
      ],
      [
        0.9998383497069733,
        0.00013930806082528894,
        2.2342232337173955e-05
      ],
      [
        0.03511483310454768,
        0.09393053593248493,
        0.8709546309631139
      ],
      [
        0.04224400381250269,
        0.7525497522033369,
        0.2052062439843181
      ],
      [
        0.9997474307301282,
        0.0002174025858620692,
        3.5166684178273655e-05
      ],
      [
        0.03437282754060831,
        0.09258036312511049,
        0.8730468093344611
      ],
      [
        0.04308710340142487,
        0.7538089795026026,
        0.20310391709616393
      ],
      [
        0.9996363166415525,
        0.000312672618922246,
        5.101073972797932e-05
      ],
      [
        0.03364067248567863,
        0.09123441894698359,
        0.8751249085675515
      ],
      [
        0.04394056034021698,
        0.7550467986522446,
        0.20101264100776356
      ]
    ],
    "kingston_pops": [
      [
        0.9998506257404632,
        0.0,
        0.0
      ],
      [
        0.040523975953150604,
        0.1012091050344382,
        0.8520014968396488
      ],
      [
        0.04285993043217821,
        0.7312852342638875,
        0.21475098992593938
      ],
      [
        0.9678449007968302,
        0.01002179478250917,
        0.007348812253038036
      ],
      [
        0.04649000060436709,
        0.10453716603820948,
        0.828254698688536
      ],
      [
        0.050225968297348156,
        0.7111949066367661,
        0.21315553994163597
      ],
      [
        0.9370712149992672,
        0.019508851951433225,
        0.014409064181587166
      ],
      [
        0.05218602463213505,
        0.10773656516894116,
        0.805310256835076
      ],
      [
        0.0572371151899827,
        0.6917933546639027,
        0.2116267472315515
      ],
      [
        0.9074821221330457,
        0.02848841876849896,
        0.021190830393716577
      ],
      [
        0.057623829133958006,
        0.11081160621975526,
        0.7831420741109724
      ],
      [
        0.06390841101927452,
        0.673059138066024,
        0.21016104144579784
      ],
      [
        0.879032000851892,
        0.036986375933318,
        0.02770389099611745
      ],
      [
        0.06281470258982715,
        0.11376644868748716,
        0.7617248536614099
      ],
      [
        0.07025432985855483,
        0.6549713267990328,
        0.2087550732700066
      ],
      [
        0.8516769845014057,
        0.04502730667128891,
        0.03395773677952769
      ],
      [
        0.0677694599941642,
        0.1166051149844,
        0.7410340765034092
      ],
      [
        0.07628879777871804,
        0.637509501290464,
        0.20740569999214292
      ],
      [
        0.8253748936606949,
        0.05263456221872448,
        0.0399615745821641
      ],
      [
        0.07249846135918533,
        0.11933149703491537,
        0.7210459796411309
      ],
      [
        0.08202521034056015,
        0.6206537513978585,
        0.20610997202276887
      ]
    ],
    "metrics_ideal": {
      "transfer": 0.8751249085675515,
      "swing": 0.6741122675597879,
      "survival": 1.0000000000002138,
      "t_idx_peak": 19
    },
    "metrics_kingston": {
      "transfer": 0.8520014968396488,
      "swing": 0.8446526845866107,
      "survival": 0.9937345778272375,
      "t_idx_peak": 1
    }
  },
  "part_B_scan": [
    {
      "Q": 0.5,
      "gamma_inj": 2.9982480053683793,
      "transfer": 0.3374323490853439,
      "swing": 0.004119467397545706,
      "survival": 0.9999999999955248,
      "t_idx_peak": 3
    },
    {
      "Q": 1.0,
      "gamma_inj": 1.4982480053683795,
      "transfer": 0.42008088694587614,
      "swing": 0.0967526850840626,
      "survival": 0.999999999997017,
      "t_idx_peak": 2
    },
    {
      "Q": 1.5,
      "gamma_inj": 0.9982480053683795,
      "transfer": 0.502501924429227,
      "swing": 0.20414385028702964,
      "survival": 0.9999999999970172,
      "t_idx_peak": 2
    },
    {
      "Q": 2.5,
      "gamma_inj": 0.5982480053683795,
      "transfer": 0.6055257122799491,
      "swing": 0.3605180476198372,
      "survival": 0.9999999999970193,
      "t_idx_peak": 2
    },
    {
      "Q": 5.0,
      "gamma_inj": 0.29824800536837953,
      "transfer": 0.7148553185723381,
      "swing": 0.5544023186321131,
      "survival": 0.9999999999970184,
      "t_idx_peak": 2
    },
    {
      "Q": 20.0,
      "gamma_inj": 0.07324800536837954,
      "transfer": 0.8212915938862992,
      "swing": 0.7712882866255308,
      "survival": 0.9999999999970188,
      "t_idx_peak": 2
    }
  ]
}