{
  "N": 4,
  "j_uniform": 1.0,
  "dJ_extract": 0.01,
  "sector_dim": 25,
  "full_dim": 256,
  "s_values": [
    -0.03,
    -0.02,
    -0.01,
    0.0,
    0.01,
    0.02,
    0.03
  ],
  "probe_states": [
    "psi1+vac",
    "psi2+vac"
  ],
  "gamma_anti_direction": [
    -1.0,
    -0.33333333333333337,
    0.33333333333333326,
    1.0
  ],
  "gamma_sym_profiles": {
    "uniform_0.05": [
      0.05,
      0.05,
      0.05,
      0.05
    ],
    "uniform_0.08": [
      0.08,
      0.08,
      0.08,
      0.08
    ],
    "uniform_0.11": [
      0.11,
      0.11,
      0.11,
      0.11
    ],
    "valley_nonuniform": [
      0.11,
      0.07666666666666666,
      0.07666666666666666,
      0.11
    ]
  },
  "c1": {
    "uniform_0.05": {
      "-0.03": {
        "bond0": {
          "psi1+vac": 1.535053539553418,
          "psi2+vac": 0.8669462538251111
        },
        "bond1": {
          "psi1+vac": -0.21799514749121393,
          "psi2+vac": 0.014770121214672388
        },
        "bond2": {
          "psi1+vac": 0.28603849502256057,
          "psi2+vac": 0.908150102562884
        }
      },
      "-0.02": {
        "bond0": {
          "psi1+vac": 1.329505171718252,
          "psi2+vac": 0.8797044599282795
        },
        "bond1": {
          "psi1+vac": -0.26897308465021214,
          "psi2+vac": -0.15755606421060053
        },
        "bond2": {
          "psi1+vac": 0.4779429942587487,
          "psi2+vac": 0.9070312874906648
        }
      },
      "-0.01": {
        "bond0": {
          "psi1+vac": 1.115253181741229,
          "psi2+vac": 0.8894351092371754
        },
        "bond1": {
          "psi1+vac": -0.3005481476490637,
          "psi2+vac": -0.27135705410316613
        },
        "bond2": {
          "psi1+vac": 0.6835210672816006,
          "psi2+vac": 0.9036939948481967
        }
      },
      "+0.00": {
        "bond0": {
          "psi1+vac": 0.8978901610994378,
          "psi2+vac": 0.8975490450471176
        },
        "bond1": {
          "psi1+vac": -0.3112461470415561,
          "psi2+vac": -0.3112461470511762
        },
        "bond2": {
          "psi1+vac": 0.8978901610363136,
          "psi2+vac": 0.8975490450568259
        }
      },
      "+0.01": {
        "bond0": {
          "psi1+vac": 0.6835210673166189,
          "psi2+vac": 0.9036939950029094
        },
        "bond1": {
          "psi1+vac": -0.3005481476485913,
          "psi2+vac": -0.2713570540948242
        },
        "bond2": {
          "psi1+vac": 1.1152531817578537,
          "psi2+vac": 0.8894351092312134
        }
      },
      "+0.02": {
        "bond0": {
          "psi1+vac": 0.47794299426756814,
          "psi2+vac": 0.9070312875204508
        },
        "bond1": {
          "psi1+vac": -0.26897308462988395,
          "psi2+vac": -0.1575560642097183
        },
        "bond2": {
          "psi1+vac": 1.3295051713589217,
          "psi2+vac": 0.8797044598645328
        }
      },
      "+0.03": {
        "bond0": {
          "psi1+vac": 0.2860384950463342,
          "psi2+vac": 0.9081501025900434
        },
        "bond1": {
          "psi1+vac": -0.2179951474851438,
          "psi2+vac": 0.014770121219346384
        },
        "bond2": {
          "psi1+vac": 1.5350535395554488,
          "psi2+vac": 0.8669462536954411
        }
      }
    },
    "uniform_0.08": {
      "-0.03": {
        "bond0": {
          "psi1+vac": 1.2898468308979048,
          "psi2+vac": 1.011323961761126
        },
        "bond1": {
          "psi1+vac": -0.2539588608435048,
          "psi2+vac": -0.19063478663909972
        },
        "bond2": {
          "psi1+vac": 0.6468354809626381,
          "psi2+vac": 0.940295688775751
        }
      },
      "-0.02": {
        "bond0": {
          "psi1+vac": 1.1859389453249067,
          "psi2+vac": 0.9956942788885098
        },
        "bond1": {
          "psi1+vac": -0.29196002248755365,
          "psi2+vac": -0.2628315145463047
        },
        "bond2": {
          "psi1+vac": 0.7518977028057388,
          "psi2+vac": 0.9487229816110835
        }
      },
      "-0.01": {
        "bond0": {
          "psi1+vac": 1.0785823400593404,
          "psi2+vac": 0.9812542051514229
        },
        "bond1": {
          "psi1+vac": -0.31510963832963224,
          "psi2+vac": -0.30767587994909135
        },
        "bond2": {
          "psi1+vac": 0.8598963151803237,
          "psi2+vac": 0.9581884504172522
        }
      },
      "+0.00": {
        "bond0": {
          "psi1+vac": 0.9693381181390194,
          "psi2+vac": 0.9688312057177197
        },
        "bond1": {
          "psi1+vac": -0.32288573212494115,
          "psi2+vac": -0.32288573215153593
        },
        "bond2": {
          "psi1+vac": 0.9693381179556572,
          "psi2+vac": 0.9688312058241068
        }
      },
      "+0.01": {
        "bond0": {
          "psi1+vac": 0.8598963152296326,
          "psi2+vac": 0.9581884503638805
        },
        "bond1": {
          "psi1+vac": -0.31510963829082356,
          "psi2+vac": -0.30767587994696827
        },
        "bond2": {
          "psi1+vac": 1.078582340020256,
          "psi2+vac": 0.9812542052359076
        }
      },
      "+0.02": {
        "bond0": {
          "psi1+vac": 0.7518977028390937,
          "psi2+vac": 0.9487229816325673
        },
        "bond1": {
          "psi1+vac": -0.29196002247959,
          "psi2+vac": -0.26283151453273956
        },
        "bond2": {
          "psi1+vac": 1.1859389447329844,
          "psi2+vac": 0.9956942789143736
        }
      },
      "+0.03": {
        "bond0": {
          "psi1+vac": 0.6468354810381154,
          "psi2+vac": 0.9402956887977428
        },
        "bond1": {
          "psi1+vac": -0.2539588608423384,
          "psi2+vac": -0.19063478663786793
        },
        "bond2": {
          "psi1+vac": 1.289846830407014,
          "psi2+vac": 1.0113239616235885
        }
      }
    },
    "uniform_0.11": {
      "-0.03": {
        "bond0": {
          "psi1+vac": 1.193699060482472,
          "psi2+vac": 0.9810146143982821
        },
        "bond1": {
          "psi1+vac": -0.27454335289067955,
          "psi2+vac": -0.26606980281018994
        },
        "bond2": {
          "psi1+vac": 0.7881325658536998,
          "psi2+vac": 1.023289609477032
        }
      },
      "-0.02": {
        "bond0": {
          "psi1+vac": 1.1284577339701125,
          "psi2+vac": 0.9786341492749001
        },
        "bond1": {
          "psi1+vac": -0.3018080913514676,
          "psi2+vac": -0.2981757227848778
        },
        "bond2": {
          "psi1+vac": 0.8550790631017633,
          "psi2+vac": 1.0142435374807715
        }
      },
      "-0.01": {
        "bond0": {
          "psi1+vac": 1.0610730652355973,
          "psi2+vac": 0.9827319805784817
        },
        "bond1": {
          "psi1+vac": -0.3182949285839477,
          "psi2+vac": -0.3174093024815366
        },
        "bond2": {
          "psi1+vac": 0.9234763340528276,
          "psi2+vac": 1.0029955771876768
        }
      },
      "+0.00": {
        "bond0": {
          "psi1+vac": 0.9924348049253221,
          "psi2+vac": 0.9916423946615439
        },
        "bond1": {
          "psi1+vac": -0.3238121504049094,
          "psi2+vac": -0.3238121503829701
        },
        "bond2": {
          "psi1+vac": 0.9924348049101309,
          "psi2+vac": 0.9916423947081809
        }
      },
      "+0.01": {
        "bond0": {
          "psi1+vac": 0.9234763340372123,
          "psi2+vac": 1.002995577186983
        },
        "bond1": {
          "psi1+vac": -0.318294928566526,
          "psi2+vac": -0.317409302538419
        },
        "bond2": {
          "psi1+vac": 1.0610730653329485,
          "psi2+vac": 0.9827319806306872
        }
      },
      "+0.02": {
        "bond0": {
          "psi1+vac": 0.8550790630037753,
          "psi2+vac": 1.0142435374712155
        },
        "bond1": {
          "psi1+vac": -0.301808091374757,