{
  "3": {
    "N": 3,
    "j_uniform": 1.0,
    "dJ_extract": 0.01,
    "sector_dim": 16,
    "full_dim": 64,
    "s_values": [
      -0.03,
      -0.02,
      -0.01,
      0.0,
      0.01,
      0.02,
      0.03
    ],
    "probe_states": [
      "psi1+vac",
      "psi2+vac"
    ],
    "gamma_anti_direction": [
      -1.0,
      0.0,
      1.0
    ],
    "gamma_sym_profiles": {
      "uniform_0.05": [
        0.05,
        0.05,
        0.05
      ],
      "uniform_0.08": [
        0.08,
        0.08,
        0.08
      ],
      "uniform_0.11": [
        0.11,
        0.11,
        0.11
      ],
      "valley_nonuniform": [
        0.11,
        0.06,
        0.11
      ]
    },
    "c1": {
      "uniform_0.05": {
        "-0.03": {
          "bond0": {
            "psi1+vac": 0.6573342951198219,
            "psi2+vac": 0.7381348699817762
          },
          "bond1": {
            "psi1+vac": 0.011273190468118546,
            "psi2+vac": 0.7794699237514132
          }
        },
        "-0.02": {
          "bond0": {
            "psi1+vac": 0.511291816825937,
            "psi2+vac": 0.6593697727089752
          },
          "bond1": {
            "psi1+vac": 0.08102355386860666,
            "psi2+vac": 0.6776998257396178
          }
        },
        "-0.01": {
          "bond0": {
            "psi1+vac": 0.37939688054262766,
            "psi2+vac": 0.5940958743675897
          },
          "bond1": {
            "psi1+vac": 0.16439103796442034,
            "psi2+vac": 0.6005600224646293
          }
        },
        "+0.00": {
          "bond0": {
            "psi1+vac": 0.26356707083796693,
            "psi2+vac": 0.5696642733680517
          },
          "bond1": {
            "psi1+vac": 0.2635670708383959,
            "psi2+vac": 0.5696642734109073
          }
        },
        "+0.01": {
          "bond0": {
            "psi1+vac": 0.16439103796000248,
            "psi2+vac": 0.6005600224310721
          },
          "bond1": {
            "psi1+vac": 0.3793968805304865,
            "psi2+vac": 0.5940958743754213
          }
        },
        "+0.02": {
          "bond0": {
            "psi1+vac": 0.08102355388072482,
            "psi2+vac": 0.6776998257389557
          },
          "bond1": {
            "psi1+vac": 0.5112918168290556,
            "psi2+vac": 0.6593697727212408
          }
        },
        "+0.03": {
          "bond0": {
            "psi1+vac": 0.01127319048687971,
            "psi2+vac": 0.7794699237484749
          },
          "bond1": {
            "psi1+vac": 0.6573342951079834,
            "psi2+vac": 0.7381348699993607
          }
        }
      },
      "uniform_0.08": {
        "-0.03": {
          "bond0": {
            "psi1+vac": 0.49969545483960026,
            "psi2+vac": 0.7211002421109142
          },
          "bond1": {
            "psi1+vac": 0.14789547043240264,
            "psi2+vac": 0.6746461237542966
          }
        },
        "-0.02": {
          "bond0": {
            "psi1+vac": 0.42225491916860824,
            "psi2+vac": 0.6689543045759783
          },
          "bond1": {
            "psi1+vac": 0.18787068182752045,
            "psi2+vac": 0.6334386101321663
          }
        },
        "-0.01": {
          "bond0": {
            "psi1+vac": 0.35213923741312547,
            "psi2+vac": 0.629356236742222
          },
          "bond1": {
            "psi1+vac": 0.23499182653585973,
            "psi2+vac": 0.6105642282319869
          }
        },
        "+0.00": {
          "bond0": {
            "psi1+vac": 0.28969028443463546,
            "psi2+vac": 0.6089264662717333
          },
          "bond1": {
            "psi1+vac": 0.2896902844535483,
            "psi2+vac": 0.6089264662545648
          }
        },
        "+0.01": {
          "bond0": {
            "psi1+vac": 0.23499182668872126,
            "psi2+vac": 0.6105642283152497
          },
          "bond1": {
            "psi1+vac": 0.35213923739553543,
            "psi2+vac": 0.6293562367161502
          }
        },
        "+0.02": {
          "bond0": {
            "psi1+vac": 0.18787068190792122,
            "psi2+vac": 0.6334386100956885
          },
          "bond1": {
            "psi1+vac": 0.42225491915520164,
            "psi2+vac": 0.6689543046108071
          }
        },
        "+0.03": {
          "bond0": {
            "psi1+vac": 0.14789547048459895,
            "psi2+vac": 0.674646123870756
          },
          "bond1": {
            "psi1+vac": 0.49969545485556466,
            "psi2+vac": 0.7211002421304835
          }
        }
      },
      "uniform_0.11": {
        "-0.03": {
          "bond0": {
            "psi1+vac": 0.4392149868676499,
            "psi2+vac": 0.654486978173113
          },
          "bond1": {
            "psi1+vac": 0.20189136002726635,
            "psi2+vac": 0.6764056931570984
          }
        },
        "-0.02": {
          "bond0": {
            "psi1+vac": 0.3876439704183861,
            "psi2+vac": 0.6269663254119995
          },
          "bond1": {
            "psi1+vac": 0.22910710287280547,
            "psi2+vac": 0.6496321992730285
          }
        },
        "-0.01": {
          "bond0": {
            "psi1+vac": 0.340664099072195,
            "psi2+vac": 0.6142100298923906
          },
          "bond1": {
            "psi1+vac": 0.26130680800358796,
            "psi2+vac": 0.6284644711303673
          }
        },
        "+0.00": {
          "bond0": {
            "psi1+vac": 0.2985125999889841,
            "psi2+vac": 0.6155699055380822
          },
          "bond1": {
            "psi1+vac": 0.2985125999257389,
            "psi2+vac": 0.6155699053473817
          }
        },
        "+0.01": {
          "bond0": {
            "psi1+vac": 0.26130680804544665,
            "psi2+vac": 0.628464471300299
          },
          "bond1": {
            "psi1+vac": 0.3406640990819335,
            "psi2+vac": 0.6142100298160711
          }
        },
        "+0.02": {
          "bond0": {
            "psi1+vac": 0.22910710286743247,
            "psi2+vac": 0.6496321961334893
          },
          "bond1": {
            "psi1+vac": 0.3876439703726816,
            "psi2+vac": 0.6269663253178079
          }
        },
        "+0.03": {
          "bond0": {
            "psi1+vac": 0.20189136007985123,
            "psi2+vac": 0.6764056934969122
          },
          "bond1": {
            "psi1+vac": 0.4392149869030943,
            "psi2+vac": 0.6544869780136712
          }
        }
      },
      "valley_nonuniform": {
        "-0.03": {
          "bond0": {
            "psi1+vac": 0.45300807650405117,
            "psi2+vac": 1.1334953272671915
          },
          "bond1": {
            "psi1+vac": 0.018966418920517796,
            "psi2+vac": 0.6339562512402978
          }
        },
        "-0.02": {
          "bond0": {
            "psi1+vac": 0.36564310163759933,
            "psi2+vac": 1.035393359797512
          },
          "bond1": {
            "psi1+vac": 0.07642395910664684,
            "psi2+vac": 0.6884199060702971
          }
        },
        "-0.01": {
          "bond0": {
            "psi1+vac": 0.28424143027519033,
            "psi2+vac": 0.9368934498319073
          },
          "bond1": {
            "psi1+vac": 0.13965762325051215,
            "psi2+vac": 0.7591714696318426
          }
        },
        "+0.00": {
          "bond0": {
            "psi1+vac": 0.20890655886764384,
            "psi2+vac": 0.8432688848369002
          },
          "bond1": {
            "psi1+vac": 0.2089065588919972,
            "psi2+vac": 0.8432688847908912
          }
        },
        "+0.01": {
          "bond0": {
            "psi1+vac": 0.1396576232212359,
            "psi2+vac": 0.7591714696537971
          },
          "bond1": {
            "psi1+vac": 0.28424143027379134,
            "psi2+vac": 0.9368934497461898
          }
        },
        "+0.02": {
          "bond0": {
            "psi1+vac": 0.07642395911153187,