{
  "N": 3,
  "TopologyName": "chain (2 bonds)",
  "TotalWallSeconds": 0.0010590553283691406,
  "ComputeSpectrumWallSeconds": 0.0,
  "MaxPairingDistance": 1.8894451815653916e-15,
  "MeanPairingDistance": 3.6623654589908237e-16,
  "MedianPairingDistance": 3.1646225226420963e-16,
  "P99PairingDistance": 1.8785582284031375e-15,
  "MinPairingDistance": 0.0,
  "OutlierPairCount": 0,
  "SpectrumSize": 64,
  "MinReal": -0.30000000000000193,
  "MaxReal": 1.7299969632301697e-17,
  "MinImag": -0.15000000000000008,
  "MaxImag": 0.1500000000000009,
  "DissipationGap": 0.026966700338217527,
  "KernelDimension": 4,
  "PureImaginaryCount": 0,
  "RealEigenvalueCount": 32,
  "DistinctBinnedEigenvalueCount": 26,
  "JValue": 0.1,
  "GammaValue": 0.05,
  "SigmaShift": -0.30000000000000004,
  "ComputedBy": "python_dense_eig_anchor",
  "Q": 2.0
}