{
  "N": 5,
  "TopologyName": "chain (4 bonds)",
  "TotalWallSeconds": 2.2430431842803955,
  "ComputeSpectrumWallSeconds": 2.1083483695983887,
  "MaxPairingDistance": 8.887333578484258e-15,
  "MeanPairingDistance": 1.806437956245781e-15,
  "MedianPairingDistance": 1.5408351640223589e-15,
  "P99PairingDistance": 5.603582170438381e-15,
  "MinPairingDistance": 6.736447626009013e-17,
  "OutlierPairCount": 0,
  "SpectrumSize": 1024,
  "MinReal": -0.5,
  "MaxReal": 8.722624140309986e-16,
  "MinImag": -0.2195914689988497,
  "MaxImag": 0.21959146899885187,
  "DissipationGap": 0.005123190323785038,
  "KernelDimension": 6,
  "PureImaginaryCount": 0,
  "RealEigenvalueCount": 176,
  "DistinctBinnedEigenvalueCount": 488,
  "JValue": 0.07500000000000001,
  "GammaValue": 0.05,
  "SigmaShift": -0.5,
  "ComputedBy": "python_dense_eig_anchor",
  "Q": 1.5
}