{
  "N": 4,
  "TopologyName": "chain (3 bonds)",
  "TotalWallSeconds": 0.22409725189208984,
  "ComputeSpectrumWallSeconds": 0.21609711647033691,
  "MaxPairingDistance": 3.3103687685155823e-15,
  "MeanPairingDistance": 1.060256771934652e-15,
  "MedianPairingDistance": 1.027290725830073e-15,
  "P99PairingDistance": 2.9917804608691636e-15,
  "MinPairingDistance": 0.0,
  "OutlierPairCount": 0,
  "SpectrumSize": 256,
  "MinReal": -0.4000000000000012,
  "MaxReal": 2.466952175907564e-16,
  "MinImag": -0.23660254037844453,
  "MaxImag": 0.23660254037844367,
  "DissipationGap": 0.013615633940247418,
  "KernelDimension": 5,
  "PureImaginaryCount": 0,
  "RealEigenvalueCount": 64,
  "DistinctBinnedEigenvalueCount": 127,
  "JValue": 0.1,
  "GammaValue": 0.05,
  "SigmaShift": -0.4,
  "ComputedBy": "python_dense_eig_anchor",
  "Q": 2.0
}