{
  "N": 6,
  "TopologyName": "ring (6 bonds)",
  "TotalWallSeconds": 39.20714998245239,
  "ComputeSpectrumWallSeconds": 36.57986116409302,
  "MaxPairingDistance": 0.003338036875387433,
  "MeanPairingDistance": 3.2598024034680014e-06,
  "MedianPairingDistance": 2.4721553962011215e-15,
  "P99PairingDistance": 9.694804440832517e-15,
  "MinPairingDistance": 2.7755575615628914e-17,
  "OutlierPairCount": 10,
  "SpectrumSize": 4096,
  "MinReal": -0.6000000000000042,
  "MaxReal": 5.708097102629161e-16,
  "MinImag": -0.43027756377319887,
  "MaxImag": 0.43027756377319903,
  "DissipationGap": 0.022997963211755967,
  "KernelDimension": 7,
  "PureImaginaryCount": 0,
  "RealEigenvalueCount": 386,
  "DistinctBinnedEigenvalueCount": 1433,
  "JValue": 0.1,
  "GammaValue": 0.05,
  "SigmaShift": -0.6000000000000001,
  "ComputedBy": "python_dense_eig_anchor",
  "Q": 2.0
}