{
  "N": 4,
  "TopologyName": "ring (4 bonds)",
  "TotalWallSeconds": 0.1780686378479004,
  "ComputeSpectrumWallSeconds": 0.1685478687286377,
  "MaxPairingDistance": 3.456794174320718e-15,
  "MeanPairingDistance": 7.586139944172464e-16,
  "MedianPairingDistance": 5.825289712761707e-16,
  "P99PairingDistance": 2.8344680904899584e-15,
  "MinPairingDistance": 2.783191535560143e-17,
  "OutlierPairCount": 0,
  "SpectrumSize": 256,
  "MinReal": -0.40000000000000113,
  "MaxReal": 0.0,
  "MinImag": -0.22499999999999992,
  "MaxImag": 0.2250000000000002,
  "DissipationGap": 0.02413154155546532,
  "KernelDimension": 5,
  "PureImaginaryCount": 0,
  "RealEigenvalueCount": 80,
  "DistinctBinnedEigenvalueCount": 73,
  "JValue": 0.07500000000000001,
  "GammaValue": 0.05,
  "SigmaShift": -0.4,
  "ComputedBy": "python_dense_eig_anchor",
  "Q": 1.5
}