{
  "N": 6,
  "TopologyName": "ring (6 bonds)",
  "TotalWallSeconds": 39.193434953689575,
  "ComputeSpectrumWallSeconds": 36.54752779006958,
  "MaxPairingDistance": 1.211718441739984e-14,
  "MeanPairingDistance": 2.7590955982335876e-15,
  "MedianPairingDistance": 2.417604618974733e-15,
  "P99PairingDistance": 8.37612734807012e-15,
  "MinPairingDistance": 4.85722573273506e-17,
  "OutlierPairCount": 0,
  "SpectrumSize": 4096,
  "MinReal": -0.6000000000000001,
  "MaxReal": 1.3176016725159492e-15,
  "MinImag": -0.3227081728299008,
  "MaxImag": 0.3227081728299032,
  "DissipationGap": 0.013369245463192288,
  "KernelDimension": 7,
  "PureImaginaryCount": 0,
  "RealEigenvalueCount": 442,
  "DistinctBinnedEigenvalueCount": 1423,
  "JValue": 0.07500000000000001,
  "GammaValue": 0.05,
  "SigmaShift": -0.6000000000000001,
  "ComputedBy": "python_dense_eig_anchor",
  "Q": 1.5
}