{
  "N": 5,
  "TopologyName": "ring (5 bonds)",
  "TotalWallSeconds": 2.595447540283203,
  "ComputeSpectrumWallSeconds": 2.4178080558776855,
  "MaxPairingDistance": 8.551251412599738e-15,
  "MeanPairingDistance": 1.7272363287118808e-15,
  "MedianPairingDistance": 1.44868418242168e-15,
  "P99PairingDistance": 5.389907066922247e-15,
  "MinPairingDistance": 0.0,
  "OutlierPairCount": 0,
  "SpectrumSize": 1024,
  "MinReal": -0.5000000000000033,
  "MaxReal": 3.024684849689802e-16,
  "MinImag": -0.23385254915624454,
  "MaxImag": 0.23385254915624396,
  "DissipationGap": 0.01858493971546952,
  "KernelDimension": 6,
  "PureImaginaryCount": 0,
  "RealEigenvalueCount": 176,
  "DistinctBinnedEigenvalueCount": 276,
  "JValue": 0.07500000000000001,
  "GammaValue": 0.05,
  "SigmaShift": -0.5,
  "ComputedBy": "python_dense_eig_anchor",
  "Q": 1.5
}