{
  "N": 5,
  "TopologyName": "ring (5 bonds)",
  "TotalWallSeconds": 2.5142109394073486,
  "ComputeSpectrumWallSeconds": 2.3639700412750244,
  "MaxPairingDistance": 9.50515780269556e-15,
  "MeanPairingDistance": 1.942977709447513e-15,
  "MedianPairingDistance": 1.7512972429544486e-15,
  "P99PairingDistance": 5.266250202865051e-15,
  "MinPairingDistance": 0.0,
  "OutlierPairCount": 0,
  "SpectrumSize": 1024,
  "MinReal": -0.5000000000000018,
  "MaxReal": 8.898094324944153e-16,
  "MinImag": -0.31180339887499103,
  "MaxImag": 0.3118033988749947,
  "DissipationGap": 0.03172879995475048,
  "KernelDimension": 6,
  "PureImaginaryCount": 0,
  "RealEigenvalueCount": 160,
  "DistinctBinnedEigenvalueCount": 276,
  "JValue": 0.1,
  "GammaValue": 0.05,
  "SigmaShift": -0.5,
  "ComputedBy": "python_dense_eig_anchor",
  "Q": 2.0
}