{
  "N": 3,
  "TopologyName": "ring (3 bonds)",
  "TotalWallSeconds": 0.0009953975677490234,
  "ComputeSpectrumWallSeconds": 0.0009953975677490234,
  "MaxPairingDistance": 6.665834635776306e-16,
  "MeanPairingDistance": 2.7569585912170853e-16,
  "MedianPairingDistance": 2.4057889954085796e-16,
  "P99PairingDistance": 6.578464802698084e-16,
  "MinPairingDistance": 0.0,
  "OutlierPairCount": 0,
  "SpectrumSize": 64,
  "MinReal": -0.30000000000000016,
  "MaxReal": 2.399676934217293e-17,
  "MinImag": -0.11250000000000013,
  "MaxImag": 0.11250000000000046,
  "DissipationGap": 0.04665247700319623,
  "KernelDimension": 4,
  "PureImaginaryCount": 0,
  "RealEigenvalueCount": 32,
  "DistinctBinnedEigenvalueCount": 14,
  "JValue": 0.07500000000000001,
  "GammaValue": 0.05,
  "SigmaShift": -0.30000000000000004,
  "ComputedBy": "python_dense_eig_anchor",
  "Q": 1.5
}