{
  "N": 4,
  "TopologyName": "star (3 bonds)",
  "TotalWallSeconds": 0.2728109359741211,
  "ComputeSpectrumWallSeconds": 0.2638208866119385,
  "MaxPairingDistance": 4.053917277000267e-15,
  "MeanPairingDistance": 9.86251516699904e-16,
  "MedianPairingDistance": 8.809263123306412e-16,
  "P99PairingDistance": 2.8359964810901188e-15,
  "MinPairingDistance": 0.0,
  "OutlierPairCount": 0,
  "SpectrumSize": 256,
  "MinReal": -0.40000000000000097,
  "MaxReal": 2.6447272206535474e-18,
  "MinImag": -0.20000000000000126,
  "MaxImag": 0.20000000000000095,
  "DissipationGap": 0.020986700466612915,
  "KernelDimension": 5,
  "PureImaginaryCount": 0,
  "RealEigenvalueCount": 62,
  "DistinctBinnedEigenvalueCount": 75,
  "JValue": 0.1,
  "GammaValue": 0.05,
  "SigmaShift": -0.4,
  "ComputedBy": "python_dense_eig_anchor",
  "Q": 2.0
}