{
  "N": 5,
  "TopologyName": "star (4 bonds)",
  "TotalWallSeconds": 2.9072394371032715,
  "ComputeSpectrumWallSeconds": 2.7717225551605225,
  "MaxPairingDistance": 6.4251609741647165e-15,
  "MeanPairingDistance": 1.7025607493894332e-15,
  "MedianPairingDistance": 1.4626424656167145e-15,
  "P99PairingDistance": 5.236375447245116e-15,
  "MinPairingDistance": 0.0,
  "OutlierPairCount": 0,
  "SpectrumSize": 1024,
  "MinReal": -0.5000000000000013,
  "MaxReal": 8.02088818401883e-16,
  "MinImag": -0.25000000000000266,
  "MaxImag": 0.2500000000000027,
  "DissipationGap": 0.016374146345792075,
  "KernelDimension": 6,
  "PureImaginaryCount": 0,
  "RealEigenvalueCount": 224,
  "DistinctBinnedEigenvalueCount": 202,
  "JValue": 0.1,
  "GammaValue": 0.05,
  "SigmaShift": -0.5,
  "ComputedBy": "python_dense_eig_anchor",
  "Q": 2.0
}