{
  "N": 3,
  "TopologyName": "star (2 bonds)",
  "TotalWallSeconds": 0.0,
  "ComputeSpectrumWallSeconds": 0.0,
  "MaxPairingDistance": 7.969765966820547e-16,
  "MeanPairingDistance": 3.034335555422748e-16,
  "MedianPairingDistance": 2.732431056774839e-16,
  "P99PairingDistance": 7.959860443360127e-16,
  "MinPairingDistance": 0.0,
  "OutlierPairCount": 0,
  "SpectrumSize": 64,
  "MinReal": -0.3000000000000005,
  "MaxReal": 4.4211914448435655e-17,
  "MinImag": -0.1500000000000004,
  "MaxImag": 0.15000000000000027,
  "DissipationGap": 0.026966700338217613,
  "KernelDimension": 4,
  "PureImaginaryCount": 0,
  "RealEigenvalueCount": 32,
  "DistinctBinnedEigenvalueCount": 26,
  "JValue": 0.1,
  "GammaValue": 0.05,
  "SigmaShift": -0.30000000000000004,
  "ComputedBy": "python_dense_eig_anchor",
  "Q": 2.0
}