{
  "N": 4,
  "TopologyName": "star (3 bonds)",
  "TotalWallSeconds": 0.21345782279968262,
  "ComputeSpectrumWallSeconds": 0.20645856857299805,
  "MaxPairingDistance": 3.912707810806187e-15,
  "MeanPairingDistance": 9.3636966517316e-16,
  "MedianPairingDistance": 8.325549539772888e-16,
  "P99PairingDistance": 3.2130600482862657e-15,
  "MinPairingDistance": 0.0,
  "OutlierPairCount": 0,
  "SpectrumSize": 256,
  "MinReal": -0.40000000000000135,
  "MaxReal": 2.643157645615078e-18,
  "MinImag": -0.15000000000000047,
  "MaxImag": 0.15000000000000127,
  "DissipationGap": 0.012690393760911111,
  "KernelDimension": 5,
  "PureImaginaryCount": 0,
  "RealEigenvalueCount": 64,
  "DistinctBinnedEigenvalueCount": 75,
  "JValue": 0.07500000000000001,
  "GammaValue": 0.05,
  "SigmaShift": -0.4,
  "ComputedBy": "python_dense_eig_anchor",
  "Q": 1.5
}