{
  "N": 5,
  "n": 1,
  "chromaticity": 2,
  "gamma_0": 0.05,
  "block_dim": 50,
  "t_peak": 5.0,
  "s_values": [
    -0.12,
    -0.08,
    -0.04,
    0.0,
    0.04,
    0.08,
    0.12
  ],
  "j_anti_direction": [
    -1.0,
    -0.33333333333333337,
    0.33333333333333326,
    1.0
  ],
  "j_sym_shapes": {
    "uniform": [
      1.0,
      1.0,
      1.0,
      1.0
    ],
    "valley_nonuniform": [
      1.2,
      0.9333333333333333,
      0.9333333333333332,
      1.2
    ]
  },
  "qpeak": {
    "uniform": {
      "-0.12": [
        2.4272123124686744,
        1.5782056658394976,
        1.6483428098387911,
        2.807804433711969
      ],
      "-0.08": [
        2.4915590434575097,
        1.589845720009794,
        1.6367035825598728,
        2.74770734208065
      ],
      "-0.04": [
        2.5564925054302097,
        1.601570313256998,
        1.6250028985671356,
        2.685300514721489
      ],
      "+0.00": [
        2.621313370795117,
        1.6132796122755855,
        1.613279612276326,
        2.6213133707966634
      ],
      "+0.04": [
        2.6853005147225635,
        1.625002898570701,
        1.6015703132564885,
        2.55649250543201
      ],
      "+0.08": [
        2.747707342079898,
        1.6367035825613143,
        1.5898457200100697,
        2.491559043458069
      ],
      "+0.12": [
        2.8078044337126595,
        1.648342809836115,
        1.578205665839685,
        2.4272123124649725
      ]
    },
    "valley_nonuniform": {
      "-0.12": [
        2.2035229240400636,
        1.450532907246103,
        1.503252947219188,
        2.6039221649014435
      ],
      "-0.08": [
        2.264271097775029,
        1.4594586469327417,
        1.4946701433652614,
        2.531668789266792
      ],
      "-0.04": [
        2.3275405434185785,
        1.4683344721148652,
        1.485972523601619,
        2.461405329299645
      ],
      "+0.00": [
        2.3932929919005796,
        1.4771926969536078,
        1.4771926969535765,
        2.3932929918974666
      ],
      "+0.04": [
        2.461405329300008,
        1.4859725236012147,
        1.4683344721141316,
        2.3275405434183383
      ],
      "+0.08": [
        2.5316687892683603,
        1.4946701433641403,
        1.4594586469330864,
        2.2642710977765113
      ],
      "+0.12": [
        2.6039221649022357,
        1.503252947219228,
        1.4505329072476005,
        2.203522924039475
      ]
    }
  },
  "analysis": {
    "passed": true,
    "criterion_a_palindromic_survival_maxabs": 3.113065361048939e-12,
    "criterion_b_oddness_residual_maxabs": 4.392486374626969e-12,
    "even_power_const_maxabs": 1.3566780433172701e-12,
    "even_power_quad_maxabs": 2.2562804799112054e-10,
    "criterion_c_typ_D_informative": 0.4003992408627606,
    "n_informative_records": 4,
    "criterion_d_max_rel_kappa_spread": 0.24808015756220647,
    "records": [
      {
        "shape": "uniform",
        "pair": [
          0,
          3
        ],
        "D_at_s0": -1.546318628697918e-12,
        "oddness_residual": 4.392486374626969e-12,
        "kappa": 3.226145610948179,
        "const": -1.3284325893504498e-12,
        "quad": 2.2562804799112054e-10,
        "cubic": -3.7883564825608365,
        "D_typ_max": 0.38059212124768704,
        "informative": true
      },
      {
        "shape": "uniform",
        "pair": [
          1,
          2
        ],
        "D_at_s0": -7.405187574249794e-13,
        "oddness_residual": 4.0749625895841746e-12,
        "kappa": 0.5864185656840338,
        "const": 1.3566780433172701e-12,
        "quad": -1.7544745418390002e-10,
        "cubic": -0.1330762716797168,
        "D_typ_max": 0.07013714399643001,
        "informative": true
      },
      {
        "shape": "valley_nonuniform",
        "pair": [
          0,
          3
        ],
        "D_at_s0": 3.113065361048939e-12,
        "oddness_residual": 1.3806733534238447e-12,
        "kappa": 3.3474245262112743,
        "const": 1.0908561457545093e-12,
        "quad": -5.4757785607405045e-11,
        "cubic": -0.7493372492223718,
        "D_typ_max": 0.4003992408627606,
        "informative": true
      },
      {
        "shape": "valley_nonuniform",
        "pair": [
          1,
          2
        ],
        "D_at_s0": 3.1308289294429414e-14,
        "oddness_residual": 1.4657164371101317e-12,
        "kappa": 0.4409397555117356,
        "const": 3.394005091389102e-14,
        "quad": -6.250456501583862e-11,
        "cubic": -0.11242009231685644,
        "D_typ_max": 0.05272003997162744,
        "informative": true
      }
    ],
    "shape_spread": [
      {
        "pair": [
          0,
          3
        ],
        "kappa_range": 0.12127891526309531,
        "kappa_rel_spread": 0.0362305152254957
      },
      {
        "pair": [
          1,
          2
        ],
        "kappa_range": 0.14547881017229825,
        "kappa_rel_spread": 0.24808015756220647
      }
    ]
  }
}