{
  "N": 4,
  "n": 1,
  "chromaticity": 2,
  "gamma_0": 0.05,
  "block_dim": 24,
  "t_peak": 5.0,
  "s_values": [
    -0.12,
    -0.08,
    -0.04,
    0.0,
    0.04,
    0.08,
    0.12
  ],
  "j_anti_direction": [
    -1.0,
    0.0,
    1.0
  ],
  "j_sym_shapes": {
    "uniform": [
      1.0,
      1.0,
      1.0
    ],
    "valley_nonuniform": [
      1.2,
      0.7999999999999999,
      1.2
    ]
  },
  "qpeak": {
    "uniform": {
      "-0.12": [
        2.4193763309522383,
        NaN,
        2.671027956245683
      ],
      "-0.08": [
        2.46910226755251,
        NaN,
        2.6407963814745963
      ],
      "-0.04": [
        2.517181472563075,
        NaN,
        2.604184808158191
      ],
      "+0.00": [
        2.562571026669721,
        NaN,
        2.562571026669506
      ],
      "+0.04": [
        2.6041848081588634,
        NaN,
        2.51718147256308
      ],
      "+0.08": [
        2.6407963814741717,
        NaN,
        2.4691022675524334
      ],
      "+0.12": [
        2.671027956244347,
        NaN,
        2.4193763309514478
      ]
    },
    "valley_nonuniform": {
      "-0.12": [
        2.29808934742643,
        NaN,
        2.723870495331466
      ],
      "-0.08": [
        2.3618748063447565,
        NaN,
        2.646122031811178
      ],
      "-0.04": [
        2.4285770561986744,
        NaN,
        2.570809995292
      ],
      "+0.00": [
        2.4982623834165087,
        NaN,
        2.498262383416484
      ],
      "+0.04": [
        2.570809995292463,
        NaN,
        2.4285770561976254
      ],
      "+0.08": [
        2.646122031811758,
        NaN,
        2.3618748063449457
      ],
      "+0.12": [
        2.723870495331949,
        NaN,
        2.2980893474268322
      ]
    }
  },
  "analysis": {
    "passed": true,
    "criterion_a_palindromic_survival_maxabs": 2.149391775674303e-13,
    "criterion_b_oddness_residual_maxabs": 1.5116796703296131e-12,
    "even_power_const_maxabs": 4.883168173786142e-13,
    "even_power_quad_maxabs": 4.158875624834682e-11,
    "criterion_c_typ_D_informative": 0.4257811479051168,
    "n_informative_records": 2,
    "criterion_d_max_rel_kappa_spread": 0.3856511777151895,
    "records": [
      {
        "shape": "uniform",
        "pair": [
          0,
          2
        ],
        "D_at_s0": 2.149391775674303e-13,
        "oddness_residual": 6.67021993194794e-13,
        "kappa": 2.18519113905842,
        "const": 2.644570754480216e-13,
        "quad": -4.158875624834682e-11,
        "cubic": -6.116166861276233,
        "D_typ_max": 0.2516516252928991,
        "informative": true
      },
      {
        "shape": "valley_nonuniform",
        "pair": [
          0,
          2
        ],
        "D_at_s0": 2.4868995751603507e-14,
        "oddness_residual": 1.5116796703296131e-12,
        "kappa": 3.5569224840889677,
        "const": 4.883168173786142e-13,
        "quad": -3.1472840207007784e-11,
        "cubic": -0.6067852913388238,
        "D_typ_max": 0.4257811479051168,
        "informative": true
      }
    ],
    "shape_spread": [
      {
        "pair": [
          0,
          2
        ],
        "kappa_range": 1.3717313450305477,
        "kappa_rel_spread": 0.3856511777151895
      }
    ]
  }
}