{
  "N": 5,
  "n": 2,
  "chromaticity": 3,
  "gamma_0": 0.05,
  "block_dim": 100,
  "t_peak": 5.0,
  "s_values": [
    -0.12,
    -0.08,
    -0.04,
    0.0,
    0.04,
    0.08,
    0.12
  ],
  "j_anti_direction": [
    -1.0,
    -0.33333333333333337,
    0.33333333333333326,
    1.0
  ],
  "j_sym_shapes": {
    "uniform": [
      1.0,
      1.0,
      1.0,
      1.0
    ],
    "valley_nonuniform": [
      1.2,
      0.9333333333333333,
      0.9333333333333332,
      1.2
    ]
  },
  "qpeak": {
    "uniform": {
      "-0.12": [
        2.3467954652177365,
        1.6275009337340667,
        1.8089334917221243,
        2.6731797009263216
      ],
      "-0.08": [
        2.401945100823389,
        1.653647513044645,
        1.7738179388607744,
        2.621351144306665
      ],
      "-0.04": [
        2.457418829123356,
        1.681162563808826,
        1.7410153714982342,
        2.56764778606842
      ],
      "+0.00": [
        2.512809726759984,
        1.7101931090186755,
        1.7101931090183777,
        2.512809726760025
      ],
      "+0.04": [
        2.5676477860673805,
        1.741015371498146,
        1.6811625638088104,
        2.4574188291239105
      ],
      "+0.08": [
        2.6213511443075874,
        1.7738179388606743,
        1.6536475130452704,
        2.4019451008237986
      ],
      "+0.12": [
        2.6731797009247864,
        1.8089334917222142,
        1.6275009337326214,
        2.3467954652161036
      ]
    },
    "valley_nonuniform": {
      "-0.12": [
        2.1245144119622497,
        1.495443027877736,
        1.6478698267870004,
        2.460767549970358
      ],
      "-0.08": [
        2.176293094802583,
        1.5176540354818338,
        1.6187001228005822,
        2.400552916189362
      ],
      "-0.04": [
        2.229777886281187,
        1.540938861978385,
        1.5912778152717846,
        2.341955216679698
      ],
      "+0.00": [
        2.285021242975011,
        1.5654270013728464,
        1.56542700137324,
        2.285021242974822
      ],
      "+0.04": [
        2.341955216679792,
        1.5912778152713212,
        1.540938861978126,
        2.2297778862793685
      ],
      "+0.08": [
        2.400552916189894,
        1.6187001227997508,
        1.5176540354824184,
        2.1762930948030856
      ],
      "+0.12": [
        2.460767549971137,
        1.6478698267872387,
        1.4954430278775477,
        2.1245144119627244
      ]
    }
  },
  "analysis": {
    "passed": true,
    "criterion_a_palindromic_survival_maxabs": 3.936850845320805e-13,
    "criterion_b_oddness_residual_maxabs": 1.9122481376143696e-12,
    "even_power_const_maxabs": 5.846225649031356e-13,
    "even_power_quad_maxabs": 4.987082175793895e-11,
    "criterion_c_typ_D_informative": 0.3362531380084124,
    "n_informative_records": 4,
    "criterion_d_max_rel_kappa_spread": 0.15867077465046292,
    "records": [
      {
        "shape": "uniform",
        "pair": [
          0,
          3
        ],
        "D_at_s0": -4.085620730620576e-14,
        "oddness_residual": 1.5942802633617248e-12,
        "kappa": 2.7605220695583754,
        "const": -4.0515861742621913e-13,
        "quad": 4.0438882401413625e-11,
        "cubic": -2.821844374275625,
        "D_typ_max": 0.3263842357086828,
        "informative": true
      },
      {
        "shape": "uniform",
        "pair": [
          1,
          2
        ],
        "D_at_s0": 2.97761815204467e-13,
        "oddness_residual": 1.5352163984516665e-12,
        "kappa": 1.4943184721995604,
        "const": -1.7133450307538384e-13,
        "quad": 4.987082175793895e-11,
        "cubic": 1.223371947644616,
        "D_typ_max": 0.1814325579895928,
        "informative": true
      },
      {
        "shape": "valley_nonuniform",
        "pair": [
          0,
          3
        ],
        "D_at_s0": 1.8918200339612667e-13,
        "oddness_residual": 1.9122481376143696e-12,
        "kappa": 2.80438971426638,
        "const": 5.846225649031356e-13,
        "quad": -3.699421721340254e-11,
        "cubic": -0.1597341822923136,
        "D_typ_max": 0.3362531380084124,
        "informative": true
      },
      {
        "shape": "valley_nonuniform",
        "pair": [
          1,
          2
        ],
        "D_at_s0": -3.936850845320805e-13,
        "oddness_residual": 1.4159784456069247e-12,
        "kappa": 1.25721380264116,
        "const": -4.3249909179921646e-13,
        "quad": 3.214690418624449e-11,
        "cubic": 0.9043040782464569,
        "D_typ_max": 0.15242679890969102,
        "informative": true
      }
    ],
    "shape_spread": [
      {
        "pair": [
          0,
          3
        ],
        "kappa_range": 0.043867644708004416,
        "kappa_rel_spread": 0.015642492370030698
      },
      {
        "pair": [
          1,
          2
        ],
        "kappa_range": 0.23710466955840048,
        "kappa_rel_spread": 0.15867077465046292
      }
    ]
  }
}