{
  "N": 6,
  "n": 1,
  "chromaticity": 2,
  "gamma_0": 0.05,
  "block_dim": 90,
  "t_peak": 5.0,
  "s_values": [
    -0.12,
    -0.08,
    -0.04,
    0.0,
    0.04,
    0.08,
    0.12
  ],
  "j_anti_direction": [
    -1.0,
    -0.5,
    0.0,
    0.5,
    1.0
  ],
  "j_sym_shapes": {
    "uniform": [
      1.0,
      1.0,
      1.0,
      1.0,
      1.0
    ],
    "valley_nonuniform": [
      1.2,
      1.0,
      0.7999999999999999,
      1.0,
      1.2
    ]
  },
  "qpeak": {
    "uniform": {
      "-0.12": [
        2.424398225890181,
        1.6776215066145697,
        NaN,
        1.8531807841034045,
        2.9673294372116006
      ],
      "-0.08": [
        2.5022087374365873,
        1.704609314347321,
        NaN,
        1.8217146928016927,
        2.863661549392656
      ],
      "-0.04": [
        2.584787884869931,
        1.7325055316923073,
        NaN,
        1.7910615269508754,
        2.7653457387887497
      ],
      "+0.00": [
        2.6724170308219537,
        1.761353547455769,
        NaN,
        1.7613535474565907,
        2.6724170308233752
      ],
      "+0.04": [
        2.7653457387871017,
        1.791061526951208,
        NaN,
        1.7325055316948754,
        2.5847878848755528
      ],
      "+0.08": [
        2.863661549390605,
        1.8217146928020485,
        NaN,
        1.7046093143502488,
        2.502208737430883
      ],
      "+0.12": [
        2.9673294372156245,
        1.8531807841042907,
        NaN,
        1.6776215066151297,
        2.4243982258877974
      ]
    },
    "valley_nonuniform": {
      "-0.12": [
        2.1740681731978895,
        1.7393585099902473,
        NaN,
        1.920136288608075,
        2.6383092281775364
      ],
      "-0.08": [
        2.23924220440341,
        1.76695475859905,
        NaN,
        1.8874788838463539,
        2.5469778956681517
      ],
      "-0.04": [
        2.3086199265890577,
        1.795590383666009,
        NaN,
        1.8558533493104874,
        2.4620072883961095
      ],
      "+0.00": [
        2.3827389076207606,
        1.8252125900232183,
        NaN,
        1.8252125900229583,
        2.3827389076196646
      ],
      "+0.04": [
        2.462007288396783,
        1.8558533493087412,
        NaN,
        1.7955903836661935,
        2.3086199265905365
      ],
      "+0.08": [
        2.5469778956688907,
        1.8874788838453591,
        NaN,
        1.766954758597171,
        2.23924220440161
      ],
      "+0.12": [
        2.6383092281764453,
        1.9201362886078648,
        NaN,
        1.7393585099899282,
        2.174068173197286
      ]
    }
  },
  "analysis": {
    "passed": true,
    "criterion_a_palindromic_survival_maxabs": 1.4215295607300504e-12,
    "criterion_b_oddness_residual_maxabs": 7.269740365245525e-12,
    "even_power_const_maxabs": 2.6392099322895425e-12,
    "even_power_quad_maxabs": 4.429492487087064e-10,
    "criterion_c_typ_D_informative": 0.5429312113278271,
    "n_informative_records": 4,
    "criterion_d_max_rel_kappa_spread": 0.15140561907378383,
    "records": [
      {
        "shape": "uniform",
        "pair": [
          0,
          4
        ],
        "D_at_s0": -1.4215295607300504e-12,
        "oddness_residual": 7.269740365245525e-12,
        "kappa": 4.512937952205938,
        "const": -2.6392099322895425e-12,
        "quad": 4.429492487087064e-10,
        "cubic": 0.7990845933545095,
        "D_typ_max": 0.5429312113278271,
        "informative": true
      },
      {
        "shape": "uniform",
        "pair": [
          1,
          3
        ],
        "D_at_s0": -8.215650382226158e-13,
        "oddness_residual": 2.5719426588466376e-12,
        "kappa": 1.4642865032799417,
        "const": -1.3110682135915137e-12,
        "quad": 8.648587798302084e-11,
        "cubic": -0.08862519230737129,
        "D_typ_max": 0.175559277489161,
        "informative": true
      },
      {
        "shape": "valley_nonuniform",
        "pair": [
          0,
          4
        ],
        "D_at_s0": 1.0960121699099545e-12,
        "oddness_residual": 2.539302101922658e-12,
        "kappa": 3.829653787710624,
        "const": 5.444885897050366e-13,
        "quad": -3.278131734317315e-11,
        "cubic": 2.706598877380783,
        "D_typ_max": 0.46424105497915935,
        "informative": true
      },
      {
        "shape": "valley_nonuniform",
        "pair": [
          1,
          3
        ],
        "D_at_s0": 2.6001423236721166e-13,
        "oddness_residual": 1.9306778398231472e-12,
        "kappa": 1.506598664549471,
        "const": -3.4900145983515447e-13,
        "quad": 3.9403004668616044e-11,
        "cubic": -0.0080835706396737,
        "D_typ_max": 0.18077777861793654,
        "informative": true
      }
    ],
    "shape_spread": [
      {
        "pair": [
          0,
          4
        ],
        "kappa_range": 0.6832841644953143,
        "kappa_rel_spread": 0.15140561907378383
      },
      {
        "pair": [
          1,
          3
        ],
        "kappa_range": 0.04231216126952919,
        "kappa_rel_spread": 0.028084560450730323
      }
    ]
  }
}