{
  "psi_opt": {
    "crosses": false,
    "max_cpsi": 0.0733999680592517
  },
  "Bell+": {
    "t_cross": 0.2582943124181345,
    "dcpsi_dt": -0.5507472953666339,
    "dwell_prefactor": 3.631429544594667,
    "speed_ratio_vs_bell": 1.0
  },
  "W5_full": {
    "crosses": false,
    "max_cpsi": 0.06933333333333336
  },
  "sac_tuned_W5": {
    "crosses": false,
    "max_cpsi": 0.06587552372311936
  }
}