{
  "config": {
    "N": 9,
    "gamma_0": 0.05,
    "Q_grid": [
      0.1,
      0.2,
      0.3,
      0.4,
      0.5,
      0.6,
      0.8,
      1.0,
      1.2,
      1.4,
      1.5,
      1.6,
      1.8,
      2.0,
      3.0,
      5.0,
      10.0,
      20.0,
      50.0
    ],
    "n_values": [
      4
    ],
    "tag": "N9_phase2_c5"
  },
  "blocks": {
    "n_4": {
      "q_data": {
        "0.1": {
          "Q": 0.1,
          "J": 0.005000000000000001,
          "W": 6.380685962909032e-06,
          "abs_K_max": 0.03562021298603168,
          "t_peak": 10.0,
          "elapsed_s": 7347.869211912155
        },
        "0.2": {
          "Q": 0.2,
          "J": 0.010000000000000002,
          "W": 0.007739758412966723,
          "abs_K_max": 0.0701557357874749,
          "t_peak": 10.0,
          "elapsed_s": 7877.734134197235
        },
        "0.3": {
          "Q": 0.3,
          "J": 0.015,
          "W": 0.06265453122907608,
          "abs_K_max": 0.10273936336376484,
          "t_peak": 9.5,
          "elapsed_s": 7781.5016849040985
        },
        "0.4": {
          "Q": 0.4,
          "J": 0.020000000000000004,
          "W": 0.188254578239819,
          "abs_K_max": 0.13260928428748817,
          "t_peak": 9.5,
          "elapsed_s": 7939.246812105179
        },
        "0.5": {
          "Q": 0.5,
          "J": 0.025,
          "W": 0.400850706184924,
          "abs_K_max": 0.15945107210697526,
          "t_peak": 9.0,
          "elapsed_s": 7685.615463733673
        },
        "0.6": {
          "Q": 0.6,
          "J": 0.03,
          "W": 0.5489184451084568,
          "abs_K_max": 0.18288218065142434,
          "t_peak": 8.5,
          "elapsed_s": 7735.857652187347
        },
        "0.8": {
          "Q": 0.8,
          "J": 0.04000000000000001,
          "W": 0.8319756441522835,
          "abs_K_max": 0.22049696989128587,
          "t_peak": 8.0,
          "elapsed_s": 6481.080947875977
        },
        "1.0": {
          "Q": 1.0,
          "J": 0.05,
          "W": 0.9595042331051393,
          "abs_K_max": 0.24660850672658102,
          "t_peak": 7.5,
          "elapsed_s": 7024.112336397171
        },
        "1.2": {
          "Q": 1.2,
          "J": 0.06,
          "W": 0.9269354516027691,
          "abs_K_max": 0.2635062876843823,
          "t_peak": 7.0,
          "elapsed_s": 8574.818183898926
        },
        "1.4": {
          "Q": 1.4,
          "J": 0.06999999999999999,
          "W": 0.8543877302405971,
          "abs_K_max": 0.2737744631205067,
          "t_peak": 6.0,
          "elapsed_s": 8713.281720399857
        },
        "1.5": {
          "Q": 1.5,
          "J": 0.07500000000000001,
          "W": 0.9171990989221603,
          "abs_K_max": 0.2774580884340682,
          "t_peak": 6.0,
          "elapsed_s": 7969.924800157547
        },
        "1.6": {
          "Q": 1.6,
          "J": 0.08000000000000002,
          "W": 0.8148443681943687,
          "abs_K_max": 0.27895334923109383,
          "t_peak": 6.0,
          "elapsed_s": 7277.611684799194
        },
        "1.8": {
          "Q": 1.8,
          "J": 0.09000000000000001,
          "W": 0.9642321884239552,
          "abs_K_max": 0.2809857425147092,
          "t_peak": 5.5,
          "elapsed_s": 7179.452732563019
        },
        "2.0": {
          "Q": 2.0,
          "J": 0.1,
          "W": 0.865549651715822,
          "abs_K_max": 0.2804568916711491,
          "t_peak": 5.0,
          "elapsed_s": 7637.238078832626
        },
        "3.0": {
          "Q": 3.0,
          "J": 0.15000000000000002,
          "W": 0.9689129134657166,
          "abs_K_max": 0.2575841423605044,
          "t_peak": 3.5,
          "elapsed_s": 8025.659942150116
        },
        "5.0": {
          "Q": 5.0,
          "J": 0.25,
          "W": 0.9664863075293796,
          "abs_K_max": 0.20282292690098735,
          "t_peak": 2.5,
          "elapsed_s": 7967.120286941528
        },
        "10.0": {
          "Q": 10.0,
          "J": 0.5,
          "W": 0.9269825589905288,
          "abs_K_max": 0.0713642422778328,
          "t_peak": 9.5,
          "elapsed_s": 7676.830082654953
        },
        "20.0": {
          "Q": 20.0,
          "J": 1.0,
          "W": 0.8389338410648453,
          "abs_K_max": 0.09580653873999978,
          "t_peak": 5.0,
          "elapsed_s": 7462.549579620361
        },
        "50.0": {
          "Q": 50.0,
          "J": 2.5,
          "W": 0.7753571316084082,
          "abs_K_max": 0.08416549708407628,
          "t_peak": 4.0,
          "elapsed_s": 8493.235728025436
        }
      },
      "characteristic": {
        "Q_onset": 0.3,
        "Q_peak_w": 3.0,
        "W_peak": 0.9689129134657166,
        "Q_peak_k": 1.8,
        "abs_K_peak": 0.2809857425147092,
        "W_plateau_at_Q_max": 0.7753571316084082,
        "Q_max": 50.0
      },
      "chromaticity": 5
    }
  },
  "elapsed_s": 146851.58540272713
}