{
  "config": {
    "N": 4,
    "gamma_0": 0.05,
    "Q_grid": [
      0.1,
      0.2,
      0.3,
      0.4,
      0.5,
      0.6,
      0.8,
      1.0,
      1.2,
      1.4,
      1.5,
      1.6,
      1.8,
      2.0,
      3.0,
      5.0,
      10.0,
      20.0,
      50.0
    ],
    "n_values": [
      0,
      1,
      2,
      3
    ],
    "tag": "N4_blockL"
  },
  "blocks": {
    "n_0": {
      "q_data": {
        "0.1": {
          "Q": 0.1,
          "J": 0.005000000000000001,
          "W": 0.0,
          "abs_K_max": 3.3306690738754686e-13,
          "t_peak": 3.0,
          "elapsed_s": 0.0019989013671875
        },
        "0.2": {
          "Q": 0.2,
          "J": 0.010000000000000002,
          "W": 0.0,
          "abs_K_max": 1.1102230246251563e-13,
          "t_peak": 3.0,
          "elapsed_s": 0.0010004043579101562
        },
        "0.3": {
          "Q": 0.3,
          "J": 0.015,
          "W": 0.0,
          "abs_K_max": 7.401486830834377e-14,
          "t_peak": 4.0,
          "elapsed_s": 0.0009999275207519531
        },
        "0.4": {
          "Q": 0.4,
          "J": 0.020000000000000004,
          "W": 0.0,
          "abs_K_max": 9.714451465470117e-14,
          "t_peak": 6.5,
          "elapsed_s": 0.0009996891021728516
        },
        "0.5": {
          "Q": 0.5,
          "J": 0.025,
          "W": 0.0,
          "abs_K_max": 4.4408920985006255e-14,
          "t_peak": 3.0,
          "elapsed_s": 0.0009999275207519531
        },
        "0.6": {
          "Q": 0.6,
          "J": 0.03,
          "W": 0.0,
          "abs_K_max": 7.401486830834377e-14,
          "t_peak": 3.0,
          "elapsed_s": 0.0009996891021728516
        },
        "0.8": {
          "Q": 0.8,
          "J": 0.04000000000000001,
          "W": 0.0,
          "abs_K_max": 2.7755575615628907e-14,
          "t_peak": 5.5,
          "elapsed_s": 0.0009970664978027344
        },
        "1.0": {
          "Q": 1.0,
          "J": 0.05,
          "W": 0.0,
          "abs_K_max": 3.330669073875469e-14,
          "t_peak": 5.0,
          "elapsed_s": 0.0010001659393310547
        },
        "1.2": {
          "Q": 1.2,
          "J": 0.06,
          "W": 0.0,
          "abs_K_max": 2.544261098099317e-14,
          "t_peak": 7.0,
          "elapsed_s": 0.0010001659393310547
        },
        "1.4": {
          "Q": 1.4,
          "J": 0.06999999999999999,
          "W": 0.0,
          "abs_K_max": 3.965082230804131e-14,
          "t_peak": 5.0,
          "elapsed_s": 0.0020017623901367188
        },
        "1.5": {
          "Q": 1.5,
          "J": 0.07500000000000001,
          "W": 0.0,
          "abs_K_max": 1.4802973661668752e-14,
          "t_peak": 4.5,
          "elapsed_s": 0.0010042190551757812
        },
        "1.6": {
          "Q": 1.6,
          "J": 0.08000000000000002,
          "W": 0.0,
          "abs_K_max": 6.938893903907227e-15,
          "t_peak": 2.5,
          "elapsed_s": 0.0009975433349609375
        },
        "1.8": {
          "Q": 1.8,
          "J": 0.09000000000000001,
          "W": 0.0,
          "abs_K_max": 9.25185853854297e-15,
          "t_peak": 4.0,
          "elapsed_s": 0.0009996891021728516
        },
        "2.0": {
          "Q": 2.0,
          "J": 0.1,
          "W": 0.0,
          "abs_K_max": 1.3877787807814454e-14,
          "t_peak": 4.5,
          "elapsed_s": 0.002000093460083008
        },
        "3.0": {
          "Q": 3.0,
          "J": 0.15000000000000002,
          "W": 0.0,
          "abs_K_max": 7.401486830834376e-15,
          "t_peak": 3.0,
          "elapsed_s": 0.0
        },
        "5.0": {
          "Q": 5.0,
          "J": 0.25,
          "W": 0.0,
          "abs_K_max": 5.551115123125783e-15,
          "t_peak": 3.5,
          "elapsed_s": 0.0019998550415039062
        },
        "10.0": {
          "Q": 10.0,
          "J": 0.5,
          "W": 0.0,
          "abs_K_max": 2.7755575615628914e-15,
          "t_peak": 5.5,
          "elapsed_s": 0.0009996891021728516
        },
        "20.0": {
          "Q": 20.0,
          "J": 1.0,
          "W": 0.0,
          "abs_K_max": 2.220446049250313e-15,
          "t_peak": 4.0,
          "elapsed_s": 0.0009999275207519531
        },
        "50.0": {
          "Q": 50.0,
          "J": 2.5,
          "W": 0.0,
          "abs_K_max": 3.3306690738754696e-15,
          "t_peak": 5.0,
          "elapsed_s": 0.0009968280792236328
        }
      },
      "characteristic": {
        "Q_onset": null,
        "Q_peak_w": 0.1,
        "W_peak": 0.0,
        "Q_peak_k": 0.1,
        "abs_K_peak": 3.3306690738754686e-13,
        "W_plateau_at_Q_max": 0.0,
        "Q_max": 50.0
      },
      "chromaticity": 1
    },
    "n_1": {
      "q_data": {
        "0.1": {
          "Q": 0.1,
          "J": 0.005000000000000001,
          "W": 0.0,
          "abs_K_max": 0.02238927609746199,
          "t_peak": 10.0,
          "elapsed_s": 0.0030012130737304688
        },
        "0.2": {
          "Q": 0.2,
          "J": 0.010000000000000002,
          "W": 0.05721471870091253,
          "abs_K_max": 0.04379108363519734,
          "t_peak": 9.5,
          "elapsed_s": 0.003009319305419922
        },
        "0.3": {
          "Q": 0.3,
          "J": 0.015,
          "W": 0.2234933620094688,
          "abs_K_max": 0.0634814064112051,
          "t_peak": 9.5,
          "elapsed_s": 0.002000570297241211
        },
        "0.4": {
          "Q": 0.4,
          "J": 0.020000000000000004,
          "W": 0.29616754127594475,
          "abs_K_max": 0.080819245565647,
          "t_peak": 9.0,
          "elapsed_s": 0.0029981136322021484
        },
        "0.5": {
          "Q": 0.5,
          "J": 0.025,
          "W": 0.4346625185611587,
          "abs_K_max": 0.09554027503855254,
          "t_peak": 8.5,
          "elapsed_s": 0.0019996166229248047
        },
        "0.6": {
          "Q": 0.6,
          "J": 0.03,
          "W": 0.499525279828833,
          "abs_K_max": 0.10762021050286785,
          "t_peak": 8.0,
          "elapsed_s": 0.003000974655151367
        },
        "0.8": {
          "Q": 0.8,
          "J": 0.04000000000000001,
          "W": 0.558557107415205,
          "abs_K_max": 0.12477422431692722,
          "t_peak": 7.5,
          "elapsed_s": 0.0030024051666259766
        },
        "1.0": {
          "Q": 1.0,
          "J": 0.05,
          "W": 0.6681201888098313,
          "abs_K_max": 0.13426652697087757,
          "t_peak": 6.5,
          "elapsed_s": 0.0032646656036376953
        },
        "1.2": {
          "Q": 1.2,
          "J": 0.06,
          "W": 0.7720273376218032,
          "abs_K_max": 0.13819874313884817,
          "t_peak": 6.0,
          "elapsed_s": 0.0030014514923095703
        },
        "1.4": {
          "Q": 1.4,
          "J": 0.06999999999999999,
          "W": 0.8316430330238214,
          "abs_K_max": 0.13842058766435789,
          "t_peak": 5.0,
          "elapsed_s": 0.0019991397857666016
        },
        "1.5": {
          "Q": 1.5,
          "J": 0.07500000000000001,
          "W": 0.8003302314748869,
          "abs_K_max": 0.138260612433283,
          "t_peak": 5.0,
          "elapsed_s": 0.002996683120727539
        },
        "1.6": {
          "Q": 1.6,
          "J": 0.08000000000000002,
          "W": 0.8118892159176189,
          "abs_K_max": 0.13667414637928002,
          "t_peak": 4.5,
          "elapsed_s": 0.0030028820037841797
        },
        "1.8": {
          "Q": 1.8,
          "J": 0.09000000000000001,
          "W": 0.8069507738161014,
          "abs_K_max": 0.13382028154612027,
          "t_peak": 4.5,
          "elapsed_s": 0.003001689910888672
        },
        "2.0": {
          "Q": 2.0,
          "J": 0.1,
          "W": 0.6502824567774469,
          "abs_K_max": 0.13051018054888727,
          "t_peak": 4.0,
          "elapsed_s": 0.002995014190673828
        },
        "3.0": {
          "Q": 3.0,
          "J": 0.15000000000000002,