{
  "config": {
    "N": 9,
    "gamma_0": 0.05,
    "Q_grid": [
      0.1,
      0.2,
      0.3,
      0.4,
      0.5,
      0.6,
      0.8,
      1.0,
      1.2,
      1.4,
      1.5,
      1.6,
      1.8,
      2.0,
      3.0,
      5.0,
      10.0,
      20.0,
      50.0
    ],
    "n_values": [
      0,
      1,
      2,
      3
    ],
    "tag": "N9_phase1_c234"
  },
  "blocks": {
    "n_0": {
      "q_data": {
        "0.1": {
          "Q": 0.1,
          "J": 0.005000000000000001,
          "W": 0.0,
          "abs_K_max": 2.2204460492503126e-13,
          "t_peak": 5.0,
          "elapsed_s": 0.002997875213623047
        },
        "0.2": {
          "Q": 0.2,
          "J": 0.010000000000000002,
          "W": 0.0,
          "abs_K_max": 1.6653345369377343e-13,
          "t_peak": 3.5,
          "elapsed_s": 0.0020003318786621094
        },
        "0.3": {
          "Q": 0.3,
          "J": 0.015,
          "W": 0.0,
          "abs_K_max": 7.401486830834377e-14,
          "t_peak": 4.0,
          "elapsed_s": 0.0019998550415039062
        },
        "0.4": {
          "Q": 0.4,
          "J": 0.020000000000000004,
          "W": 0.0,
          "abs_K_max": 4.163336342344336e-14,
          "t_peak": 4.0,
          "elapsed_s": 0.0019996166229248047
        },
        "0.5": {
          "Q": 0.5,
          "J": 0.025,
          "W": 0.0,
          "abs_K_max": 4.4408920985006255e-14,
          "t_peak": 2.5,
          "elapsed_s": 0.002000093460083008
        },
        "0.6": {
          "Q": 0.6,
          "J": 0.03,
          "W": 0.0,
          "abs_K_max": 7.401486830834377e-14,
          "t_peak": 2.5,
          "elapsed_s": 0.001999378204345703
        },
        "0.8": {
          "Q": 0.8,
          "J": 0.04000000000000001,
          "W": 0.0,
          "abs_K_max": 5.20417042793042e-14,
          "t_peak": 7.0,
          "elapsed_s": 0.002000093460083008
        },
        "1.0": {
          "Q": 1.0,
          "J": 0.05,
          "W": 0.0,
          "abs_K_max": 2.7755575615628907e-14,
          "t_peak": 5.0,
          "elapsed_s": 0.003000020980834961
        },
        "1.2": {
          "Q": 1.2,
          "J": 0.06,
          "W": 0.0,
          "abs_K_max": 9.25185853854297e-15,
          "t_peak": 3.0,
          "elapsed_s": 0.002000093460083008
        },
        "1.4": {
          "Q": 1.4,
          "J": 0.06999999999999999,
          "W": 0.0,
          "abs_K_max": 1.5860328923216522e-14,
          "t_peak": 2.5,
          "elapsed_s": 0.0020003318786621094
        },
        "1.5": {
          "Q": 1.5,
          "J": 0.07500000000000001,
          "W": 0.0,
          "abs_K_max": 7.401486830834376e-15,
          "t_peak": 2.5,
          "elapsed_s": 0.0019996166229248047
        },
        "1.6": {
          "Q": 1.6,
          "J": 0.08000000000000002,
          "W": 0.0,
          "abs_K_max": 1.3877787807814454e-14,
          "t_peak": 3.0,
          "elapsed_s": 0.0029997825622558594
        },
        "1.8": {
          "Q": 1.8,
          "J": 0.09000000000000001,
          "W": 0.0,
          "abs_K_max": 9.25185853854297e-15,
          "t_peak": 4.0,
          "elapsed_s": 0.0039997100830078125
        },
        "2.0": {
          "Q": 2.0,
          "J": 0.1,
          "W": 0.0,
          "abs_K_max": 5.551115123125782e-15,
          "t_peak": 2.5,
          "elapsed_s": 0.002001523971557617
        },
        "3.0": {
          "Q": 3.0,
          "J": 0.15000000000000002,
          "W": 0.0,
          "abs_K_max": 5.551115123125782e-15,
          "t_peak": 6.5,
          "elapsed_s": 0.0039997100830078125
        },
        "5.0": {
          "Q": 5.0,
          "J": 0.25,
          "W": 0.0,
          "abs_K_max": 6.661338147750939e-15,
          "t_peak": 3.5,
          "elapsed_s": 0.0039997100830078125
        },
        "10.0": {
          "Q": 10.0,
          "J": 0.5,
          "W": 0.0,
          "abs_K_max": 3.885780586188048e-15,
          "t_peak": 3.5,
          "elapsed_s": 0.0029997825622558594
        },
        "20.0": {
          "Q": 20.0,
          "J": 1.0,
          "W": 0.0,
          "abs_K_max": 2.220446049250313e-15,
          "t_peak": 5.5,
          "elapsed_s": 0.0020003318786621094
        },
        "50.0": {
          "Q": 50.0,
          "J": 2.5,
          "W": 0.0,
          "abs_K_max": 1.5543122344752192e-15,
          "t_peak": 5.0,
          "elapsed_s": 0.0019996166229248047
        }
      },
      "characteristic": {
        "Q_onset": null,
        "Q_peak_w": 0.1,
        "W_peak": 0.0,
        "Q_peak_k": 0.1,
        "abs_K_peak": 2.2204460492503126e-13,
        "W_plateau_at_Q_max": 0.0,
        "Q_max": 50.0
      },
      "chromaticity": 1
    },
    "n_1": {
      "q_data": {
        "0.1": {
          "Q": 0.1,
          "J": 0.005000000000000001,
          "W": 0.0,
          "abs_K_max": 0.009962517340672548,
          "t_peak": 10.0,
          "elapsed_s": 0.7204482555389404
        },
        "0.2": {
          "Q": 0.2,
          "J": 0.010000000000000002,
          "W": 0.017905906666350068,
          "abs_K_max": 0.019555978292271067,
          "t_peak": 10.0,
          "elapsed_s": 0.680870532989502
        },
        "0.3": {
          "Q": 0.3,
          "J": 0.015,
          "W": 0.02885465306994931,
          "abs_K_max": 0.028501909194752113,
          "t_peak": 9.5,
          "elapsed_s": 0.6781425476074219
        },
        "0.4": {
          "Q": 0.4,
          "J": 0.020000000000000004,
          "W": 0.06394872756012686,
          "abs_K_max": 0.03653452571727999,
          "t_peak": 9.0,
          "elapsed_s": 0.648151159286499
        },
        "0.5": {
          "Q": 0.5,
          "J": 0.025,
          "W": 0.09417942693784465,
          "abs_K_max": 0.043607134239476146,
          "t_peak": 9.0,
          "elapsed_s": 0.6242849826812744
        },
        "0.6": {
          "Q": 0.6,
          "J": 0.03,
          "W": 0.2598307740267136,
          "abs_K_max": 0.04964872340554316,
          "t_peak": 8.5,
          "elapsed_s": 0.7722876071929932
        },
        "0.8": {
          "Q": 0.8,
          "J": 0.04000000000000001,
          "W": 0.46011074494240956,
          "abs_K_max": 0.05874530201446791,
          "t_peak": 8.0,
          "elapsed_s": 0.6399722099304199
        },
        "1.0": {
          "Q": 1.0,
          "J": 0.05,
          "W": 0.6696305063091407,
          "abs_K_max": 0.06470506521739637,
          "t_peak": 7.0,
          "elapsed_s": 0.6557838916778564
        },
        "1.2": {
          "Q": 1.2,
          "J": 0.06,
          "W": 0.832557547141916,
          "abs_K_max": 0.06811551535600609,
          "t_peak": 6.5,
          "elapsed_s": 0.6489510536193848
        },
        "1.4": {
          "Q": 1.4,
          "J": 0.06999999999999999,
          "W": 0.8817607535191878,
          "abs_K_max": 0.06973195375931109,
          "t_peak": 6.0,
          "elapsed_s": 0.5615394115447998
        },
        "1.5": {
          "Q": 1.5,
          "J": 0.07500000000000001,
          "W": 0.9170210821106285,
          "abs_K_max": 0.0700722985986261,
          "t_peak": 5.5,
          "elapsed_s": 0.6835918426513672
        },
        "1.6": {
          "Q": 1.6,
          "J": 0.08000000000000002,
          "W": 0.8250150418551776,
          "abs_K_max": 0.07015602680407461,
          "t_peak": 5.5,
          "elapsed_s": 0.5952978134155273
        },
        "1.8": {
          "Q": 1.8,
          "J": 0.09000000000000001,
          "W": 0.9117821103329341,
          "abs_K_max": 0.06978022590512253,
          "t_peak": 5.0,
          "elapsed_s": 0.6581177711486816
        },
        "2.0": {
          "Q": 2.0,
          "J": 0.1,
          "W": 0.9019814746470883,
          "abs_K_max": 0.06877765308147542,
          "t_peak": 4.5,
          "elapsed_s": 0.5787172317504883
        },
        "3.0": {
          "Q": 3.0,
          "J": 0.15000000000000002,
          "W": 0.8501167257591923,