{
  "3": {
    "0": {
      "c_1_pure": {
        "0": 0.0,
        "1": 0.2877147652028844,
        "2": 0.2877147649490208,
        "3": 0.0
      },
      "K_DD_cross": {
        "0_1": -185.38945562310593,
        "0_2": 1.6460681300900726,
        "0_3": 0.0,
        "1_2": 346.42831896940567,
        "1_3": 1.6460668304569714,
        "2_3": -185.38945562314066
      },
      "K_CC": {
        "0_1": 188.11992466821758,
        "1_2": -345.76847989985515,
        "2_3": 188.11992466837987
      },
      "mixed_alpha_bound_hit": {
        "0_1": false,
        "0_2": false,
        "0_3": false,
        "1_2": false,
        "1_3": false,
        "2_3": false
      },
      "coherent_alpha_bound_hit": {
        "0_1": false,
        "1_2": false,
        "2_3": false
      },
      "block_diag_check": {
        "c_1_rho_diag": -92.62279912025224,
        "c_1_rho_full": 1.4371632138565456,
        "delta": 94.05996233410879,
        "rmse_full_max": 0.0006602803885051674,
        "rmse_diag_max": 0.023745153871104638
      }
    },
    "1": {
      "c_1_pure": {
        "0": 0.0,
        "1": 0.2877147647582179,
        "2": 0.2877138232399101,
        "3": 0.0
      },
      "K_DD_cross": {
        "0_1": -185.3894556230491,
        "0_2": 1.6460673014522254,
        "0_3": 0.0,
        "1_2": 683.0528730767422,
        "1_3": 1.6460668306768844,
        "2_3": -185.38945515196428
      },
      "K_CC": {
        "0_1": 188.11992466838194,
        "1_2": -682.3930335361852,
        "2_3": 188.11992466805435
      },
      "mixed_alpha_bound_hit": {
        "0_1": false,
        "0_2": false,
        "0_3": false,
        "1_2": true,
        "1_3": false,
        "2_3": false
      },
      "coherent_alpha_bound_hit": {
        "0_1": false,
        "1_2": false,
        "2_3": false
      },
      "block_diag_check": {
        "c_1_rho_diag": -92.62279912033499,
        "c_1_rho_full": 1.437163213855984,
        "delta": 94.05996233419097,
        "rmse_full_max": 0.000660280388503281,
        "rmse_diag_max": 0.02374515387110337
      }
    }
  },
  "4": {
    "0": {
      "c_1_pure": {
        "0": 0.0,
        "1": -0.24461577946119917,
        "2": -1.044736208844288,
        "3": -0.24461578022223485,
        "4": 0.0
      },
      "K_DD_cross": {
        "0_1": -0.36114616374760544,
        "0_2": -9.491428233615506,
        "0_3": -0.3668983564458328,
        "0_4": 0.0,
        "1_2": 0.15544443764539118,
        "1_3": 146.86658847031566,
        "1_4": -0.36689835636600776,
        "2_3": 0.15544443558936916,
        "2_4": -9.13958310191485,
        "3_4": -0.36114616400311217
      },
      "K_CC": {
        "0_1": 3.6420240347384736,
        "1_2": 3.2293289261792726,
        "2_3": 3.2293289285907356,
        "3_4": 3.642024035372092
      },
      "mixed_alpha_bound_hit": {
        "0_1": false,
        "0_2": true,
        "0_3": false,
        "0_4": false,
        "1_2": false,
        "1_3": false,
        "1_4": false,
        "2_3": false,
        "2_4": true,
        "3_4": false
      },
      "coherent_alpha_bound_hit": {
        "0_1": false,
        "1_2": false,
        "2_3": false,
        "3_4": false
      },
      "block_diag_check": {
        "c_1_rho_diag": -0.2417270267391025,
        "c_1_rho_full": 1.5792849906301343,
        "delta": 1.8210120173692368,
        "rmse_full_max": 0.0005038668156555556,
        "rmse_diag_max": 0.03266135679368685
      }
    },
    "1": {
      "c_1_pure": {
        "0": 0.0,
        "1": -0.13360357748615215,
        "2": 213.75614343778827,
        "3": -0.1336035775053368,
        "4": 0.0
      },
      "K_DD_cross": {
        "0_1": -0.20020206956883335,
        "0_2": 308.95668271606746,
        "0_3": -0.2004053665680683,
        "0_4": 0.0,
        "1_2": -107.07847708524575,
        "1_3": 838.5903593370468,
        "1_4": -0.200405365480405,
        "2_3": -107.07847708512824,
        "2_4": 310.13683783670643,
        "3_4": -0.2002020479475508
      },
      "K_CC": {
        "0_1": 1.7758328739698892,
        "1_2": 0.3121446580621515,
        "2_3": 0.3121446579703846,
        "3_4": 1.7758328523583524
      },
      "mixed_alpha_bound_hit": {
        "0_1": false,
        "0_2": true,
        "0_3": false,
        "0_4": false,
        "1_2": false,
        "1_3": true,
        "1_4": false,
        "2_3": false,
        "2_4": true,
        "3_4": false
      },
      "coherent_alpha_bound_hit": {
        "0_1": false,
        "1_2": false,
        "2_3": false,
        "3_4": false
      },
      "block_diag_check": {
        "c_1_rho_diag": -0.1335019291559547,
        "c_1_rho_full": 0.7544145078289899,
        "delta": 0.8879164369849446,
        "rmse_full_max": 0.000253037739568706,
        "rmse_diag_max": 0.03232588630052835
      }
    },
    "2": {
      "c_1_pure": {
        "0": 0.0,
        "1": -0.24461577935208645,
        "2": -403.06969489118893,
        "3": -0.24461577961361058,
        "4": 0.0
      },
      "K_DD_cross": {
        "0_1": -0.3611461695174123,
        "0_2": -584.7244865649235,
        "0_3": -0.36689835528624926,
        "0_4": 0.0,
        "1_2": 201.16792377801949,
        "1_3": -515.3846409623407,
        "1_4": -0.3668983558015926,
        "2_3": 201.16792377493132,
        "2_4": -590.1500418323019,
        "3_4": -0.3611461680971928
      },
      "K_CC": {
        "0_1": 3.6420240404549413,
        "1_2": 3.229328926921761,
        "2_3": 3.229328930197611,
        "3_4": 3.6420240391626364
      },
      "mixed_alpha_bound_hit": {
        "0_1": false,
        "0_2": true,
        "0_3": false,
        "0_4": false,
        "1_2": false,
        "1_3": true,
        "1_4": false,
        "2_3": false,
        "2_4": true,
        "3_4": false
      },
      "coherent_alpha_bound_hit": {
        "0_1": false,
        "1_2": false,
        "2_3": false,
        "3_4": false
      },
      "block_diag_check": {
        "c_1_rho_diag": -0.24172702959672776,
        "c_1_rho_full": 1.579284990630743,
        "delta": 1.8210120202274707,
        "rmse_full_max": 0.0005038668156553602,
        "rmse_diag_max": 0.032661356793687604
      }
    }
  },
  "5": {
    "0": {
      "c_1_pure": {
        "0": 0.0,
        "1": 0.3917001302167433,
        "2": -0.31157489696456153,
        "3": -0.31157489715401,
        "4": 0.391700129577055,
        "5": 0.0
      },
      "K_DD_cross": {
        "0_1": 0.2675909856047931,
        "0_2": -0.4314910181850262,
        "0_3": -0.41539810984376757,
        "0_4": 0.239559256285804,
        "0_5": 0.0,
        "1_2": 28.584266271712988,
        "1_3": -0.3136509485460848,
        "1_4": 693.6701478505083,
        "1_5": 0.23955925399820055,
        "2_3": 1929.254754873213,
        "2_4": -0.31365098169675587,
        "2_5": -0.41539811006070515,
        "3_4": 28.584262614367773,
        "3_5": -0.43148991263555203,
        "4_5": 0.2675909711509439
      },
      "K_CC": {
        "0_1": 1.0541772693357543,
        "1_2": -25.44371716467092,
        "2_3": -1926.288826016445,
        "3_4": -25.44371350677948,
        "4_5": 1.054177281218882
      },
      "mixed_alpha_bound_hit": {
        "0_1": false,
        "0_2": false,
        "0_3": false,
        "0_4": false,
        "0_5": false,
        "1_2": false,
        "1_3": false,
        "1_4": false,
        "1_5": false,
        "2_3": true,
        "2_4": false,
        "2_5": false,
        "3_4": false,
        "3_5": false,
        "4_5": false
      },
      "coherent_alpha_bound_hit": {
        "0_1": false,
        "1_2": false,
        "2_3": false,
        "3_4": false,
        "4_5": false
      },
      "block_diag_check": {
        "c_1_rho_diag": 0.23172052535658239,
        "c_1_rho_full": 0.7588091600244595,
        "delta": 0.5270886346678771,
        "rmse_full_max": 0.023712549965386756,
        "rmse_diag_max": 0.0465455103255807
      }
    },
    "1": {
      "c_1_pure": {
        "0": 0.0,