{
  "scan_dir": "simulations\\results\\n7_coupling_defect_overlay_extended\\bond_2_3",
  "t_fit": 20.0,
  "labels": [
    "0.5",
    "2"
  ],
  "alphas": [
    [
      0.8655876933363906,
      0.5790753889079339,
      0.2778464850288932,
      1.0009355291554247,
      1.9576024823590215,
      2.595843764584642,
      1.487505465590285
    ],
    [
      0.7219637854742496,
      0.7122778097211115,
      9.38568870679632,
      7.392225093121961,
      0.3141861517823823,
      0.33354952073927085,
      0.5658896113146344
    ]
  ],
  "rmse": [
    [
      0.010339302849631643,
      0.008923952473027684,
      0.010853091192344708,
      0.01436090689065854,
      0.01107328162052498,
      0.009941548884660369,
      0.008929724621861479
    ],
    [
      0.004471797702945437,
      0.011254494535188363,
      0.02929999918033015,
      0.03093275161537168,
      0.016406145381239252,
      0.00951306713233562,
      0.006803652582784223
    ]
  ],
  "rmse_2p": [
    [
      0.005859760863337022,
      0.00569860679896879,
      0.006447574616035173,
      0.008989163001504836,
      0.011027468424178346,
      0.009529544851127126,
      0.008374664312356072
    ],
    [
      0.004408745214612251,
      0.010776490501536206,
      0.029234552869591167,
      0.030932751605551142,
      0.011026727299349733,
      0.00577988681814878,
      0.006672903505170345
    ]
  ],
  "boundary": [
    [
      false,
      false,
      false,
      false,
      false,
      false,
      false
    ],
    [
      false,
      false,
      false,
      false,
      false,
      false,
      false
    ]
  ],
  "log_log_slopes_rs": [
    [
      -0.1308767579042411,
      -1.0
    ],
    [
      0.14934443134519318,
      1.0
    ],
    [
      2.5390513586363053,
      1.0
    ],
    [
      1.442329817564219,
      1.0
    ],
    [
      -1.319698168859962,
      -1.0
    ],
    [
      -1.4801153406663752,
      -1.0
    ],
    [
      -0.6971512059025856,
      -0.9999999999999999
    ]
  ],
  "sum_ln_alpha": [
    0.052312016756652646,
    0.7494574563121738
  ]
}