{
  "scan_dir": "simulations\\results\\n7_coupling_defect_overlay_extended\\bond_3_4",
  "t_fit": 20.0,
  "labels": [
    "0.5",
    "2"
  ],
  "alphas": [
    [
      1.4875054655669657,
      2.595843764600858,
      1.9576024810219714,
      1.0009355291593698,
      0.27784648502838205,
      0.5790753889078304,
      0.8655876933377682
    ],
    [
      0.5658896113146805,
      0.3335495207409337,
      0.31418615178759823,
      7.3922255443133045,
      9.385688704308643,
      0.7122778096939496,
      0.7219637854752352
    ]
  ],
  "rmse": [
    [
      0.008929724621861429,
      0.009941548884660218,
      0.011073281620524813,
      0.014360906890658495,
      0.01085309119234472,
      0.008923952473027727,
      0.010339302849631787
    ],
    [
      0.0068036525827842005,
      0.009513067132335644,
      0.016406145381239277,
      0.0309327516153714,
      0.029299999180329835,
      0.011254494535188276,
      0.004471797702945543
    ]
  ],
  "rmse_2p": [
    [
      0.00837466431235602,
      0.009529544851281217,
      0.011027468424249304,
      0.008989163001636644,
      0.006445197261484265,
      0.005698606798969192,
      0.00585976086329579
    ],
    [
      0.006672903505177768,
      0.005779887500488122,
      0.011026727299347273,
      0.03093275160555142,
      0.029234552869580915,
      0.010776490497736898,
      0.0044087452146096264
    ]
  ],
  "boundary": [
    [
      false,
      false,
      false,
      false,
      false,
      false,
      false
    ],
    [
      false,
      false,
      false,
      false,
      false,
      false,
      false
    ]
  ],
  "log_log_slopes_rs": [
    [
      -0.6971512058912185,
      -1.0
    ],
    [
      -1.4801153406672853,
      -1.0
    ],
    [
      -1.3196981683553035,
      -1.0
    ],
    [
      1.442329861589492,
      1.0
    ],
    [
      2.5390513584464394,
      1.0
    ],
    [
      0.14934443131781422,
      0.9999999999999998
    ],
    [
      -0.1308767579044043,
      -1.0
    ]
  ],
  "sum_ln_alpha": [
    0.05231201606773339,
    0.749457517067952
  ]
}