{
  "scan_dir": "simulations\\results\\n7_coupling_defect_overlay_extended\\bond_4_5",
  "t_fit": 20.0,
  "labels": [
    "0.5",
    "2"
  ],
  "alphas": [
    [
      1.435793216112154,
      2.578811010435067,
      3.5434968627617507,
      0.80048032387237,
      0.5953352212304707,
      0.38105816106596907,
      0.6803086680773915
    ],
    [
      0.7253642021912908,
      0.5088807443072974,
      0.2494294377863395,
      0.10000044152960563,
      4.7096134031346395,
      6.676396921152243,
      0.9722267153314753
    ]
  ],
  "rmse": [
    [
      0.010794567556017546,
      0.011861631522238006,
      0.011104599422962307,
      0.006982174259605105,
      0.009199923560102144,
      0.014452176013925273,
      0.010847584079812799
    ],
    [
      0.007979625830060096,
      0.0029633499667830764,
      0.01727536576752987,
      0.01721140503177243,
      0.02285310014716544,
      0.021190807205494547,
      0.006528192301880288
    ]
  ],
  "rmse_2p": [
    [
      0.009739073350250706,
      0.009577980144713099,
      0.010975748839875765,
      0.00678262528755364,
      0.00579783660883455,
      0.004318035754665762,
      0.010674268807197278
    ],
    [
      0.006480501593108985,
      0.0028285752297939875,
      0.011329413403951757,
      0.014979980750760447,
      0.022756716783115548,
      0.02099114513964641,
      0.005596223668869995
    ]
  ],
  "boundary": [
    [
      false,
      false,
      false,
      false,
      false,
      false,
      false
    ],
    [
      false,
      false,
      false,
      true,
      false,
      false,
      false
    ]
  ],
  "log_log_slopes_rs": [
    [
      -0.492535266604858,
      -1.0
    ],
    [
      -1.1706532707130657,
      -1.0
    ],
    [
      -1.914235061915444,
      -1.0
    ],
    [
      -1.5004297856212871,
      -1.0
    ],
    [
      1.4919172419008775,
      1.0
    ],
    [
      2.065493304354487,
      1.0
    ],
    [
      0.25755165330033586,
      1.0
    ]
  ],
  "sum_ln_alpha": [
    0.4829740746403937,
    -1.2677648542475621
  ]
}