{
  "scan_dir": "simulations\\results\\n7_coupling_defect_overlay_extended\\bond_1_2",
  "t_fit": 20.0,
  "labels": [
    "0.5",
    "2"
  ],
  "alphas": [
    [
      0.6803086680766087,
      0.3810581610661811,
      0.5953352212330554,
      0.8004803238751846,
      3.5434968627361996,
      2.5788110104292854,
      1.4357932161380476
    ],
    [
      0.9722267153333203,
      6.676397353898607,
      4.709613000108068,
      0.10000044152960563,
      0.24942943781529417,
      0.5088807442895622,
      0.725364202191288
    ]
  ],
  "rmse": [
    [
      0.010847584079812797,
      0.014452176013925259,
      0.009199923560102158,
      0.0069821742596052234,
      0.0111045994229625,
      0.011861631522238006,
      0.01079456755601747
    ],
    [
      0.006528192301880292,
      0.021190807205494468,
      0.022853100147165382,
      0.017211405031772414,
      0.017275365767529877,
      0.002963349966783122,
      0.00797962583006019
    ]
  ],
  "rmse_2p": [
    [
      0.01067426880719916,
      0.00431803575349803,
      0.005797836608834456,
      0.0067826252875550185,
      0.010975748839879285,
      0.009577980144732092,
      0.00973907335025039
    ],
    [
      0.005596223668919004,
      0.02099114513956493,
      0.022756716783102482,
      0.014979989834258713,
      0.011329413403951962,
      0.0028285752297936423,
      0.006480501593108962
    ]
  ],
  "boundary": [
    [
      false,
      false,
      false,
      false,
      false,
      false,
      false
    ],
    [
      false,
      false,
      false,
      true,
      false,
      false,
      false
    ]
  ],
  "log_log_slopes_rs": [
    [
      0.25755165330253477,
      1.0
    ],
    [
      2.0654933511099194,
      1.0
    ],
    [
      1.4919171801682138,
      1.0000000000000002
    ],
    [
      -1.5004297856238238,
      -1.0000000000000002
    ],
    [
      -1.914235061826506,
      -1.0
    ],
    [
      -1.1706532707365884,
      -1.0
    ],
    [
      -0.49253526661786984,
      -1.0000000000000002
    ]
  ],
  "sum_ln_alpha": [
    0.48297407465623915,
    -1.2677648749223887
  ]
}