{
  "scan_dir": "simulations\\results\\n7_coupling_defect_overlay_extended\\bond_5_6",
  "t_fit": 20.0,
  "labels": [
    "0.5",
    "2"
  ],
  "alphas": [
    [
      1.0515878718793974,
      1.6606581690330977,
      2.139313676670457,
      2.935936912621102,
      0.760554875616003,
      0.7737589589767184,
      0.6285845005531253
    ],
    [
      0.8851355231516187,
      0.8115770284689344,
      0.5221340495958393,
      0.10000044152960563,
      0.5283976902939244,
      3.3979265134486116,
      3.5375565945619223
    ]
  ],
  "rmse": [
    [
      0.007934800311058464,
      0.007350430330788165,
      0.0047674687359065965,
      0.006885898824019214,
      0.005908470716651533,
      0.006371554695157462,
      0.007998115573564316
    ],
    [
      0.007081676770751641,
      0.00618837952983175,
      0.00883886334963237,
      0.016922300893316165,
      0.015078624834826332,
      0.015232135357187059,
      0.008362853879372875
    ]
  ],
  "rmse_2p": [
    [
      0.007933377248811073,
      0.005608487693476664,
      0.004579527762479525,
      0.006702764464191382,
      0.005786824122819913,
      0.005181819025961889,
      0.0052867123059187815
    ],
    [
      0.005746777328132636,
      0.004900412221889879,
      0.008790860428082643,
      0.014077594101278453,
      0.0071344889924974016,
      0.013753474040923403,
      0.007727934479985301
    ]
  ],
  "boundary": [
    [
      false,
      false,
      false,
      false,
      false,
      false,
      false
    ],
    [
      false,
      false,
      false,
      true,
      false,
      false,
      false
    ]
  ],
  "log_log_slopes_rs": [
    [
      -0.12429957000203352,
      -1.0
    ],
    [
      -0.5164776014928275,
      -1.0
    ],
    [
      -1.0173279423095487,
      -1.0
    ],
    [
      -2.4378713464376527,
      -1.0
    ],
    [
      -0.2627140923960547,
      -1.0
    ],
    [
      1.0673492690345627,
      1.0
    ],
    [
      1.2462873122568514,
      1.0
    ]
  ],
  "sum_ln_alpha": [
    1.400540279682625,
    -1.4345065089811473
  ]
}