{
  "scan_dir": "simulations\\results\\n7_coupling_defect_overlay_extended\\finer_Jmod",
  "t_fit": 20.0,
  "labels": [
    "0.3",
    "0.5",
    "0.7",
    "0.9",
    "1",
    "1.1",
    "1.3",
    "1.5",
    "1.7",
    "2",
    "2.5",
    "3"
  ],
  "alphas": [
    [
      0.357475704801134,
      0.8756619822720519,
      0.9011668218731074,
      3.640726147542533,
      2.465463310087714,
      1.910246714452251,
      1.2578791225596693
    ],
    [
      0.6285845005526488,
      0.7737589589768764,
      0.760554875597399,
      2.9359363224860853,
      2.139313671101755,
      1.6606581690165754,
      1.0515878718779346
    ],
    [
      0.7962507855083304,
      0.7989249408883345,
      0.8350658527868444,
      1.7612686112047888,
      1.7705223159332475,
      1.3815098386190214,
      0.9986943180360687
    ],
    [
      0.9259796549931318,
      0.8958362376086838,
      0.9390763132521606,
      0.9919301051033346,
      1.186282217891685,
      1.088555230479204,
      0.9981240512648656
    ],
    [
      0.9999999972446667,
      0.9999999965698899,
      1.000000040225496,
      1.000000033742588,
      1.0000000402254972,
      0.9999999965698904,
      0.9999999972446664
    ],
    [
      1.095270857246081,
      1.182021569085936,
      1.0507323381562632,
      0.9912424364381656,
      0.8453186817534908,
      0.9234754027208266,
      0.9969600707632464
    ],
    [
      1.5176570917936016,
      2.0064552950482146,
      1.0736690261424588,
      0.5115166066776784,
      0.5104548566129552,
      0.7718146276191578,
      0.9667216311427377
    ],
    [
      2.2699522775964813,
      2.78567343228077,
      0.934285181208668,
      0.4437886148097345,
      0.4318350450544414,
      0.6969234979010778,
      0.9098742275655758
    ],
    [
      2.98214251029934,
      3.241201324721115,
      0.6546067848853384,
      0.45261182305580405,
      0.4380150874052726,
      0.7089373488311612,
      0.8727048764668699
    ],
    [
      3.537556594323018,
      3.3979265130939003,
      0.5283976903047961,
      0.10000044152960563,
      0.5221340496036412,
      0.8115770284681749,
      0.8851355231621445
    ],
    [
      3.099677834358717,
      2.3511015716544716,
      0.3329545407641757,
      0.10257995969384588,
      0.8619343161204203,
      1.1896081494679718,
      1.011013915790948
    ],
    [
      2.062665860067963,
      1.33925189820352,
      0.3449198613920631,
      0.7420134236618204,
      1.1420716757584302,
      1.8135292897011273,
      1.114424311148992
    ]
  ],
  "rmse": [
    [
      0.005687555275209157,
      0.007927932771217441,
      0.007175088315385009,
      0.008154324134153464,
      0.006674041250308447,
      0.00893536063108568,
      0.008552362481758696
    ],
    [
      0.00799811557356434,
      0.006371554695157446,
      0.0059084707166515565,
      0.006885898824019213,
      0.0047674687359066095,
      0.007350430330788151,
      0.007934800311058447
    ],
    [
      0.004734490851178496,
      0.004683896332219757,
      0.004208232423902025,
      0.005531660616316552,
      0.0031560641402643046,
      0.005259874737535786,
      0.004572020792834098
    ],
    [
      0.0016044574883687043,
      0.0018171222324477106,
      0.0015668096452339185,
      0.0014801144701837433,
      0.002055910401780905,
      0.0021392412380770234,
      0.0012983185485407147
    ],
    [
      9.322257894196015e-11,
      7.432773814908628e-11,
      6.120214761415031e-10,
      5.535482026286448e-10,
      6.120214774803379e-10,
      7.432772114300746e-11,
      9.322258530714077e-11
    ],
    [
      0.0017707378857334459,
      0.0020698642552113974,
      0.0016641928227425337,
      0.0018866062858148695,
      0.002484839877329528,
      0.0022782424802799375,
      0.001115572324786473
    ],
    [
      0.004703140032212154,
      0.006739237719902852,
      0.004401356801243879,
      0.006464299355248548,
      0.0061198254488839515,
      0.006242442852160206,
      0.0028603675601927363
    ],
    [
      0.007276639073116091,
      0.013604427669413712,
      0.005801452514705925,
      0.011202015027944946,
      0.010026433032128657,
      0.007969232189586574,
      0.004142895942534784
    ],
    [
      0.009284919693663844,
      0.01724374465343412,
      0.008680346147434438,
      0.017483563420190112,
      0.010993957402559805,
      0.007364318209620553,
      0.005437134147311782
    ],
    [
      0.008362853879372831,
      0.015232135357186996,
      0.015078624834826323,
      0.01692230089331617,
      0.008838863349632348,
      0.006188379529831813,
      0.007081676770751725
    ],
    [
      0.007856619899668956,
      0.00716825514032599,
      0.02006210095742369,
      0.014290993272216607,
      0.005902636553859077,
      0.008222818409254345,
      0.007532848489481826
    ],
    [
      0.010549347713426312,
      0.005221681351722927,
      0.019776762771721794,
      0.013441680454138807,
      0.004403970593041504,
      0.008245073322758013,
      0.008026427275999535
    ]
  ],
  "rmse_2p": [
    [
      0.003817932692699046,
      0.006013072986412613,
      0.007121432809195642,
      0.00804695120817257,
      0.006452502879058381,
      0.0064364593016859335,
      0.00811842728651776
    ],
    [
      0.0052867123059186704,
      0.005181819025962594,
      0.005786824122821028,
      0.006685300065236124,
      0.004579527762481145,
      0.005608487693469512,
      0.007933377248812669
    ],
    [
      0.0027007325907576216,
      0.004075615060201385,
      0.004149090670915156,
      0.004032619692412443,
      0.0030222861037198165,
      0.004584906477671207,
      0.004558524672543985
    ],
    [
      0.001029053598438524,
      0.0017389348950361304,
      0.001542832467855304,
      0.0014801144700439272,
      0.0020099484308219976,
      0.0021006216960389296,
      0.0012905069390151268
    ],
    [
      4.297018321587813e-11,
      2.8396009346116906e-11,
      2.5867603856780753e-11,
      3.651806134849056e-11,
      2.5867596309236743e-11,
      2.8396035500725534e-11,
      4.2970169543299175e-11
    ],
    [
      0.0015087690040300927,
      0.00205693928645008,
      0.0016251228465952762,
      0.0018866062579411583,
      0.002455877796321861,
      0.002267955557444049,
      0.0011155722791405117
    ],
    [
      0.004703139965523365,
      0.00519977470228481,
      0.004134798482287734,
      0.006448683811828604,
      0.006104928955769268,
      0.006215311676905595,
      0.0028008611948876594
    ],
    [
      0.006622573155066674,
      0.012053721252391594,
      0.003430271305608957,
      0.006066553675238936,
      0.010023974935789279,
      0.0079239847351672,
      0.0035655335467336684
    ],
    [
      0.008395326766196663,
      0.015823252192764387,
      0.0042933976854316516,
      0.007988748604381396,
      0.01099292710876174,
      0.007124446556346457,
      0.00424413995653622
    ],
    [
      0.007727934480010008,
      0.013753474040919027,
      0.0071344889925221274,
      0.01407759410515492,
      0.008790860428082317,
      0.004900412221889046,
      0.005746777328106544
    ],
    [
      0.007644203480828228,
      0.006688345007929163,
      0.012962399371024847,
      0.012816603920794728,
      0.0058094793771038405,
      0.007757581316116751,
      0.007164855270159267
    ],
    [
      0.006940953760460661,
      0.004943933375244399,
      0.01327083155001567,
      0.007423184421766832,
      0.004403970508473382,
      0.008101928006355511,
      0.008010301104893579
    ]
  ],