{
  "scan_dir": "simulations\\results\\n7_coupling_defect_overlay_extended\\local_site3",
  "t_fit": 20.0,
  "labels": [
    "0.5",
    "1.5",
    "2"
  ],
  "alphas": [
    [
      0.8498049975415521,
      2.106875051438192,
      4.075389884035814,
      8.034016390126242,
      4.046488198318227,
      2.255594134581125,
      3.242139461352685
    ],
    [
      3.6610053188717053,
      2.6631908769631076,
      3.9360531604975226,
      7.9861658940173355,
      0.955886477713681,
      2.302356143685212,
      3.2326152117901685
    ],
    [
      1.220322335461936,
      1.2365942351746462,
      3.8187720994399017,
      7.9476778903456236,
      4.058828782244254,
      2.397402647690374,
      3.3503116435112545
    ]
  ],
  "rmse": [
    [
      0.01884524596028764,
      0.023409477157236458,
      0.02985233059643915,
      0.03798686235182595,
      0.033682592190125524,
      0.0241203063674285,
      0.035946392931816784
    ],
    [
      0.03456554108971926,
      0.029243886012291605,
      0.035435993654164284,
      0.032770835814139816,
      0.014542128334417133,
      0.025762467630498182,
      0.03053180340768277
    ],
    [
      0.022502572371400607,
      0.030858788807318255,
      0.03418296180306095,
      0.035509752793906287,
      0.026742211590914767,
      0.03123492489376046,
      0.033308740316322846
    ]
  ],
  "rmse_2p": [
    [
      0.01638129247040452,
      0.027760492926388224,
      0.028835380529818454,
      0.03730306668704022,
      0.03280514002408477,
      0.030003534637871598,
      0.03044483213496354
    ],
    [
      0.02960979335863839,
      0.034567596638303846,
      0.034757485524379836,
      0.03204844158302997,
      0.0320862943643489,
      0.030671160502048538,
      0.023880962021462702
    ],
    [
      0.022185161091638213,
      0.044948469642725704,
      0.03330981481229084,
      0.03505184918767724,
      0.025324846279574327,
      0.034682161856606705,
      0.02532240422993382
    ]
  ],
  "boundary": [
    [
      false,
      false,
      false,
      false,
      false,
      false,
      false
    ],
    [
      false,
      false,
      false,
      false,
      false,
      false,
      false
    ],
    [
      false,
      false,
      false,
      false,
      false,
      false,
      false
    ]
  ],
  "log_log_slopes_rs": [
    [
      0.5574002514369256,
      0.536165976565712
    ],
    [
      -0.2185733698811707,
      -0.4067487884800124
    ],
    [
      -0.04268437507021667,
      -0.9595394084730225
    ],
    [
      -0.007140314292670278,
      -0.9651682084911962
    ],
    [
      -0.3627709784484501,
      -0.3182425995535471
    ],
    [
      0.03696269355521493,
      0.8716414013784903
    ],
    [
      0.016364222237956274,
      0.6030610830060077
    ]
  ],
  "sum_ln_alpha": [
    7.458604701618807,
    7.687260396984424,
    7.308618522614195
  ]
}