{
  "scan_dir": "simulations\\results\\n7_coupling_defect_overlay",
  "t_fit": 20.0,
  "labels": [
    "0.5",
    "0.8",
    "1.2",
    "1.5",
    "2.0"
  ],
  "alphas": [
    [
      0.6285845005526488,
      0.7737589589768764,
      0.760554875597399,
      2.9359363224860853,
      2.139313671101755,
      1.6606581690165754,
      1.0515878718779346
    ],
    [
      0.8590161239627168,
      0.8349936057066328,
      0.8818583111910673,
      0.9850353753549641,
      1.5260121712514834,
      1.2201423007821262,
      0.9955554376433928
    ],
    [
      1.2655082451484772,
      1.5482026376041937,
      1.0802843025506865,
      0.9503103840772202,
      0.6244316526184156,
      0.8462078416106953,
      0.9863464297011548
    ],
    [
      2.2699522775964813,
      2.78567343228077,
      0.934285181208668,
      0.4437886148097345,
      0.4318350450544414,
      0.6969234979010778,
      0.9098742275655758
    ],
    [
      3.537556594323018,
      3.3979265130939003,
      0.5283976903047961,
      0.10000044152960563,
      0.5221340496036412,
      0.8115770284681749,
      0.8851355231621445
    ]
  ],
  "rmse": [
    [
      0.00799811557356434,
      0.006371554695157446,
      0.0059084707166515565,
      0.006885898824019213,
      0.0047674687359066095,
      0.007350430330788151,
      0.007934800311058447
    ],
    [
      0.0031168433211575418,
      0.003402658493084897,
      0.002966975421373273,
      0.0027614324256343584,
      0.0026616667221544413,
      0.00392345635010047,
      0.0028143295616759297
    ],
    [
      0.0034537776406305264,
      0.004118287006909865,
      0.0032133475593988502,
      0.004352894940999414,
      0.004421193761484701,
      0.004448288184605194,
      0.002064487550486926
    ],
    [
      0.007276639073116091,
      0.013604427669413712,
      0.005801452514705925,
      0.011202015027944946,
      0.010026433032128657,
      0.007969232189586574,
      0.004142895942534784
    ],
    [
      0.008362853879372831,
      0.015232135357186996,
      0.015078624834826323,
      0.01692230089331617,
      0.008838863349632348,
      0.006188379529831813,
      0.007081676770751725
    ]
  ],
  "rmse_2p": [
    [
      0.0052867123059186704,
      0.005181819025962594,
      0.005786824122821028,
      0.006685300065236124,
      0.004579527762481145,
      0.005608487693469512,
      0.007933377248812669
    ],
    [
      0.0018001027730679014,
      0.0031091296441925756,
      0.002925122591576852,
      0.0027614323038100694,
      0.0025458804241462185,
      0.003645160063162088,
      0.0027983398129847823
    ],
    [
      0.003359394439321351,
      0.003471243946296591,
      0.00310559109789681,
      0.004352894930842805,
      0.004379395545059198,
      0.004429596753836094,
      0.0020598479933295207
    ],
    [
      0.006622573155066674,
      0.012053721252391594,
      0.003430271305608957,
      0.006066553675238936,
      0.010023974935789279,
      0.0079239847351672,
      0.0035655335467336684
    ],
    [
      0.007727934480010008,
      0.013753474040919027,
      0.0071344889925221274,
      0.01407759410515492,
      0.008790860428082317,
      0.004900412221889046,
      0.005746777328106544
    ]
  ],
  "boundary": [
    [
      false,
      false,
      false,
      false,
      false,
      false,
      false
    ],
    [
      false,
      false,
      false,
      false,
      false,
      false,
      false
    ],
    [
      false,
      false,
      false,
      false,
      false,
      false,
      false
    ],
    [
      false,
      false,
      false,
      false,
      false,
      false,
      false
    ],
    [
      false,
      false,
      false,
      true,
      false,
      false,
      false
    ]
  ],
  "log_log_slopes_rs": [
    [
      1.2546115232972999,
      0.9685894624419501
    ],
    [
      1.182154928003789,
      0.951419673802084
    ],
    [
      -0.13784093691669158,
      -0.2750307238393868
    ],
    [
      -2.1362005284765195,
      -0.9296850682532365
    ],
    [
      -1.2198129056279094,
      -0.9411177877232874
    ],
    [
      -0.6052887766061906,
      -0.9319336461956736
    ],
    [
      -0.12337897710596066,
      -0.9543979938777979
    ]
  ],
  "sum_ln_alpha": [
    1.4005400760392337,
    0.14407052816146107,
    0.047174797520456085,
    -0.3313721552417783,
    -1.4345065091065987
  ]
}