{
  "scan_dir": "simulations\\results\\n7_coupling_defect_overlay_extended\\plus7",
  "t_fit": 20.0,
  "labels": [
    "0.9",
    "1",
    "1.1"
  ],
  "alphas": [
    [
      0.9531290851659592,
      0.9514375155184646,
      1.0048991118252573,
      0.998793538674101,
      0.9994924720320527,
      0.9953568703170202,
      0.9698912393496253
    ],
    [
      1.0000000676804592,
      0.999999992592618,
      0.9999999977561361,
      0.999999997910028,
      0.9999999977561356,
      0.9999999925926187,
      1.0000000676804592
    ],
    [
      1.0478095560286178,
      1.0533688854790506,
      0.9948225378690453,
      1.0012112570674716,
      1.0004037683229838,
      1.0039892874110223,
      1.0290921323041786
    ]
  ],
  "rmse": [
    [
      0.0055196789674016025,
      0.0008260768936355024,
      0.00046621501170301016,
      0.00026396543159092116,
      0.0003442865985480873,
      0.0008970422114886874,
      0.002988457000717657
    ],
    [
      1.0309427487052056e-08,
      4.678257742591123e-10,
      1.3075674900470994e-10,
      1.2260102848113973e-10,
      1.3075674873558065e-10,
      4.678256962494328e-10,
      1.0309427472377146e-08
    ],
    [
      0.004922576058694874,
      0.0008918640887013549,
      0.00040456518200028676,
      0.00020633844944044542,
      0.0002900721116363654,
      0.0008012820894366785,
      0.002876822989272061
    ]
  ],
  "rmse_2p": [
    [
      0.003976350217524885,
      0.062490365737538155,
      0.0004541628688089629,
      0.00025334431807997834,
      0.00033918030591609624,
      0.0605556834763768,
      0.002108802503315311
    ],
    [
      5.307390926481043e-10,
      0.06054817909635036,
      1.3837449811628206e-10,
      1.3852451933488483e-10,
      1.383744787555594e-10,
      0.06054817909635683,
      5.307391014060821e-10
    ],
    [
      0.0676528214992419,
      0.05861762268286879,
      0.0003858297490380854,
      0.00019369876928507652,
      0.00028595425745303637,
      0.060548476704977684,
      0.0021030046885645794
    ]
  ],
  "boundary": [
    [
      false,
      false,
      false,
      false,
      false,
      false,
      false
    ],
    [
      false,
      false,
      false,
      false,
      false,
      false,
      false
    ],
    [
      false,
      false,
      false,
      false,
      false,
      false,
      false
    ]
  ],
  "log_log_slopes_rs": [
    [
      0.4716652761977822,
      0.9997802783212016
    ],
    [
      0.506565380487911,
      0.9991407901854021
    ],
    [
      -0.05015468494533561,
      -0.998927994011853
    ],
    [
      0.012037822726468075,
      0.9995588374390121
    ],
    [
      0.004546336373902713,
      0.9993207120414398
    ],
    [
      0.04305211882758777,
      0.9998715229481338
    ],
    [
      0.2951623310795783,
      0.9999454104565184
    ]
  ],
  "sum_ln_alpha": [
    -0.12983917387925661,
    1.1396845025290843e-07,
    0.12777697763801532
  ]
}