{
  "scan_dir": "simulations\\results\\n7_coupling_defect_overlay_extended\\psi2_init",
  "t_fit": 20.0,
  "labels": [
    "0.5",
    "0.9",
    "1.1",
    "1.5"
  ],
  "alphas": [
    [
      0.5045152447615475,
      0.769627439759196,
      2.54453345765687,
      1.2721760069680772,
      0.7514624510888646,
      1.2376046388324633,
      1.3979250968511148
    ],
    [
      0.8767383990758669,
      0.9598660325284638,
      1.2492378651049045,
      1.0119701279840245,
      0.9091548672560601,
      1.0227514622280796,
      1.0530889308554925
    ],
    [
      1.1082257303251761,
      1.0007114266068924,
      0.8392117393188517,
      1.0098843591104174,
      1.1301589831217722,
      0.9844733545147836,
      0.9574379238451056
    ],
    [
      1.0316865351234918,
      0.42326681171122515,
      0.6341006543928971,
      1.5189518154285053,
      1.8698300094976243,
      0.8399521629340069,
      0.8432625453817307
    ]
  ],
  "rmse": [
    [
      0.015086853640562508,
      0.010305059142182188,
      0.0051133454271682895,
      0.0053264514189420775,
      0.005135158964382547,
      0.00670430325243831,
      0.011090059271148858
    ],
    [
      0.0031771200752311137,
      0.002338550044912632,
      0.0014575887903314631,
      0.0006171854893912781,
      0.0017700015382847004,
      0.0022289790822785484,
      0.002695464682448728
    ],
    [
      0.003015448857431276,
      0.002558747066650905,
      0.002219081765130736,
      0.0008924249108633083,
      0.0019084137079956249,
      0.002614343298401422,
      0.0025413903974406864
    ],
    [
      0.013232912636924858,
      0.010882560845165788,
      0.00829605043080772,
      0.010490362953274554,
      0.008575377879999782,
      0.011788768267646436,
      0.010189551208388546
    ]
  ],
  "rmse_2p": [
    [
      0.007422127654771189,
      0.007220630860200135,
      0.00508505931608787,
      0.005308776596328855,
      0.005041344429191063,
      0.006704303181214967,
      0.011075140436766967
    ],
    [
      0.0028011398907097623,
      0.0023241463078270135,
      0.0014023999451739017,
      0.0005911672698328401,
      0.0017639023496629953,
      0.0022233888551894815,
      0.0026804096635821553
    ],
    [
      0.002798075619183339,
      0.0025416077074466247,
      0.0018895694272710456,
      0.0008874356815333845,
      0.0017618485708197217,
      0.002600832953818072,
      0.002524476983604469
    ],
    [
      0.011637896633013387,
      0.010876538747284883,
      0.005314457007953925,
      0.009073773649864737,
      0.005419942397058036,
      0.011747326795791038,
      0.010127601849500316
    ]
  ],
  "boundary": [
    [
      false,
      false,
      false,
      false,
      false,
      false,
      false
    ],
    [
      false,
      false,
      false,
      false,
      false,
      false,
      false
    ],
    [
      false,
      false,
      false,
      false,
      false,
      false,
      false
    ],
    [
      false,
      false,
      false,
      false,
      false,
      false,
      false
    ]
  ],
  "log_log_slopes_rs": [
    [
      0.7151883305700125,
      0.9293643778776164
    ],
    [
      -0.3876262557882536,
      -0.452410892541195
    ],
    [
      -1.2958897257407402,
      -0.9947847502216131
    ],
    [
      0.08238962790523931,
      0.1929913446132201
    ],
    [
      0.779067355403691,
      0.9173633518875018
    ],
    [
      -0.34057323162678305,
      -0.989916106409716
    ],
    [
      -0.46362822612718296,
      -0.9992777687353871
    ]
  ],
  "sum_ln_alpha": [
    0.491102989583233,
    0.04090889815591951,
    0.0012305421125186969,
    -0.5851244794258788
  ]
}