{
  "scan_dir": "simulations\\results\\n7_coupling_defect_overlay_extended\\psi3",
  "t_fit": 20.0,
  "labels": [
    "0.9",
    "1",
    "1.1"
  ],
  "alphas": [
    [
      1.1543101458128424,
      1.1876044055438932,
      0.938393641965403,
      0.9119006517965375,
      1.0308035182453095,
      0.9040583030719781,
      0.9606239328713357
    ],
    [
      1.0000000474953183,
      0.9999999966930426,
      0.9999999981497428,
      1.0000000844308978,
      0.999999998149743,
      0.999999996693043,
      1.0000000474953183
    ],
    [
      0.8828719543054879,
      0.8751055004269563,
      1.0808815859524554,
      1.05805882825211,
      0.9800584132518615,
      1.1158711345463996,
      1.0380076371099425
    ]
  ],
  "rmse": [
    [
      0.0019475766000525841,
      0.002583194910431647,
      0.0015863781785193,
      0.0015084574330423972,
      0.001494225222890316,
      0.0022664063838553597,
      0.001428437534255836
    ],
    [
      7.794745689447505e-10,
      7.033630793294561e-11,
      5.929532380779443e-11,
      1.4539227731084304e-09,
      5.929530246668996e-11,
      7.033629164613415e-11,
      7.794745524156971e-10
    ],
    [
      0.0024976828335424826,
      0.0027709398489113024,
      0.0020376739610658097,
      0.0014713929854989595,
      0.0011947460335057247,
      0.002313296257801294,
      0.001602551260253195
    ]
  ],
  "rmse_2p": [
    [
      0.0019475764018079206,
      0.0025699991388393765,
      0.001056483656732092,
      0.0014472748516372665,
      0.0014859586714040735,
      0.0022555108853950217,
      0.0014170935436580675
    ],
    [
      4.29077362102181e-11,
      4.0317076724051936e-11,
      4.227260296830346e-11,
      1.726381865785917e-10,
      4.2272613784838177e-11,
      4.0317097533892056e-11,
      4.290773462038048e-11
    ],
    [
      0.0024449561166827566,
      0.0026341171330697874,
      0.0016781066833019926,
      0.0014283928827599772,
      0.001180908496435087,
      0.0023132962500242945,
      0.0016025511674161912
    ]
  ],
  "boundary": [
    [
      false,
      false,
      false,
      false,
      false,
      false,
      false
    ],
    [
      false,
      false,
      false,
      false,
      false,
      false,
      false
    ],
    [
      false,
      false,
      false,
      false,
      false,
      false,
      false
    ]
  ],
  "log_log_slopes_rs": [
    [
      -1.3363673032677177,
      -0.9999299842120192
    ],
    [
      -1.5235735547549456,
      -0.999040459814309
    ],
    [
      0.7026832245438233,
      0.9962350250540197
    ],
    [
      0.7431725058566006,
      0.9940437377393437
    ],
    [
      -0.2522022971360809,
      -0.9962029057730007
    ],
    [
      1.047360711494337,
      0.9985975036788
    ],
    [
      0.3859983293517733,
      0.9999716539233449
    ]
  ],
  "sum_ln_alpha": [
    0.04893598759173508,
    1.691071001506031e-07,
    0.0030224225805105046
  ]
}