{
  "scan_dir": "simulations\\results\\n7_coupling_defect_overlay_extended\\psi4",
  "t_fit": 20.0,
  "labels": [
    "0.9",
    "1",
    "1.1"
  ],
  "alphas": [
    [
      2.645097068962208,
      1.0022397750449,
      0.798822353118276,
      0.9925086526358412,
      0.7793137238145306,
      0.9836500244853182,
      0.8127642555966722
    ],
    [
      1.0000000569578649,
      0.9999999962127836,
      1.0000001039963256,
      0.9999999954517339,
      1.0000001039963253,
      0.9999999962127833,
      1.0000000569578653
    ],
    [
      0.6175480678393283,
      0.9968774470812943,
      1.113325486001141,
      1.0088751803712563,
      1.2810694542406864,
      1.0109352920610502,
      1.1035818388701184
    ]
  ],
  "rmse": [
    [
      0.003297705730881419,
      0.00137227375847021,
      0.002579981174806255,
      0.0008736605421971541,
      0.00223922621128348,
      0.0012342209804579697,
      0.0032039148893009822
    ],
    [
      8.976939293567627e-10,
      1.4220566853175577e-10,
      1.4831484949246627e-09,
      1.7638426705531197e-10,
      1.4831484955934676e-09,
      1.4220566143848717e-10,
      8.976939449677719e-10
    ],
    [
      0.004237431718687699,
      0.0012459639013660557,
      0.0023904069991716637,
      0.0008685235256639044,
      0.0018053936481442741,
      0.0011687158842376981,
      0.0029414244031648502
    ]
  ],
  "rmse_2p": [
    [
      0.003234758464790604,
      0.0013564960863952143,
      0.0025665962186864582,
      0.0008576973698044046,
      0.0022392260638058937,
      0.001230150605162862,
      0.003190810183959646
    ],
    [
      3.841790470228092e-11,
      9.061412798244413e-11,
      6.979437012071782e-11,
      9.588920005318793e-11,
      6.979437626845703e-11,
      9.061412605657505e-11,
      3.8417910306391205e-11
    ],
    [
      0.0042020841070020175,
      0.0012434159462463752,
      0.0023411263710762568,
      0.0008438984773945104,
      0.0017935702086047955,
      0.0011541834360482024,
      0.002911110694868615
    ]
  ],
  "boundary": [
    [
      false,
      false,
      false,
      false,
      false,
      false,
      false
    ],
    [
      false,
      false,
      false,
      false,
      false,
      false,
      false
    ],
    [
      false,
      false,
      false,
      false,
      false,
      false,
      false
    ]
  ],
  "log_log_slopes_rs": [
    [
      -7.283954280408509,
      -0.9866734961030155
    ],
    [
      -0.02663756397738339,
      -0.9922703790202183
    ],
    [
      1.662658760549264,
      0.9851967978680447
    ],
    [
      0.0813270322982182,
      0.9971628108726809
    ],
    [
      2.474945601957675,
      0.9996356521018068
    ],
    [
      0.13670033727393474,
      0.9960506256921828
    ],
    [
      1.5320314753266748,
      0.9849770780490831
    ]
  ],
  "sum_ln_alpha": [
    0.26966791205225754,
    3.097856678004361e-07,
    -0.011806030603521936
  ]
}