{
  "mode": "seeds",
  "scenario": "warm",
  "shots": 8192,
  "a_by_seed": {
    "0": [
      0.0028109304636340622,
      0.0028133226070860854,
      0.0028635429395528597,
      0.0028349152778924776,
      0.0028367706261837266,
      0.0028468882938783202,
      0.002872225176620643,
      0.002868778398962567,
      0.0028628741189986023,
      0.0028111937655017094,
      0.002829548428579912,
      0.002863940794031357,
      0.002861917447760277,
      0.0028293940008485693,
      0.002842962756663574,
      0.002851191980506549,
      0.0028414825887138773,
      0.002815837303587992,
      0.0028410470455420256,
      0.002827753427021015
    ],
    "1": [
      0.004515945438577716,
      0.004441219340144973,
      0.004503741406277522,
      0.004462154274343189,
      0.004500898696802919,
      0.0044811525061665535,
      0.00453375516401462,
      0.004449711460156554,
      0.004432284352962316,
      0.004562188119883258,
      0.004507246538984406,
      0.004547545363748201,
      0.00445423292083358,
      0.004489797406214471,
      0.00453044460495652,
      0.004538611558405434,
      0.00443387384823182,
      0.004483634272725774,
      0.004420490373190864,
      0.004442243523389974
    ],
    "2": [
      0.0031310877404486597,
      0.003061819325153548,
      0.0031186777811935957,
      0.0031158357486026625,
      0.0031158963953094375,
      0.0031482023935052272,
      0.0031326152778709732,
      0.003116635371476627,
      0.003147277300454848,
      0.0031233120603510584,
      0.003139952098938043,
      0.0031103046266230823,
      0.0031453148299016775,
      0.00307197032729662,
      0.00305676215800559,
      0.003077060281630188,
      0.003134434923438892,
      0.0031085922411179913,
      0.0031395017923707713,
      0.00311989643957983
    ]
  },
  "a_err_by_seed": {
    "0": [
      3.3574266656979837e-05,
      3.35258255540202e-05,
      3.393773710864393e-05,
      3.371763188413853e-05,
      3.383602171198358e-05,
      3.384513731179959e-05,
      3.392811435413966e-05,
      3.396594597395602e-05,
      3.4050122263116705e-05,
      3.373258617064699e-05,
      3.387291209573113e-05,
      3.3944865904102536e-05,
      3.3953683117533004e-05,
      3.378345351374823e-05,
      3.389359643292884e-05,
      3.3750337793244175e-05,
      3.382956325320199e-05,
      3.3722132401506046e-05,
      3.392298975322281e-05,
      3.389439047871031e-05
    ],
    "1": [
      5.031581085321025e-05,
      5.006434492841281e-05,
      5.027610619918784e-05,
      4.9892036181759604e-05,
      5.065089362590974e-05,
      5.0187740419410177e-05,
      5.035555772519092e-05,
      4.998433928909286e-05,
      4.9550525684125114e-05,
      5.095256672791631e-05,
      5.0109286267014465e-05,
      5.062697232317784e-05,
      5.004362038908926e-05,
      5.039260885697664e-05,
      5.05581842754343e-05,
      5.069844338883538e-05,
      4.9498925056340874e-05,
      5.0254655348408824e-05,
      4.9410836947193173e-05,
      4.9629771878988456e-05
    ],
    "2": [
      3.5342571412272196e-05,
      3.486456940116091e-05,
      3.5209950435612544e-05,
      3.521931862081165e-05,
      3.539149827340618e-05,
      3.545642623553414e-05,
      3.54810897259712e-05,
      3.529275305223375e-05,
      3.536152727505382e-05,
      3.523172434354685e-05,
      3.5155768581397464e-05,
      3.5167453207365405e-05,
      3.5381819889177925e-05,
      3.48458565136921e-05,
      3.474194925782401e-05,
      3.513229567636037e-05,
      3.5245341553390435e-05,
      3.5161045680785764e-05,
      3.533084502812368e-05,
      3.525679767804666e-05
    ]
  }
}