{
  "N": 4,
  "gamma_0": 0.05,
  "dJ_extract": 0.01,
  "sector_dim": 25,
  "full_dim": 256,
  "s_values": [
    -0.12,
    -0.08,
    -0.04,
    0.0,
    0.04,
    0.08,
    0.12
  ],
  "probe_states": [
    "psi1+vac",
    "psi2+vac"
  ],
  "j_anti_direction": [
    -1.0,
    0.0,
    1.0
  ],
  "j_sym_profiles": {
    "uniform_0.8": [
      0.8,
      0.8,
      0.8
    ],
    "uniform_1.0": [
      1.0,
      1.0,
      1.0
    ],
    "uniform_1.2": [
      1.2,
      1.2,
      1.2
    ],
    "valley_nonuniform": [
      1.2,
      0.7999999999999999,
      1.2
    ]
  },
  "c1": {
    "uniform_0.8": {
      "-0.12": {
        "bond0": {
          "psi1+vac": 0.9277346622925453,
          "psi2+vac": 0.9519467040159463
        },
        "bond1": {
          "psi1+vac": 2.610394401819257,
          "psi2+vac": 2.405197539963939
        },
        "bond2": {
          "psi1+vac": -0.059103172007695,
          "psi2+vac": 0.08255994953472368
        }
      },
      "-0.08": {
        "bond0": {
          "psi1+vac": 0.7858670225718591,
          "psi2+vac": 0.7926914462391277
        },
        "bond1": {
          "psi1+vac": 1.8193933791319372,
          "psi2+vac": 1.7301680547711913
        },
        "bond2": {
          "psi1+vac": 0.46957707895111317,
          "psi2+vac": 0.5303718247750354
        }
      },
      "-0.04": {
        "bond0": {
          "psi1+vac": 0.9010075696734963,
          "psi2+vac": 0.8814134555789142
        },
        "bond1": {
          "psi1+vac": 0.4660524506583992,
          "psi2+vac": 0.46653060943976393
        },
        "bond2": {
          "psi1+vac": 0.9804624430410321,
          "psi2+vac": 1.0036582081093899
        }
      },
      "+0.00": {
        "bond0": {
          "psi1+vac": 1.1335082743591687,
          "psi2+vac": 1.13287792082805
        },
        "bond1": {
          "psi1+vac": -0.3978910883685709,
          "psi2+vac": -0.39789108835186077
        },
        "bond2": {
          "psi1+vac": 1.1335082744095637,
          "psi2+vac": 1.1328779208487534
        }
      },
      "+0.04": {
        "bond0": {
          "psi1+vac": 0.9804624429421375,
          "psi2+vac": 1.003658208106504
        },
        "bond1": {
          "psi1+vac": 0.4660524506851136,
          "psi2+vac": 0.4665306093780095
        },
        "bond2": {
          "psi1+vac": 0.9010075706719116,
          "psi2+vac": 0.8814134561720942
        }
      },
      "+0.08": {
        "bond0": {
          "psi1+vac": 0.4695770789194133,
          "psi2+vac": 0.5303718247510175
        },
        "bond1": {
          "psi1+vac": 1.8193933791196408,
          "psi2+vac": 1.7301680547658826
        },
        "bond2": {
          "psi1+vac": 0.7858670225897899,
          "psi2+vac": 0.7926914462333484
        }
      },
      "+0.12": {
        "bond0": {
          "psi1+vac": -0.05910317197824007,
          "psi2+vac": 0.08255994950041397
        },
        "bond1": {
          "psi1+vac": 2.6103944016971123,
          "psi2+vac": 2.4051975402535084
        },
        "bond2": {
          "psi1+vac": 0.9277346622683554,
          "psi2+vac": 0.9519467040055513
        }
      }
    },
    "uniform_1.0": {
      "-0.12": {
        "bond0": {
          "psi1+vac": 0.6719063722071619,
          "psi2+vac": 0.6761599321021114
        },
        "bond1": {
          "psi1+vac": 2.224602625291338,
          "psi2+vac": 2.1573843498196896
        },
        "bond2": {
          "psi1+vac": -0.028909836417757632,
          "psi2+vac": 0.0019914075587416317
        }
      },
      "-0.08": {
        "bond0": {
          "psi1+vac": 0.5865143363557835,
          "psi2+vac": 0.5924199223366191
        },
        "bond1": {
          "psi1+vac": 1.4972410768331743,
          "psi2+vac": 1.4778425700951934
        },
        "bond2": {
          "psi1+vac": 0.4041168905720949,
          "psi2+vac": 0.39787764467549624
        }
      },
      "-0.04": {
        "bond0": {
          "psi1+vac": 0.7023842313347838,
          "psi2+vac": 0.7017739433116945
        },
        "bond1": {
          "psi1+vac": 0.37315430916777415,
          "psi2+vac": 0.38155472997393775
        },
        "bond2": {
          "psi1+vac": 0.7969146376022033,
          "psi2+vac": 0.7864235947639869
        }
      },
      "+0.00": {
        "bond0": {
          "psi1+vac": 0.8978901610994378,
          "psi2+vac": 0.8975490450471176
        },
        "bond1": {
          "psi1+vac": -0.3112461470415561,
          "psi2+vac": -0.3112461470511762
        },
        "bond2": {
          "psi1+vac": 0.8978901610363136,
          "psi2+vac": 0.8975490450568259
        }
      },
      "+0.04": {
        "bond0": {
          "psi1+vac": 0.7969146375739342,
          "psi2+vac": 0.7864235946002379
        },
        "bond1": {
          "psi1+vac": 0.37315430918272674,
          "psi2+vac": 0.38155472999000045
        },
        "bond2": {
          "psi1+vac": 0.7023842313948877,
          "psi2+vac": 0.7017739433053187
        }
      },
      "+0.08": {
        "bond0": {
          "psi1+vac": 0.40411689056480093,
          "psi2+vac": 0.39787764468090064
        },
        "bond1": {
          "psi1+vac": 1.4972410768319957,
          "psi2+vac": 1.4778425700795148
        },
        "bond2": {
          "psi1+vac": 0.5865143363752372,
          "psi2+vac": 0.5924199223338289
        }
      },
      "+0.12": {
        "bond0": {
          "psi1+vac": -0.0289098364258867,
          "psi2+vac": 0.001991407538266292
        },
        "bond1": {
          "psi1+vac": 2.2246026252978535,
          "psi2+vac": 2.1573843498196728
        },
        "bond2": {
          "psi1+vac": 0.6719063722136155,
          "psi2+vac": 0.676159932112452
        }
      }
    },
    "uniform_1.2": {
      "-0.12": {
        "bond0": {
          "psi1+vac": 0.5206548802666001,
          "psi2+vac": 0.5099774190251588
        },
        "bond1": {
          "psi1+vac": 1.8725104208049452,
          "psi2+vac": 1.8651639386120973
        },
        "bond2": {
          "psi1+vac": 0.017694605467671095,
          "psi2+vac": 0.015472122207502614
        }
      },
      "-0.08": {
        "bond0": {
          "psi1+vac": 0.4926376418007033,
          "psi2+vac": 0.4827716838478852
        },
        "bond1": {
          "psi1+vac": 1.2341551924949166,
          "psi2+vac": 1.243735779294116
        },
        "bond2": {
          "psi1+vac": 0.34868259373895033,
          "psi2+vac": 0.3363804626047339
        }
      },
      "-0.04": {
        "bond0": {
          "psi1+vac": 0.6025132424141181,
          "psi2+vac": 0.5951412400135145
        },
        "bond1": {
          "psi1+vac": 0.3012488258396543,
          "psi2+vac": 0.3131583721009622
        },
        "bond2": {
          "psi1+vac": 0.6551546111193167,
          "psi2+vac": 0.647783798888696
        }
      },
      "+0.00": {
        "bond0": {
          "psi1+vac": 0.7477143178348399,
          "psi2+vac": 0.7475775568998567
        },
        "bond1": {
          "psi1+vac": -0.2578733203710291,
          "psi2+vac": -0.2578733204102067
        },
        "bond2": {
          "psi1+vac": 0.7477143178249913,
          "psi2+vac": 0.7475775569144849
        }
      },
      "+0.04": {
        "bond0": {
          "psi1+vac": 0.6551546111290711,
          "psi2+vac": 0.6477837989956936
        },
        "bond1": {
          "psi1+vac": 0.3012488258444336,
          "psi2+vac": 0.3131583720858976
        },
        "bond2": {
          "psi1+vac": 0.6025132424114951,
          "psi2+vac": 0.5951412400223723
        }
      },
      "+0.08": {
        "bond0": {
          "psi1+vac": 0.34868259373455757,
          "psi2+vac": 0.3363804625921566
        },
        "bond1": {
          "psi1+vac": 1.234155192501788,
          "psi2+vac": 1.2437357792979131
        },
        "bond2": {
          "psi1+vac": 0.49263764181187025,
          "psi2+vac": 0.4827716838365378
        }
      },