{
  "N": 3,
  "gamma_0": 0.05,
  "dJ_extract": 0.01,
  "sector_dim": 16,
  "full_dim": 64,
  "s_values": [
    -0.12,
    -0.08,
    -0.04,
    0.0,
    0.04,
    0.08,
    0.12
  ],
  "probe_states": [
    "psi1+vac",
    "psi2+vac"
  ],
  "j_anti_direction": [
    -1.0,
    1.0
  ],
  "j_sym_profiles": {
    "uniform_0.8": [
      0.8,
      0.8
    ],
    "uniform_1.0": [
      1.0,
      1.0
    ],
    "uniform_1.2": [
      1.2,
      1.2
    ],
    "valley_nonuniform": [
      1.2,
      1.2
    ]
  },
  "c1": {
    "uniform_0.8": {
      "-0.12": {
        "bond0": {
          "psi1+vac": 1.4004882770687568,
          "psi2+vac": 1.398123813760506
        },
        "bond1": {
          "psi1+vac": 0.8621496832433126,
          "psi2+vac": 1.5633472529564294
        }
      },
      "-0.08": {
        "bond0": {
          "psi1+vac": 1.102365589070627,
          "psi2+vac": 1.304013638070744
        },
        "bond1": {
          "psi1+vac": 0.8747176118354061,
          "psi2+vac": 1.5251847843649167
        }
      },
      "-0.04": {
        "bond0": {
          "psi1+vac": 0.6276037622767692,
          "psi2+vac": 1.0991704679013465
        },
        "bond1": {
          "psi1+vac": 0.6826754241657222,
          "psi2+vac": 1.338414838473059
        }
      },
      "+0.00": {
        "bond0": {
          "psi1+vac": 0.3290670316173125,
          "psi2+vac": 0.7115737524846499
        },
        "bond1": {
          "psi1+vac": 0.32906703161296796,
          "psi2+vac": 0.7115737525951756
        }
      },
      "+0.04": {
        "bond0": {
          "psi1+vac": 0.6826754241462983,
          "psi2+vac": 1.338414838470278
        },
        "bond1": {
          "psi1+vac": 0.6276037622745925,
          "psi2+vac": 1.0991704678984886
        }
      },
      "+0.08": {
        "bond0": {
          "psi1+vac": 0.8747176118584508,
          "psi2+vac": 1.5251847843611859
        },
        "bond1": {
          "psi1+vac": 1.1023655890717254,
          "psi2+vac": 1.304013638074241
        }
      },
      "+0.12": {
        "bond0": {
          "psi1+vac": 0.8621496832515594,
          "psi2+vac": 1.5633472529538714
        },
        "bond1": {
          "psi1+vac": 1.4004882770620588,
          "psi2+vac": 1.3981238137706729
        }
      }
    },
    "uniform_1.0": {
      "-0.12": {
        "bond0": {
          "psi1+vac": 1.1290203913643806,
          "psi2+vac": 1.1426091138002683
        },
        "bond1": {
          "psi1+vac": 0.7345529984929042,
          "psi2+vac": 1.2307430513574813
        }
      },
      "-0.08": {
        "bond0": {
          "psi1+vac": 0.8886065324828808,
          "psi2+vac": 1.0790799758782033
        },
        "bond1": {
          "psi1+vac": 0.7228481308187078,
          "psi2+vac": 1.1919170239707886
        }
      },
      "-0.04": {
        "bond0": {
          "psi1+vac": 0.5120911745359212,
          "psi2+vac": 0.9178927059496016
        },
        "bond1": {
          "psi1+vac": 0.5408130907724087,
          "psi2+vac": 1.0382690776300976
        }
      },
      "+0.00": {
        "bond0": {
          "psi1+vac": 0.26356707083796693,
          "psi2+vac": 0.5696642733680517
        },
        "bond1": {
          "psi1+vac": 0.2635670708383959,
          "psi2+vac": 0.5696642734109073
        }
      },
      "+0.04": {
        "bond0": {
          "psi1+vac": 0.5408130907706199,
          "psi2+vac": 1.038269077629854
        },
        "bond1": {
          "psi1+vac": 0.512091174537196,
          "psi2+vac": 0.9178927059644972
        }
      },
      "+0.08": {
        "bond0": {
          "psi1+vac": 0.7228481308277231,
          "psi2+vac": 1.191917023972446
        },
        "bond1": {
          "psi1+vac": 0.8886065324857351,
          "psi2+vac": 1.079079975882263
        }
      },
      "+0.12": {
        "bond0": {
          "psi1+vac": 0.734552998547925,
          "psi2+vac": 1.2307430513574298
        },
        "bond1": {
          "psi1+vac": 1.1290203913703434,
          "psi2+vac": 1.1426091138021992
        }
      }
    },
    "uniform_1.2": {
      "-0.12": {
        "bond0": {
          "psi1+vac": 0.9380294384876787,
          "psi2+vac": 0.9584617907195103
        },
        "bond1": {
          "psi1+vac": 0.6418394069421658,
          "psi2+vac": 1.0194260380211848
        }
      },
      "-0.08": {
        "bond0": {
          "psi1+vac": 0.7416504670104312,
          "psi2+vac": 0.9105400161895452
        },
        "bond1": {
          "psi1+vac": 0.6163769320280654,
          "psi2+vac": 0.9853156066165081
        }
      },
      "-0.04": {
        "bond0": {
          "psi1+vac": 0.4314285022910255,
          "psi2+vac": 0.7770935137427283
        },
        "bond1": {
          "psi1+vac": 0.4482836322781883,
          "psi2+vac": 0.8582146239736155
        }
      },
      "+0.00": {
        "bond0": {
          "psi1+vac": 0.21749369564550788,
          "psi2+vac": 0.47040989347973017
        },
        "bond1": {
          "psi1+vac": 0.21749369563081616,
          "psi2+vac": 0.470409893518417
        }
      },
      "+0.04": {
        "bond0": {
          "psi1+vac": 0.44828363227348245,
          "psi2+vac": 0.858214623975353
        },
        "bond1": {
          "psi1+vac": 0.4314285022922118,
          "psi2+vac": 0.7770935137449968
        }
      },
      "+0.08": {
        "bond0": {
          "psi1+vac": 0.6163769320255669,
          "psi2+vac": 0.9853156066183515
        },
        "bond1": {
          "psi1+vac": 0.7416504670014828,
          "psi2+vac": 0.9105400161902281
        }
      },
      "+0.12": {
        "bond0": {
          "psi1+vac": 0.6418394069408706,
          "psi2+vac": 1.0194260380196918
        },
        "bond1": {
          "psi1+vac": 0.9380294384818467,
          "psi2+vac": 0.9584617907150528
        }
      }
    },
    "valley_nonuniform": {
      "-0.12": {
        "bond0": {
          "psi1+vac": 0.9380294384876787,
          "psi2+vac": 0.9584617907195103
        },
        "bond1": {
          "psi1+vac": 0.6418394069421658,
          "psi2+vac": 1.0194260380211848
        }
      },
      "-0.08": {
        "bond0": {
          "psi1+vac": 0.7416504670104312,
          "psi2+vac": 0.9105400161895452
        },
        "bond1": {
          "psi1+vac": 0.6163769320280654,
          "psi2+vac": 0.9853156066165081
        }
      },
      "-0.04": {
        "bond0": {
          "psi1+vac": 0.4314285022910255,
          "psi2+vac": 0.7770935137427283
        },
        "bond1": {
          "psi1+vac": 0.4482836322781883,
          "psi2+vac": 0.8582146239736155
        }
      },
      "+0.00": {
        "bond0": {
          "psi1+vac": 0.21749369564550788,
          "psi2+vac": 0.47040989347973017
        },
        "bond1": {
          "psi1+vac": 0.21749369563081616,
          "psi2+vac": 0.470409893518417
        }
      },
      "+0.04": {
        "bond0": {
          "psi1+vac": 0.44828363227348245,
          "psi2+vac": 0.858214623975353
        },
        "bond1": {
          "psi1+vac": 0.4314285022922118,
          "psi2+vac": 0.7770935137449968
        }
      },
      "+0.08": {
        "bond0": {
          "psi1+vac": 0.6163769320255669,
          "psi2+vac": 0.9853156066183515
        },
        "bond1": {
          "psi1+vac": 0.7416504670014828,
          "psi2+vac": 0.9105400161902281
        }
      },
      "+0.12": {
        "bond0": {
          "psi1+vac": 0.6418394069408706,
          "psi2+vac": 1.0194260380196918
        },
        "bond1": {
          "psi1+vac": 0.9380294384818467,
          "psi2+vac": 0.9584617907150528
        }
      }
    }
  },
  "max_alpha_fit_rmse": 0.0010172419744964372,
  "n_flat_site_guards": 0,
  "analysis": {
    "criterion_a_palindromic_survival_maxabs": 1.1052569970360082e-10,
    "criterion_b_oddness_residual_maxabs": 4.9057979900624105e-11,
    "even_power_const_maxabs": 3.664053428481066e-11,
    "even_power_quad_maxabs": 2.8143459784857328e-09,