{
  "N": 3,
  "gamma_0": 0.05,
  "dJ_extract": 0.01,
  "s_values": [
    -0.12,
    -0.08,
    -0.04,
    0.0,
    0.04,
    0.08,
    0.12
  ],
  "probe_states": [
    "psi1+vac",
    "psi2+vac"
  ],
  "j_anti_direction": [
    -1.0,
    1.0
  ],
  "j_sym_profiles": {
    "uniform_0.8": [
      0.8,
      0.8
    ],
    "uniform_1.0": [
      1.0,
      1.0
    ],
    "uniform_1.2": [
      1.2,
      1.2
    ],
    "valley_nonuniform": [
      1.2,
      1.2
    ]
  },
  "c1": {
    "uniform_0.8": {
      "-0.12": {
        "bond0": {
          "psi1+vac": 1.4004882770646034,
          "psi2+vac": 1.3981238137710876
        },
        "bond1": {
          "psi1+vac": 0.8621496832436457,
          "psi2+vac": 1.5633472529410142
        }
      },
      "-0.08": {
        "bond0": {
          "psi1+vac": 1.1023655890690893,
          "psi2+vac": 1.3040136380783305
        },
        "bond1": {
          "psi1+vac": 0.874717611797446,
          "psi2+vac": 1.5251847843562754
        }
      },
      "-0.04": {
        "bond0": {
          "psi1+vac": 0.6276037622842217,
          "psi2+vac": 1.099170467884197
        },
        "bond1": {
          "psi1+vac": 0.6826754241137534,
          "psi2+vac": 1.3384148384635894
        }
      },
      "+0.00": {
        "bond0": {
          "psi1+vac": 0.3290670316133471,
          "psi2+vac": 0.7115737525230047
        },
        "bond1": {
          "psi1+vac": 0.32906703161484885,
          "psi2+vac": 0.7115737525364733
        }
      },
      "+0.04": {
        "bond0": {
          "psi1+vac": 0.682675424131235,
          "psi2+vac": 1.338414838456034
        },
        "bond1": {
          "psi1+vac": 0.6276037622789512,
          "psi2+vac": 1.0991704679140673
        }
      },
      "+0.08": {
        "bond0": {
          "psi1+vac": 0.8747176118687965,
          "psi2+vac": 1.5251847843568527
        },
        "bond1": {
          "psi1+vac": 1.1023655890620128,
          "psi2+vac": 1.304013638061
        }
      },
      "+0.12": {
        "bond0": {
          "psi1+vac": 0.8621496832524084,
          "psi2+vac": 1.5633472529618615
        },
        "bond1": {
          "psi1+vac": 1.400488277045783,
          "psi2+vac": 1.3981238137763512
        }
      }
    },
    "uniform_1.0": {
      "-0.12": {
        "bond0": {
          "psi1+vac": 1.129020391362247,
          "psi2+vac": 1.1426091137998646
        },
        "bond1": {
          "psi1+vac": 0.7345529985417395,
          "psi2+vac": 1.2307430513559083
        }
      },
      "-0.08": {
        "bond0": {
          "psi1+vac": 0.888606532476665,
          "psi2+vac": 1.0790799758769336
        },
        "bond1": {
          "psi1+vac": 0.7228481308199841,
          "psi2+vac": 1.1919170239632348
        }
      },
      "-0.04": {
        "bond0": {
          "psi1+vac": 0.512091174554978,
          "psi2+vac": 0.9178927059685239
        },
        "bond1": {
          "psi1+vac": 0.5408130907607146,
          "psi2+vac": 1.0382690776223598
        }
      },
      "+0.00": {
        "bond0": {
          "psi1+vac": 0.26356707082486847,
          "psi2+vac": 0.5696642733858891
        },
        "bond1": {
          "psi1+vac": 0.2635670708250774,
          "psi2+vac": 0.5696642733978607
        }
      },
      "+0.04": {
        "bond0": {
          "psi1+vac": 0.5408130907789056,
          "psi2+vac": 1.038269077619595
        },
        "bond1": {
          "psi1+vac": 0.5120911745229622,
          "psi2+vac": 0.917892705972669
        }
      },
      "+0.08": {
        "bond0": {
          "psi1+vac": 0.7228481308321545,
          "psi2+vac": 1.1919170239685097
        },
        "bond1": {
          "psi1+vac": 0.8886065324806834,
          "psi2+vac": 1.0790799758819893
        }
      },
      "+0.12": {
        "bond0": {
          "psi1+vac": 0.7345529985800225,
          "psi2+vac": 1.23074305135776
        },
        "bond1": {
          "psi1+vac": 1.129020391363657,
          "psi2+vac": 1.1426091138049388
        }
      }
    },
    "uniform_1.2": {
      "-0.12": {
        "bond0": {
          "psi1+vac": 0.9380294384977457,
          "psi2+vac": 0.9584617907135835
        },
        "bond1": {
          "psi1+vac": 0.6418394069372625,
          "psi2+vac": 1.0194260380202202
        }
      },
      "-0.08": {
        "bond0": {
          "psi1+vac": 0.7416504670123709,
          "psi2+vac": 0.9105400161942473
        },
        "bond1": {
          "psi1+vac": 0.6163769320240184,
          "psi2+vac": 0.9853156066178331
        }
      },
      "-0.04": {
        "bond0": {
          "psi1+vac": 0.4314285022939065,
          "psi2+vac": 0.7770935137375572
        },
        "bond1": {
          "psi1+vac": 0.4482836322716902,
          "psi2+vac": 0.8582146239639937
        }
      },
      "+0.00": {
        "bond0": {
          "psi1+vac": 0.21749369564346546,
          "psi2+vac": 0.4704098935443025
        },
        "bond1": {
          "psi1+vac": 0.21749369563777093,
          "psi2+vac": 0.47040989352895307
        }
      },
      "+0.04": {
        "bond0": {
          "psi1+vac": 0.4482836322721485,
          "psi2+vac": 0.8582146239783255
        },
        "bond1": {
          "psi1+vac": 0.4314285022937132,
          "psi2+vac": 0.7770935137413142
        }
      },
      "+0.08": {
        "bond0": {
          "psi1+vac": 0.616376932033698,
          "psi2+vac": 0.9853156066217654
        },
        "bond1": {
          "psi1+vac": 0.7416504670143402,
          "psi2+vac": 0.9105400161967087
        }
      },
      "+0.12": {
        "bond0": {
          "psi1+vac": 0.6418394069383335,
          "psi2+vac": 1.0194260380207494
        },
        "bond1": {
          "psi1+vac": 0.938029438482147,
          "psi2+vac": 0.9584617907139225
        }
      }
    },
    "valley_nonuniform": {
      "-0.12": {
        "bond0": {
          "psi1+vac": 0.9380294384977457,
          "psi2+vac": 0.9584617907135835
        },
        "bond1": {
          "psi1+vac": 0.6418394069372625,
          "psi2+vac": 1.0194260380202202
        }
      },
      "-0.08": {
        "bond0": {
          "psi1+vac": 0.7416504670123709,
          "psi2+vac": 0.9105400161942473
        },
        "bond1": {
          "psi1+vac": 0.6163769320240184,
          "psi2+vac": 0.9853156066178331
        }
      },
      "-0.04": {
        "bond0": {
          "psi1+vac": 0.4314285022939065,
          "psi2+vac": 0.7770935137375572
        },
        "bond1": {
          "psi1+vac": 0.4482836322716902,
          "psi2+vac": 0.8582146239639937
        }
      },
      "+0.00": {
        "bond0": {
          "psi1+vac": 0.21749369564346546,
          "psi2+vac": 0.4704098935443025
        },
        "bond1": {
          "psi1+vac": 0.21749369563777093,
          "psi2+vac": 0.47040989352895307
        }
      },
      "+0.04": {
        "bond0": {
          "psi1+vac": 0.4482836322721485,
          "psi2+vac": 0.8582146239783255
        },
        "bond1": {
          "psi1+vac": 0.4314285022937132,
          "psi2+vac": 0.7770935137413142
        }
      },
      "+0.08": {
        "bond0": {
          "psi1+vac": 0.616376932033698,
          "psi2+vac": 0.9853156066217654
        },
        "bond1": {
          "psi1+vac": 0.7416504670143402,
          "psi2+vac": 0.9105400161967087
        }
      },
      "+0.12": {
        "bond0": {
          "psi1+vac": 0.6418394069383335,
          "psi2+vac": 1.0194260380207494
        },
        "bond1": {
          "psi1+vac": 0.938029438482147,
          "psi2+vac": 0.9584617907139225
        }
      }
    }
  },
  "max_alpha_fit_rmse": 0.001017241974497349,
  "n_flat_site_guards": 0,
  "analysis": {
    "criterion_a_palindromic_survival_maxabs": 1.5349443938106333e-11,
    "criterion_b_oddness_residual_maxabs": 7.842704263794076e-11,
    "even_power_const_maxabs": 1.4576930133481287e-11,
    "even_power_quad_maxabs": 1.8159977490027147e-09,