{
  "N": 4,
  "gamma_0": 0.05,
  "dJ_extract": 0.01,
  "s_values": [
    -0.12,
    -0.08,
    -0.04,
    0.0,
    0.04,
    0.08,
    0.12
  ],
  "probe_states": [
    "psi1+vac",
    "psi2+vac"
  ],
  "j_anti_direction": [
    -1.0,
    0.0,
    1.0
  ],
  "j_sym_profiles": {
    "uniform_0.8": [
      0.8,
      0.8,
      0.8
    ],
    "uniform_1.0": [
      1.0,
      1.0,
      1.0
    ],
    "uniform_1.2": [
      1.2,
      1.2,
      1.2
    ],
    "valley_nonuniform": [
      1.2,
      0.7999999999999999,
      1.2
    ]
  },
  "c1": {
    "uniform_0.8": {
      "-0.12": {
        "bond0": {
          "psi1+vac": 0.9277346622709798,
          "psi2+vac": 0.951946704014308
        },
        "bond1": {
          "psi1+vac": 2.610394401722072,
          "psi2+vac": 2.405197540102189
        },
        "bond2": {
          "psi1+vac": -0.05910317197758354,
          "psi2+vac": 0.08255994952436779
        }
      },
      "-0.08": {
        "bond0": {
          "psi1+vac": 0.7858670225860398,
          "psi2+vac": 0.7926914462235933
        },
        "bond1": {
          "psi1+vac": 1.8193933791236405,
          "psi2+vac": 1.7301680547915477
        },
        "bond2": {
          "psi1+vac": 0.46957707898143963,
          "psi2+vac": 0.5303718247704192
        }
      },
      "-0.04": {
        "bond0": {
          "psi1+vac": 0.901007570726621,
          "psi2+vac": 0.8814134555582045
        },
        "bond1": {
          "psi1+vac": 0.466052450675328,
          "psi2+vac": 0.4665306093538745
        },
        "bond2": {
          "psi1+vac": 0.9804624429594627,
          "psi2+vac": 1.0036582080456695
        }
      },
      "+0.00": {
        "bond0": {
          "psi1+vac": 1.1335082742698332,
          "psi2+vac": 1.1328779208601245
        },
        "bond1": {
          "psi1+vac": -0.3978910883813158,
          "psi2+vac": -0.39789108837205417
        },
        "bond2": {
          "psi1+vac": 1.1335082742664613,
          "psi2+vac": 1.1328779208302164
        }
      },
      "+0.04": {
        "bond0": {
          "psi1+vac": 0.9804624429841868,
          "psi2+vac": 1.0036582080951248
        },
        "bond1": {
          "psi1+vac": 0.4660524506842463,
          "psi2+vac": 0.4665306094602823
        },
        "bond2": {
          "psi1+vac": 0.9010075706366938,
          "psi2+vac": 0.8814134557776496
        }
      },
      "+0.08": {
        "bond0": {
          "psi1+vac": 0.4695770789627929,
          "psi2+vac": 0.5303718247198644
        },
        "bond1": {
          "psi1+vac": 1.8193933790825088,
          "psi2+vac": 1.7301680547323575
        },
        "bond2": {
          "psi1+vac": 0.7858670225629352,
          "psi2+vac": 0.7926914462018594
        }
      },
      "+0.12": {
        "bond0": {
          "psi1+vac": -0.059103172027501163,
          "psi2+vac": 0.08255994948949145
        },
        "bond1": {
          "psi1+vac": 2.6103944017266207,
          "psi2+vac": 2.405197540274039
        },
        "bond2": {
          "psi1+vac": 0.9277346622745635,
          "psi2+vac": 0.9519467040088483
        }
      }
    },
    "uniform_1.0": {
      "-0.12": {
        "bond0": {
          "psi1+vac": 0.6719063721993549,
          "psi2+vac": 0.6761599321190748
        },
        "bond1": {
          "psi1+vac": 2.2246026253016167,
          "psi2+vac": 2.1573843498334253
        },
        "bond2": {
          "psi1+vac": -0.028909836395515313,
          "psi2+vac": 0.0019914075603624922
        }
      },
      "-0.08": {
        "bond0": {
          "psi1+vac": 0.5865143363813956,
          "psi2+vac": 0.5924199223484555
        },
        "bond1": {
          "psi1+vac": 1.497241076836786,
          "psi2+vac": 1.4778425700624165
        },
        "bond2": {
          "psi1+vac": 0.4041168905761696,
          "psi2+vac": 0.3978776447131703
        }
      },
      "-0.04": {
        "bond0": {
          "psi1+vac": 0.7023842313269036,
          "psi2+vac": 0.7017739432823615
        },
        "bond1": {
          "psi1+vac": 0.3731543091810349,
          "psi2+vac": 0.38155472999735485
        },
        "bond2": {
          "psi1+vac": 0.7969146375515493,
          "psi2+vac": 0.7864235939283419
        }
      },
      "+0.00": {
        "bond0": {
          "psi1+vac": 0.8978901610636044,
          "psi2+vac": 0.8975490450520374
        },
        "bond1": {
          "psi1+vac": -0.31124614704399983,
          "psi2+vac": -0.31124614704087095
        },
        "bond2": {
          "psi1+vac": 0.8978901611001333,
          "psi2+vac": 0.8975490450522416
        }
      },
      "+0.04": {
        "bond0": {
          "psi1+vac": 0.7969146375353089,
          "psi2+vac": 0.7864235945080622
        },
        "bond1": {
          "psi1+vac": 0.3731543091743434,
          "psi2+vac": 0.3815547299818253
        },
        "bond2": {
          "psi1+vac": 0.7023842313946069,
          "psi2+vac": 0.7017739433094758
        }
      },
      "+0.08": {
        "bond0": {
          "psi1+vac": 0.4041168905660532,
          "psi2+vac": 0.3978776446656693
        },
        "bond1": {
          "psi1+vac": 1.4972410768249456,
          "psi2+vac": 1.4778425700627003
        },
        "bond2": {
          "psi1+vac": 0.5865143363466523,
          "psi2+vac": 0.5924199223266636
        }
      },
      "+0.12": {
        "bond0": {
          "psi1+vac": -0.028909836420995018,
          "psi2+vac": 0.001991407556873879
        },
        "bond1": {
          "psi1+vac": 2.224602625296976,
          "psi2+vac": 2.1573843498106005
        },
        "bond2": {
          "psi1+vac": 0.6719063721996837,
          "psi2+vac": 0.676159932114115
        }
      }
    },
    "uniform_1.2": {
      "-0.12": {
        "bond0": {
          "psi1+vac": 0.5206548802570378,
          "psi2+vac": 0.5099774190119414
        },
        "bond1": {
          "psi1+vac": 1.8725104207946226,
          "psi2+vac": 1.8651639385957575
        },
        "bond2": {
          "psi1+vac": 0.017694605458702727,
          "psi2+vac": 0.01547212221672499
        }
      },
      "-0.08": {
        "bond0": {
          "psi1+vac": 0.4926376417876958,
          "psi2+vac": 0.48277168381831365
        },
        "bond1": {
          "psi1+vac": 1.2341551925070338,
          "psi2+vac": 1.2437357792852137
        },
        "bond2": {
          "psi1+vac": 0.348682593734943,
          "psi2+vac": 0.33638046260066834
        }
      },
      "-0.04": {
        "bond0": {
          "psi1+vac": 0.6025132423496131,
          "psi2+vac": 0.595141239994186
        },
        "bond1": {
          "psi1+vac": 0.3012488258529675,
          "psi2+vac": 0.3131583721296351
        },
        "bond2": {
          "psi1+vac": 0.65515461107438,
          "psi2+vac": 0.6477837990983972
        }
      },
      "+0.00": {
        "bond0": {
          "psi1+vac": 0.7477143179165868,
          "psi2+vac": 0.7475775569585045
        },
        "bond1": {
          "psi1+vac": -0.257873320431576,
          "psi2+vac": -0.2578733204377635
        },
        "bond2": {
          "psi1+vac": 0.7477143179346674,
          "psi2+vac": 0.7475775568980073
        }
      },
      "+0.04": {
        "bond0": {
          "psi1+vac": 0.655154611129196,
          "psi2+vac": 0.6477837987681527
        },
        "bond1": {
          "psi1+vac": 0.30124882584720314,
          "psi2+vac": 0.31315837208980396
        },
        "bond2": {
          "psi1+vac": 0.6025132424456399,
          "psi2+vac": 0.5951412400571829
        }
      },
      "+0.08": {
        "bond0": {
          "psi1+vac": 0.34868259371318433,
          "psi2+vac": 0.3363804625885698
        },
        "bond1": {
          "psi1+vac": 1.23415519249908,
          "psi2+vac": 1.2437357793010109
        },
        "bond2": {
          "psi1+vac": 0.4926376418080229,
          "psi2+vac": 0.48277168384403363
        }
      },