{
  "3": {
    "N": 3,
    "gamma_0": 0.05,
    "dJ_extract": 0.01,
    "s_values": [
      -0.12,
      -0.08,
      -0.04,
      0.0,
      0.04,
      0.08,
      0.12
    ],
    "j_anti_direction": [
      -1.0,
      1.0
    ],
    "j_sym_profiles": {
      "uniform_0.8": [
        0.8,
        0.8
      ],
      "uniform_1.0": [
        1.0,
        1.0
      ],
      "uniform_1.2": [
        1.2,
        1.2
      ],
      "valley_nonuniform": [
        1.2,
        1.2
      ]
    },
    "c1": {
      "uniform_0.8": {
        "-0.12": {
          "bond0": {
            "S0": 0.0,
            "S1": 1.2855957999393652,
            "S2": 1.285595799950312,
            "S3": 0.0
          },
          "bond1": {
            "S0": 0.0,
            "S1": 1.1468535016669446,
            "S2": 1.1468535017592485,
            "S3": 0.0
          }
        },
        "-0.08": {
          "bond0": {
            "S0": 0.0,
            "S1": 0.7927276288511198,
            "S2": 0.7927276288436591,
            "S3": 0.0
          },
          "bond1": {
            "S0": 0.0,
            "S1": 0.5139539705467655,
            "S2": 0.5139539705278473,
            "S3": 0.0
          }
        },
        "-0.04": {
          "bond0": {
            "S0": 0.0,
            "S1": 0.5316223503819995,
            "S2": 0.5316223506615092,
            "S3": 0.0
          },
          "bond1": {
            "S0": 0.0,
            "S1": 0.4764752321735344,
            "S2": 0.4764752316921861,
            "S3": 0.0
          }
        },
        "+0.00": {
          "bond0": {
            "S0": 0.0,
            "S1": 0.5067743694392224,
            "S2": 0.5067743699395777,
            "S3": 0.0
          },
          "bond1": {
            "S0": 0.0,
            "S1": 0.506774370194174,
            "S2": 0.5067743701244076,
            "S3": 0.0
          }
        },
        "+0.04": {
          "bond0": {
            "S0": 0.0,
            "S1": 0.4764752309764475,
            "S2": 0.4764752320456811,
            "S3": 0.0
          },
          "bond1": {
            "S0": 0.0,
            "S1": 0.5316223508108564,
            "S2": 0.5316223505234863,
            "S3": 0.0
          }
        },
        "+0.08": {
          "bond0": {
            "S0": 0.0,
            "S1": 0.5139539704829055,
            "S2": 0.5139539706284779,
            "S3": 0.0
          },
          "bond1": {
            "S0": 0.0,
            "S1": 0.7927276287305052,
            "S2": 0.7927276290846219,
            "S3": 0.0
          }
        },
        "+0.12": {
          "bond0": {
            "S0": 0.0,
            "S1": 1.1468535017366221,
            "S2": 1.1468535017225556,
            "S3": 0.0
          },
          "bond1": {
            "S0": 0.0,
            "S1": 1.2855957999252543,
            "S2": 1.285595799955075,
            "S3": 0.0
          }
        }
      },
      "uniform_1.0": {
        "-0.12": {
          "bond0": {
            "S0": 0.0,
            "S1": 0.9351590146869815,
            "S2": 0.9351590146768674,
            "S3": 0.0
          },
          "bond1": {
            "S0": 0.0,
            "S1": 0.8323862917015479,
            "S2": 0.8323862916821634,
            "S3": 0.0
          }
        },
        "-0.08": {
          "bond0": {
            "S0": 0.0,
            "S1": -16.81269044576119,
            "S2": -16.812690445808265,
            "S3": 0.0
          },
          "bond1": {
            "S0": 0.0,
            "S1": 0.25379773623459556,
            "S2": 0.25379828583684816,
            "S3": 0.0
          }
        },
        "-0.04": {
          "bond0": {
            "S0": 0.0,
            "S1": 0.42722682279392465,
            "S2": 0.4272268227667242,
            "S3": 0.0
          },
          "bond1": {
            "S0": 0.0,
            "S1": 0.5180377327504315,
            "S2": 0.5180377326047925,
            "S3": 0.0
          }
        },
        "+0.00": {
          "bond0": {
            "S0": 0.0,
            "S1": 0.2877147652028844,
            "S2": 0.2877147649490208,
            "S3": 0.0
          },
          "bond1": {
            "S0": 0.0,
            "S1": 0.2877147647582179,
            "S2": 0.2877138232399101,
            "S3": 0.0
          }
        },
        "+0.04": {
          "bond0": {
            "S0": 0.0,
            "S1": 0.5180377329628838,
            "S2": 0.5180377326586827,
            "S3": 0.0
          },
          "bond1": {
            "S0": 0.0,
            "S1": 0.42722682279836555,
            "S2": 0.4272268227468512,
            "S3": 0.0
          }
        },
        "+0.08": {
          "bond0": {
            "S0": 0.0,
            "S1": 0.25379828577016816,
            "S2": 0.2537977361806387,
            "S3": 0.0
          },
          "bond1": {
            "S0": 0.0,
            "S1": -16.812690935615194,
            "S2": -16.8126904456781,
            "S3": 0.0
          }
        },
        "+0.12": {
          "bond0": {
            "S0": 0.0,
            "S1": 0.8323862916904123,
            "S2": 0.8323862916759572,
            "S3": 0.0
          },
          "bond1": {
            "S0": 0.0,
            "S1": 0.9351590147327338,
            "S2": 0.935159014728093,
            "S3": 0.0
          }
        }
      },
      "uniform_1.2": {
        "-0.12": {
          "bond0": {
            "S0": 0.0,
            "S1": 0.18644063772705888,
            "S2": 0.18644063636332753,
            "S3": 0.0
          },
          "bond1": {
            "S0": 0.0,
            "S1": 33.6420784278795,
            "S2": 33.642078427861065,
            "S3": 0.0
          }
        },
        "-0.08": {
          "bond0": {
            "S0": 0.0,
            "S1": -0.5894561655452435,
            "S2": -0.5894561659194775,
            "S3": 0.0
          },
          "bond1": {
            "S0": 0.0,
            "S1": -0.524591593711099,
            "S2": -0.5245915936465284,
            "S3": 0.0
          }
        },
        "-0.04": {
          "bond0": {
            "S0": 0.0,
            "S1": -0.5882827185521577,
            "S2": -0.588282718564237,
            "S3": 0.0
          },
          "bond1": {
            "S0": 0.0,
            "S1": -0.5564271295007028,
            "S2": -0.55642712968349,
            "S3": 0.0
          }
        },
        "+0.00": {
          "bond0": {
            "S0": 0.0,
            "S1": -0.5718787322203767,
            "S2": -0.5718787319993979,
            "S3": 0.0
          },
          "bond1": {
            "S0": 0.0,
            "S1": -0.5718787320246888,
            "S2": -0.5718787320723839,
            "S3": 0.0
          }
        },
        "+0.04": {
          "bond0": {
            "S0": 0.0,
            "S1": -0.5564271297016532,
            "S2": -0.5564271298210688,
            "S3": 0.0
          },
          "bond1": {
            "S0": 0.0,
            "S1": -0.5882827186936446,
            "S2": -0.5882827185636152,
            "S3": 0.0
          }
        },
        "+0.08": {
          "bond0": {
            "S0": 0.0,
            "S1": -0.5245915937083234,
            "S2": -0.524591593742163,
            "S3": 0.0
          },
          "bond1": {
            "S0": 0.0,
            "S1": -0.5894561657552089,
            "S2": -0.589456165440172,
            "S3": 0.0
          }
        },
        "+0.12": {
          "bond0": {
            "S0": 0.0,
            "S1": 33.64207842795002,
            "S2": 33.64207842790774,
            "S3": 0.0
          },
          "bond1": {
            "S0": 0.0,
            "S1": 0.18644063773178843,
            "S2": 0.18644063721435788,
            "S3": 0.0
          }
        }
      },
      "valley_nonuniform": {
        "-0.12": {
          "bond0": {
            "S0": 0.0,
            "S1": 0.18644063772705888,
            "S2": 0.18644063636332753,
            "S3": 0.0
          },
          "bond1": {
            "S0": 0.0,