{
  "job_id": "d8l6h03nn5bs738rmrug",
  "phys": [
    149,
    13,
    9
  ],
  "taus_us": [
    0.0,
    50.0,
    100.0,
    200.0,
    300.0
  ],
  "p1": {
    "0.0": [
      0.994384765625,
      0.991455078125,
      0.990234375
    ],
    "50.0": [
      0.884033203125,
      0.86962890625,
      0.5068359375
    ],
    "100.0": [
      0.77880859375,
      0.76123046875,
      0.29443359375
    ],
    "200.0": [
      0.62353515625,
      0.60205078125,
      0.104736328125
    ],
    "300.0": [
      0.489013671875,
      0.494384765625,
      0.04833984375
    ]
  },
  "t1_fit_us": {
    "q149": 424.6472869727994,
    "q13": 430.27133051322215,
    "q9": 99.89076734412536
  }
}