{
  "N": 5,
  "gamma_0": 0.05,
  "J": 1.0,
  "dJ": 0.01,
  "defect_bond": [
    0,
    1
  ],
  "results": [
    {
      "label": "(|vac>+|psi_1>)/sqrt(2) [PTF]",
      "delta_N_coherence": 1,
      "c_1_site": 0.9222066561682798,
      "c_1_pair": 0.749537498969148,
      "alpha_plus": [
        1.0084268266179885,
        1.002643063020941,
        1.00041815585184,
        1.0038636379870807,
        1.0015202835226111,
        0.9996959478789372,
        1.0025486041321863,
        0.996276051413569,
        0.997529996329949,
        0.9945813225657871
      ],
      "alpha_minus": [
        0.9916736144479489,
        0.9972960962392354,
        0.999580756868574,
        0.9961227983836786,
        0.9984728846799752,
        1.0003695383925209,
        0.9974793649921295,
        1.0036812305260894,
        1.0024072494864043,
        1.0054289924866855
      ],
      "pairs": [
        [
          0,
          1
        ],
        [
          0,
          2
        ],
        [
          0,
          3
        ],
        [
          0,
          4
        ],
        [
          1,
          2
        ],
        [
          1,
          3
        ],
        [
          1,
          4
        ],
        [
          2,
          3
        ],
        [
          2,
          4
        ],
        [
          3,
          4
        ]
      ]
    },
    {
      "label": "(|vac>+|S_1>)/sqrt(2) [W+vac]",
      "delta_N_coherence": 1,
      "c_1_site": 0.7588091584380008,
      "c_1_pair": 1.5013061316292062,
      "alpha_plus": [
        1.0028217234692556,
        1.0017695289889754,
        1.0014415070567735,
        1.0016586122691975,
        1.001609896545242,
        1.001459221100309,
        1.0016715999305492,
        1.0011582061374233,
        1.0012079626211714,
        1.0003071068992153
      ],
      "alpha_minus": [
        0.9972093525836633,
        0.9982450646310433,
        0.9985806803046141,
        0.9983610549686642,
        0.9984100816946121,
        0.9985605873182254,
        0.9983575135891778,
        0.9988606076144476,
        0.9988048780831398,
        0.9996891330190163
      ],
      "pairs": [
        [
          0,
          1
        ],
        [
          0,
          2
        ],
        [
          0,
          3
        ],
        [
          0,
          4
        ],
        [
          1,
          2
        ],
        [
          1,
          3
        ],
        [
          1,
          4
        ],
        [
          2,
          3
        ],
        [
          2,
          4
        ],
        [
          3,
          4
        ]
      ]
    },
    {
      "label": "(|vac>+|S_2>)/sqrt(2) [DelN=2, new!]",
      "delta_N_coherence": 2,
      "c_1_site": -0.2936386802299573,
      "c_1_pair": 2.2375735619954096,
      "alpha_plus": [
        1.0015386322713085,
        1.0040091423015385,
        1.0035977050039933,
        5.274306508595713,
        7.969254086251758,
        1.0044377596022915,
        1.003420231786809,
        7.970424991674451,
        1.0032446125093202,
        1.0020917569625762
      ],
      "alpha_minus": [
        0.9985050927946244,
        0.9959618852928888,
        0.9964206977259727,
        5.2747566691406504,
        7.969311928971762,
        0.9955784417685611,
        0.996622167354742,
        7.968166545897545,
        0.996758286580733,
        0.9979324847443358
      ],
      "pairs": [
        [
          0,
          1
        ],
        [
          0,
          2
        ],
        [
          0,
          3
        ],
        [
          0,
          4
        ],
        [
          1,
          2
        ],
        [
          1,
          3
        ],
        [
          1,
          4
        ],
        [
          2,
          3
        ],
        [
          2,
          4
        ],
        [
          3,
          4
        ]
      ]
    },
    {
      "label": "(|vac>+|S_3>)/sqrt(2) [DelN=3, still invisible]",
      "delta_N_coherence": 3,
      "c_1_site": -0.28559277936199834,
      "c_1_pair": -3.01524123267205,
      "alpha_plus": [
        1.0021663900897586,
        7.569016726575914,
        1.8420883558680903,
        7.616228413013466,
        1.0041533649295624,
        5.3569438603541695,
        1.7255686943647368,
        1.0036846368021457,
        7.5655432721999984,
        1.0033192261628436
      ],
      "alpha_minus": [
        0.9978537874714064,
        7.5697646472829625,
        1.8595147044070155,
        7.618457141190636,
        0.9958419564154513,
        5.359253140110289,
        1.8611992638784312,
        0.9963219216776525,
        7.573298995100611,
        0.9966838255989019
      ],
      "pairs": [
        [
          0,
          1
        ],
        [
          0,
          2
        ],
        [
          0,
          3
        ],
        [
          0,
          4
        ],
        [
          1,
          2
        ],
        [
          1,
          3
        ],
        [
          1,
          4
        ],
        [
          2,
          3
        ],
        [
          2,
          4
        ],
        [
          3,
          4
        ]
      ]
    },
    {
      "label": "(|vac>+|S_4>)/sqrt(2) [DelN=4]",
      "delta_N_coherence": 4,
      "c_1_site": 0.2177046083427836,
      "c_1_pair": 1.7278875465009669,
      "alpha_plus": [
        1.0024708008061487,
        1.0018048782706548,
        1.0017704763545214,
        1.0017591954323055,
        1.9601864877953767,
        1.0017962290199842,
        1.0017430463876695,
        1.0016002438838263,
        1.0017018011949728,
        1.001085421481768
      ],
      "alpha_minus": [
        0.9975707179505924,
        0.9982197504286938,
        0.998259171869494,
        0.9982688032543604,
        0.998381681588572,
        0.9982242414906356,
        0.9982909911575119,
        1.9537490670068802,
        0.9983220168759859,
        0.9989261267570587
      ],
      "pairs": [
        [
          0,
          1
        ],
        [
          0,
          2
        ],
        [
          0,
          3
        ],
        [
          0,
          4
        ],
        [
          1,
          2
        ],
        [
          1,
          3
        ],
        [
          1,
          4
        ],
        [
          2,
          3
        ],
        [
          2,
          4
        ],
        [
          3,
          4
        ]
      ]
    },
    {
      "label": "(|S_1>+|S_2>)/sqrt(2) [DelN=1]",
      "delta_N_coherence": 1,
      "c_1_site": 1.5903058618340795,
      "c_1_pair": 2.6790432891935514,
      "alpha_plus": [
        1.0063990249543084,
        1.0036872780106194,
        1.003913856050003,
        1.0031171990594214,
        1.0044456694692703,
        1.00407695582456,
        1.0040148068691126,
        1.0003350624151581,
        1.0005256506000464,
        0.9964458167772183
      ],
      "alpha_minus": [
        0.993699077720193,
        0.996379058994021,
        0.9961437404855976,
        0.9969654176980766,
        0.9956406259529924,
        0.9959620859004096,
        0.9960247907852826,
        0.9996226597912926,
        0.9994589222038912,
        1.003482181699027
      ],
      "pairs": [
        [
          0,
          1
        ],
        [
          0,
          2
        ],
        [
          0,
          3
        ],
        [
          0,
          4
        ],
        [
          1,
          2
        ],
        [
          1,
          3
        ],
        [
          1,
          4
        ],
        [
          2,
          3
        ],
        [
          2,
          4
        ],
        [
          3,
          4
        ]
      ]
    },
    {
      "label": "(|S_1>+|S_3>)/sqrt(2) [DelN=2, new!]",
      "delta_N_coherence": 2,
      "c_1_site": -0.1367941757276725,
      "c_1_pair": 2.038466976576073,