{
  "N": 5,
  "gamma_0": 0.05,
  "J": 1.0,
  "delta_J": 0.01,
  "t_0": 20.0,
  "bond": [
    0,
    1
  ],
  "probe_task_spec": "vac_plus_S2_over_sqrt2",
  "diagnostics": {
    "full": {
      "c_1_pr": 0.001352006752114443,
      "abs_c_1_pr": 0.001352006752114443,
      "per_site_contributions": [
        0.04479292575176319,
        -0.04479675926470916,
        0.003055362836085207,
        -0.0447749549363996,
        0.04307543236537481
      ]
    },
    "coherent_only": {
      "c_1_pr": 0.0,
      "abs_c_1_pr": 0.0,
      "per_site_contributions": [
        0.0,
        0.0,
        0.0,
        0.0,
        0.0
      ]
    },
    "population_only": {
      "c_1_pr": 0.001352006752064483,
      "abs_c_1_pr": 0.001352006752064483,
      "per_site_contributions": [
        0.04479292575174654,
        -0.04479675926470916,
        0.0030553628360741047,
        -0.044774954936416256,
        0.04307543236536926
      ]
    },
    "linearity_residual": 4.9960036108132044e-14
  },
  "baseline_bar": 1e-12,
  "nonzero_bar": 1e-06,
  "baseline_pass": false
}