{
  "N": 5,
  "gamma_0": 0.05,
  "probe": "coherent_only",
  "bond": [
    2,
    3
  ],
  "gamma_1": 0.05,
  "c_1_pr": -5.997429957560389e-08,
  "per_site_contributions": [
    -1.7983930201547446e-07,
    -1.1750195646611868e-08,
    -8.890576160095719e-10,
    -1.3336960363556147e-08,
    1.4584121606604817e-07
  ],
  "bond_0_1_reference_at_same_gamma_1": -4.765671200891635e-07,
  "ratio_2_3_over_0_1": 0.1258464905518093
}