{
  "N": 5,
  "gamma_0": 0.05,
  "J": 1.0,
  "delta_J": 0.01,
  "t_0": 20.0,
  "bond": [
    0,
    1
  ],
  "probe": "coherent_only",
  "probe_definition": "rho_coh = (|vac><S_2| + |S_2><vac|) / 2",
  "regression_at_gamma_1_zero": {
    "N": 5,
    "gamma_0": 0.05,
    "J": 1.0,
    "delta_J": 0.01,
    "t_0": 20.0,
    "bond": [
      0,
      1
    ],
    "primary_probe": "coherent_only",
    "diagnostics": {
      "full": {
        "c_1_pr": 0.001352006752114443,
        "abs_c_1_pr": 0.001352006752114443,
        "per_site_contributions": [
          0.04479292575176319,
          -0.04479675926470916,
          0.003055362836085207,
          -0.0447749549363996,
          0.04307543236537481
        ]
      },
      "coherent_only": {
        "c_1_pr": 0.0,
        "abs_c_1_pr": 0.0,
        "per_site_contributions": [
          0.0,
          0.0,
          0.0,
          0.0,
          0.0
        ]
      },
      "population_only": {
        "c_1_pr": 0.001352006752064483,
        "abs_c_1_pr": 0.001352006752064483,
        "per_site_contributions": [
          0.04479292575174654,
          -0.04479675926470916,
          0.0030553628360741047,
          -0.044774954936416256,
          0.04307543236536926
        ]
      },
      "linearity_residual": 4.9960036108132044e-14
    },
    "regression_bar": 1e-12,
    "regression_pass": true
  },
  "gamma_1_values": [
    0.0,
    0.005,
    0.01,
    0.02,
    0.05,
    0.1
  ],
  "sweep": [
    {
      "gamma_1": 0.0,
      "c_1_pr": 0.0,
      "c_1_pr_minus_baseline": 0.0,
      "abs_signal": 0.0,
      "per_site_contributions": [
        0.0,
        0.0,
        0.0,
        0.0,
        0.0
      ],
      "pass_nonzero_bar": true
    },
    {
      "gamma_1": 0.005,
      "c_1_pr": -2.8830630696699882e-08,
      "c_1_pr_minus_baseline": -2.8830630696699882e-08,
      "abs_signal": 2.8830630696699882e-08,
      "per_site_contributions": [
        -1.5953145804966926e-08,
        -1.1840340818473453e-08,
        2.9982658277005215e-09,
        4.378068005113965e-10,
        -4.473216701471422e-09
      ],
      "pass_nonzero_bar": false
    },
    {
      "gamma_1": 0.01,
      "c_1_pr": -9.441809592808984e-08,
      "c_1_pr_minus_baseline": -9.441809592808984e-08,
      "abs_signal": 9.441809592808984e-08,
      "per_site_contributions": [
        -5.2245324315454955e-08,
        -3.877620462003535e-08,
        9.819089756165222e-09,
        1.4337835659430707e-09,
        -1.4649440314707826e-08
      ],
      "pass_nonzero_bar": false
    },
    {
      "gamma_1": 0.02,
      "c_1_pr": -2.531613696364509e-07,
      "c_1_pr_minus_baseline": -2.531613696364509e-07,
      "abs_signal": 2.531613696364509e-07,
      "per_site_contributions": [
        -1.4008435280113682e-07,
        -1.0396986906394916e-07,
        2.6327730789529203e-08,
        3.844375463715774e-09,
        -3.9279254024609906e-08
      ],
      "pass_nonzero_bar": false
    },
    {
      "gamma_1": 0.05,
      "c_1_pr": -4.765671200891635e-07,
      "c_1_pr_minus_baseline": -4.765671200891635e-07,
      "abs_signal": 4.765671200891635e-07,
      "per_site_contributions": [
        -2.63703726519838e-07,
        -1.957195173458132e-07,
        4.9561000791205174e-08,
        7.236897738058477e-09,
        -7.394177475277598e-08
      ],
      "pass_nonzero_bar": false
    },
    {
      "gamma_1": 0.1,
      "c_1_pr": -2.579853847140992e-07,
      "c_1_pr_minus_baseline": -2.579853847140992e-07,
      "abs_signal": 2.579853847140992e-07,
      "per_site_contributions": [
        -1.4275367407641578e-07,
        -1.0595102525972601e-07,
        2.682940831823765e-08,
        3.917630420522392e-09,
        -4.0027724116717445e-08
      ],
      "pass_nonzero_bar": false
    }
  ]
}