{
  "N": 5,
  "gamma_0": 0.05,
  "J": 1.0,
  "delta_J": 0.01,
  "t_0": 20.0,
  "bond": [
    0,
    1
  ],
  "probe": "coherent_only",
  "probe_definition": "rho_coh = (|vac><S_2| + |S_2><vac|) / 2",
  "regression_at_gamma_1_zero": {
    "N": 5,
    "gamma_0": 0.05,
    "J": 1.0,
    "delta_J": 0.01,
    "t_0": 20.0,
    "bond": [
      0,
      1
    ],
    "primary_probe": "coherent_only",
    "diagnostics": {
      "full": {
        "c_1_pr": 0.001352006752114443,
        "abs_c_1_pr": 0.001352006752114443,
        "per_site_contributions": [
          0.04479292575176319,
          -0.04479675926470916,
          0.003055362836085207,
          -0.0447749549363996,
          0.04307543236537481
        ]
      },
      "coherent_only": {
        "c_1_pr": 0.0,
        "abs_c_1_pr": 0.0,
        "per_site_contributions": [
          0.0,
          0.0,
          0.0,
          0.0,
          0.0
        ]
      },
      "population_only": {
        "c_1_pr": 0.001352006752064483,
        "abs_c_1_pr": 0.001352006752064483,
        "per_site_contributions": [
          0.04479292575174654,
          -0.04479675926470916,
          0.0030553628360741047,
          -0.044774954936416256,
          0.04307543236536926
        ]
      },
      "linearity_residual": 4.9960036108132044e-14
    },
    "regression_bar": 1e-12,
    "regression_pass": true,
    "lindblad_sanity": {
      "max_trace_residual": 3.469446951953614e-18,
      "max_hermiticity_residual": 2.7755575615628914e-17,
      "bar": 1e-10
    }
  },
  "gamma_1_values": [
    0.0,
    0.005,
    0.01,
    0.02,
    0.05,
    0.1
  ],
  "sweep": [
    {
      "gamma_1": 0.0,
      "c_1_pr": 0.0,
      "c_1_pr_minus_baseline": 0.0,
      "abs_signal": 0.0,
      "per_site_contributions": [
        0.0,
        0.0,
        0.0,
        0.0,
        0.0
      ],
      "pass_nonzero_bar": true
    },
    {
      "gamma_1": 0.005,
      "c_1_pr": 0.0,
      "c_1_pr_minus_baseline": 0.0,
      "abs_signal": 0.0,
      "per_site_contributions": [
        0.0,
        0.0,
        0.0,
        0.0,
        0.0
      ],
      "pass_nonzero_bar": false
    },
    {
      "gamma_1": 0.01,
      "c_1_pr": 0.0,
      "c_1_pr_minus_baseline": 0.0,
      "abs_signal": 0.0,
      "per_site_contributions": [
        0.0,
        0.0,
        0.0,
        0.0,
        0.0
      ],
      "pass_nonzero_bar": false
    },
    {
      "gamma_1": 0.02,
      "c_1_pr": 0.0,
      "c_1_pr_minus_baseline": 0.0,
      "abs_signal": 0.0,
      "per_site_contributions": [
        0.0,
        0.0,
        0.0,
        0.0,
        0.0
      ],
      "pass_nonzero_bar": false
    },
    {
      "gamma_1": 0.05,
      "c_1_pr": 0.0,
      "c_1_pr_minus_baseline": 0.0,
      "abs_signal": 0.0,
      "per_site_contributions": [
        0.0,
        0.0,
        0.0,
        0.0,
        0.0
      ],
      "pass_nonzero_bar": false
    },
    {
      "gamma_1": 0.1,
      "c_1_pr": 0.0,
      "c_1_pr_minus_baseline": 0.0,
      "abs_signal": 0.0,
      "per_site_contributions": [
        0.0,
        0.0,
        0.0,
        0.0,
        0.0
      ],
      "pass_nonzero_bar": false
    }
  ]
}