{
  "psi_opt_reference": [
    0.09894603964904512,
    0.2388697320820382,
    0.4277667168665789,
    0.5716882290833718,
    0.6506451698134179
  ],
  "heff_candidate": [
    0.1486862299464594,
    0.41040126012348344,
    0.5957625738576033,
    0.5758218523893107,
    0.3506556154047335
  ],
  "componentwise_diff": [
    0.04974019029741426,
    0.17153152804144522,
    0.16799585699102443,
    0.004133623305938916,
    0.2999895544086844
  ],
  "cosine_similarity": 0.9249347103974197
}