{
  "label": "xxz_delta_0p5",
  "config": {
    "N": 5,
    "gamma_0": 0.05,
    "t_max": 40.0,
    "n_times": 81,
    "residual_bar": 1e-14,
    "surprise_bar": 1e-12,
    "family": "xxz",
    "delta": 0.5,
    "J_list": [
      1.0,
      1.0,
      1.0,
      1.0
    ],
    "probe": "uniform_S1_plus_vac"
  },
  "times": [
    0.0,
    0.5,
    1.0,
    1.5,
    2.0,
    2.5,
    3.0,
    3.5,
    4.0,
    4.5,
    5.0,
    5.5,
    6.0,
    6.5,
    7.0,
    7.5,
    8.0,
    8.5,
    9.0,
    9.5,
    10.0,
    10.5,
    11.0,
    11.5,
    12.0,
    12.5,
    13.0,
    13.5,
    14.0,
    14.5,
    15.0,
    15.5,
    16.0,
    16.5,
    17.0,
    17.5,
    18.0,
    18.5,
    19.0,
    19.5,
    20.0,
    20.5,
    21.0,
    21.5,
    22.0,
    22.5,
    23.0,
    23.5,
    24.0,
    24.5,
    25.0,
    25.5,
    26.0,
    26.5,
    27.0,
    27.5,
    28.0,
    28.5,
    29.0,
    29.5,
    30.0,
    30.5,
    31.0,
    31.5,
    32.0,
    32.5,
    33.0,
    33.5,
    34.0,
    34.5,
    35.0,
    35.5,
    36.0,
    36.5,
    37.0,
    37.5,
    38.0,
    38.5,
    39.0,
    39.5,
    40.0
  ],
  "S_t": [
    0.4999999999999998,
    0.45241870901797954,
    0.40936537653899074,
    0.3704091103408588,
    0.33516002301781955,
    0.3032653298563166,
    0.27440581804701314,
    0.24829265189570465,
    0.22466448205861073,
    0.2032848298702995,
    0.1839397205857211,
    0.16643554184903972,
    0.150597105956101,
    0.13626589651700627,
    0.1232984819708032,
    0.1115650800742149,
    0.10094825899732768,
    0.09134176202636729,
    0.08264944411079325,
    0.07478430961131752,
    0.06766764161830635,
    0.061228214126490946,
    0.05540157918116695,
    0.05012942186140188,
    0.04535897664470627,
    0.04104249931194942,
    0.03713678910716696,
    0.033602756369874906,
    0.030405031312609,
    0.02751161002820363,
    0.02489353418393199,
    0.022524601196778918,
    0.020381101989183123,
    0.01844158370062002,
    0.016686634980163057,
    0.015098691711159268,
    0.013661861223646295,
    0.01236176323516971,
    0.011185385928082808,
    0.010120955722902204,
    0.0091578194443671,
    0.008286337700880633,
    0.007497788410238861,
    0.006784279506100471,
    0.006138669951534227,
    0.005554498269121158,
    0.005025917872316796,
    0.004547638550847914,
    0.0041148735245100185,
    0.003723291535462174,
    0.003368973499542737,
    0.0030483732827578216,
    0.0027582822103803892,
    0.0024957969534551106,
    0.0022582904713063364,
    0.002043385719232036,
    0.0018489318582414677,
    0.0016729827287356386,
    0.0015137773726879094,
    0.0013697224093841864,
    0.0012393760883331808,
    0.0011214338597429025,
    0.0010147153181478685,
    0.0009181523885144546,
    0.0008307786365869685,
    0.0007517195964887873,
    0.0006801840187739478,
    0.0006154559513367415,
    0.0005568875739224024,
    0.0005038927145242561,
    0.0004559409827772588,
    0.00041255246163295273,
    0.0003732929041883402,
    0.00033776938759692274,
    0.0003056263805647868,
    0.0002765421850739172,
    0.0002502257167203057,
    0.00022641359144339886,
    0.0002048674894898936,
    0.00018537177022954446,
    0.00016773131395125614
  ],
  "S_pred": [
    0.5,
    0.45241870901797976,
    0.4093653765389909,
    0.37040911034085894,
    0.33516002301781966,
    0.3032653298563167,
    0.2744058180470132,
    0.24829265189570474,
    0.22466448205861078,
    0.20328482987029955,
    0.18393972058572117,
    0.16643554184903978,
    0.150597105956101,
    0.1362658965170063,
    0.12329848197080322,
    0.11156508007421491,
    0.10094825899732769,
    0.0913417620263673,
    0.08264944411079327,
    0.07478430961131752,
    0.06766764161830635,
    0.06122821412649095,
    0.055401579181166935,
    0.05012942186140185,
    0.045358976644706235,
    0.0410424993119494,
    0.03713678910716694,
    0.03360275636987488,
    0.030405031312608976,
    0.027511610028203605,
    0.024893534183931972,
    0.0225246011967789,
    0.020381101989183106,
    0.018441583700619997,
    0.016686634980163033,
    0.01509869171115925,
    0.01366186122364628,
    0.012361763235169694,
    0.011185385928082795,
    0.01012095572290219,
    0.00915781944436709,
    0.008286337700880619,
    0.007497788410238852,
    0.006784279506100467,
    0.006138669951534218,
    0.005554498269121153,
    0.005025917872316788,
    0.004547638550847908,
    0.004114873524510012,
    0.003723291535462169,
    0.0033689734995427335,
    0.0030483732827578163,
    0.0027582822103803858,
    0.0024957969534551063,
    0.002258290471306333,
    0.0020433857192320333,
    0.0018489318582414645,
    0.001672982728735636,
    0.0015137773726879064,
    0.0013697224093841842,
    0.0012393760883331792,
    0.0011214338597429006,
    0.001014715318147867,
    0.0009181523885144528,
    0.000830778636586967,
    0.0007517195964887862,
    0.0006801840187739464,
    0.0006154559513367405,
    0.0005568875739224012,
    0.0005038927145242552,
    0.0004559409827772581,
    0.0004125524616329519,
    0.0003732929041883396,
    0.00033776938759692187,
    0.00030562638056478615,
    0.0002765421850739168,
    0.0002502257167203052,
    0.00022641359144339848,
    0.00020486748948989321,
    0.0001853717702295441,
    0.00016773131395125593
  ],
  "residual": [
    2.220446049250313e-16,
    2.220446049250313e-16,
    1.6653345369377348e-16,
    1.1102230246251565e-16,
    1.1102230246251565e-16,
    1.1102230246251565e-16,
    5.551115123125783e-17,
    8.326672684688674e-17,
    5.551115123125783e-17,
    5.551115123125783e-17,
    5.551115123125783e-17,
    5.551115123125783e-17,
    0.0,
    2.7755575615628914e-17,
    1.3877787807814457e-17,
    1.3877787807814457e-17,
    1.3877787807814457e-17,
    1.3877787807814457e-17,
    1.3877787807814457e-17,
    0.0,
    0.0,
    6.938893903907228e-18,
    1.3877787807814457e-17,
    2.7755575615628914e-17,
    3.469446951953614e-17,
    2.0816681711721685e-17,
    2.0816681711721685e-17,
    2.7755575615628914e-17,
    2.42861286636753e-17,
    2.42861286636753e-17,
    1.734723475976807e-17,
    1.734723475976807e-17,
    1.734723475976807e-17,
    2.42861286636753e-17,
    2.42861286636753e-17,
    1.734723475976807e-17,
    1.5612511283791264e-17,
    1.5612511283791264e-17,
    1.214306433183765e-17,
    1.3877787807814457e-17,
    1.0408340855860843e-17,
    1.3877787807814457e-17,
    9.540979117872439e-18,
    4.336808689942018e-18,
    8.673617379884035e-18,
    5.204170427930421e-18,
    7.806255641895632e-18,
    6.071532165918825e-18,
    6.938893903907228e-18,
    4.7704895589362195e-18,
    3.469446951953614e-18,
    5.204170427930421e-18,
    3.469446951953614e-18,
    4.336808689942018e-18,
    3.469446951953614e-18,
    2.6020852139652106e-18,
    3.2526065174565133e-18,
    2.6020852139652106e-18,
    3.0357660829594124e-18,
    2.168404344971009e-18,
    1.5178830414797062e-18,
    1.951563910473908e-18,
    1.5178830414797062e-18,
    1.8431436932253575e-18,
    1.5178830414797062e-18,
    1.0842021724855044e-18,
    1.4094628242311558e-18,
    9.75781955236954e-19,
    1.1926223897340549e-18,
    8.673617379884035e-19,
    7.047314121155779e-19,
    8.131516293641283e-19,
    5.963111948670274e-19,
    8.673617379884035e-19,
    6.505213034913027e-19,
    3.7947076036992655e-19,
    4.87890977618477e-19,
    3.7947076036992655e-19,
    3.7947076036992655e-19,
    3.5236570605778894e-19,
    2.168404344971009e-19
  ],
  "max_residual": 2.220446049250313e-16,
  "max_residual_t": 0.0,
  "pass_flag_1e14": true,
  "surprise_flag_1e12": false
}