{
  "label": "xxz_delta_2",
  "config": {
    "N": 5,
    "gamma_0": 0.05,
    "t_max": 40.0,
    "n_times": 81,
    "residual_bar": 1e-14,
    "surprise_bar": 1e-12,
    "family": "xxz",
    "delta": 2.0,
    "J_list": [
      1.0,
      1.0,
      1.0,
      1.0
    ],
    "probe": "uniform_S1_plus_vac"
  },
  "times": [
    0.0,
    0.5,
    1.0,
    1.5,
    2.0,
    2.5,
    3.0,
    3.5,
    4.0,
    4.5,
    5.0,
    5.5,
    6.0,
    6.5,
    7.0,
    7.5,
    8.0,
    8.5,
    9.0,
    9.5,
    10.0,
    10.5,
    11.0,
    11.5,
    12.0,
    12.5,
    13.0,
    13.5,
    14.0,
    14.5,
    15.0,
    15.5,
    16.0,
    16.5,
    17.0,
    17.5,
    18.0,
    18.5,
    19.0,
    19.5,
    20.0,
    20.5,
    21.0,
    21.5,
    22.0,
    22.5,
    23.0,
    23.5,
    24.0,
    24.5,
    25.0,
    25.5,
    26.0,
    26.5,
    27.0,
    27.5,
    28.0,
    28.5,
    29.0,
    29.5,
    30.0,
    30.5,
    31.0,
    31.5,
    32.0,
    32.5,
    33.0,
    33.5,
    34.0,
    34.5,
    35.0,
    35.5,
    36.0,
    36.5,
    37.0,
    37.5,
    38.0,
    38.5,
    39.0,
    39.5,
    40.0
  ],
  "S_t": [
    0.4999999999999998,
    0.45241870901797965,
    0.40936537653899097,
    0.3704091103408591,
    0.33516002301781983,
    0.3032653298563169,
    0.27440581804701347,
    0.24829265189570515,
    0.22466448205861117,
    0.20328482987029994,
    0.18393972058572156,
    0.1664355418490402,
    0.15059710595610143,
    0.13626589651700666,
    0.12329848197080359,
    0.11156508007421526,
    0.10094825899732804,
    0.09134176202636762,
    0.08264944411079357,
    0.07478430961131782,
    0.06766764161830663,
    0.061228214126491216,
    0.055401579181167185,
    0.05012942186140211,
    0.04535897664470648,
    0.04104249931194961,
    0.03713678910716713,
    0.03360275636987506,
    0.030405031312609153,
    0.02751161002820377,
    0.02489353418393211,
    0.022524601196779036,
    0.020381101989183237,
    0.018441583700620122,
    0.01668663498016315,
    0.015098691711159358,
    0.013661861223646378,
    0.012361763235169786,
    0.01118538592808288,
    0.010120955722902272,
    0.009157819444367166,
    0.008286337700880692,
    0.007497788410238916,
    0.006784279506100523,
    0.006138669951534274,
    0.0055544982691212025,
    0.005025917872316836,
    0.00454763855084795,
    0.004114873524510053,
    0.003723291535462207,
    0.003368973499542766,
    0.0030483732827578476,
    0.002758282210380414,
    0.0024957969534551336,
    0.0022582904713063573,
    0.0020433857192320545,
    0.0018489318582414855,
    0.0016729827287356555,
    0.0015137773726879248,
    0.0013697224093842009,
    0.0012393760883331944,
    0.0011214338597429151,
    0.00101471531814788,
    0.0009181523885144649,
    0.0008307786365869779,
    0.0007517195964887964,
    0.000680184018773956,
    0.000615455951336749,
    0.0005568875739224093,
    0.0005038927145242626,
    0.0004559409827772647,
    0.00041255246163295815,
    0.00037329290418834513,
    0.00033776938759692723,
    0.0003056263805647911,
    0.00027654218507392115,
    0.00025022571672030927,
    0.0002264135914434022,
    0.0002048674894898967,
    0.00018537177022954728,
    0.00016773131395125875
  ],
  "S_pred": [
    0.5,
    0.45241870901797976,
    0.4093653765389909,
    0.37040911034085894,
    0.33516002301781966,
    0.3032653298563167,
    0.2744058180470132,
    0.24829265189570474,
    0.22466448205861078,
    0.20328482987029955,
    0.18393972058572117,
    0.16643554184903978,
    0.150597105956101,
    0.1362658965170063,
    0.12329848197080322,
    0.11156508007421491,
    0.10094825899732769,
    0.0913417620263673,
    0.08264944411079327,
    0.07478430961131752,
    0.06766764161830635,
    0.06122821412649095,
    0.055401579181166935,
    0.05012942186140185,
    0.045358976644706235,
    0.0410424993119494,
    0.03713678910716694,
    0.03360275636987488,
    0.030405031312608976,
    0.027511610028203605,
    0.024893534183931972,
    0.0225246011967789,
    0.020381101989183106,
    0.018441583700619997,
    0.016686634980163033,
    0.01509869171115925,
    0.01366186122364628,
    0.012361763235169694,
    0.011185385928082795,
    0.01012095572290219,
    0.00915781944436709,
    0.008286337700880619,
    0.007497788410238852,
    0.006784279506100467,
    0.006138669951534218,
    0.005554498269121153,
    0.005025917872316788,
    0.004547638550847908,
    0.004114873524510012,
    0.003723291535462169,
    0.0033689734995427335,
    0.0030483732827578163,
    0.0027582822103803858,
    0.0024957969534551063,
    0.002258290471306333,
    0.0020433857192320333,
    0.0018489318582414645,
    0.001672982728735636,
    0.0015137773726879064,
    0.0013697224093841842,
    0.0012393760883331792,
    0.0011214338597429006,
    0.001014715318147867,
    0.0009181523885144528,
    0.000830778636586967,
    0.0007517195964887862,
    0.0006801840187739464,
    0.0006154559513367405,
    0.0005568875739224012,
    0.0005038927145242552,
    0.0004559409827772581,
    0.0004125524616329519,
    0.0003732929041883396,
    0.00033776938759692187,
    0.00030562638056478615,
    0.0002765421850739168,
    0.0002502257167203052,
    0.00022641359144339848,
    0.00020486748948989321,
    0.0001853717702295441,
    0.00016773131395125593
  ],
  "residual": [
    2.220446049250313e-16,
    1.1102230246251565e-16,
    5.551115123125783e-17,
    1.6653345369377348e-16,
    1.6653345369377348e-16,
    1.6653345369377348e-16,
    2.7755575615628914e-16,
    4.163336342344337e-16,
    3.885780586188048e-16,
    3.885780586188048e-16,
    3.885780586188048e-16,
    4.163336342344337e-16,
    4.163336342344337e-16,
    3.608224830031759e-16,
    3.7470027081099033e-16,
    3.469446951953614e-16,
    3.469446951953614e-16,
    3.191891195797325e-16,
    3.0531133177191805e-16,
    3.0531133177191805e-16,
    2.7755575615628914e-16,
    2.636779683484747e-16,
    2.498001805406602e-16,
    2.5673907444456745e-16,
    2.42861286636753e-16,
    2.0816681711721685e-16,
    1.942890293094024e-16,
    1.8041124150158794e-16,
    1.7694179454963432e-16,
    1.6653345369377348e-16,
    1.3877787807814457e-16,
    1.3530843112619095e-16,
    1.3183898417423734e-16,
    1.249000902703301e-16,
    1.1796119636642288e-16,
    1.0755285551056204e-16,
    9.8879238130678e-17,
    9.194034422677078e-17,
    8.500145032286355e-17,
    8.153200337090993e-17,
    7.632783294297951e-17,
    7.28583859910259e-17,
    6.418476861114186e-17,
    5.637851296924623e-17,
    5.637851296924623e-17,
    4.9439619065339e-17,
    4.85722573273506e-17,
    4.2500725161431774e-17,
    4.163336342344337e-17,
    3.7730235602495554e-17,
    3.252606517456513e-17,
    3.122502256758253e-17,
    2.8189256484623115e-17,
    2.7321894746634712e-17,
    2.42861286636753e-17,
    2.1250362580715887e-17,
    2.1033522146218786e-17,
    1.951563910473908e-17,
    1.8431436932253575e-17,
    1.6696713456276768e-17,
    1.5178830414797062e-17,
    1.452830911130576e-17,
    1.3010426069826053e-17,
    1.214306433183765e-17,
    1.0950441942103595e-17,
    1.0191500421363742e-17,
    9.64939933512099e-18,
    8.456776945386935e-18,
    8.131516293641283e-18,
    7.37257477290143e-18,
    6.559423143537302e-18,
    6.2341624917916505e-18,
    5.5294310796760726e-18,
    5.366800753803247e-18,
    4.933119884809045e-18,
    4.336808689942018e-18,
    4.065758146820642e-18,
    3.713392440762853e-18,
    3.496552006265752e-18,
    3.1712913545201005e-18,
    2.8189256484623115e-18
  ],
  "max_residual": 4.163336342344337e-16,
  "max_residual_t": 3.5,
  "pass_flag_1e14": true,
  "surprise_flag_1e12": false
}