{
  "label": "xxz_delta_1",
  "config": {
    "N": 5,
    "gamma_0": 0.05,
    "t_max": 40.0,
    "n_times": 81,
    "residual_bar": 1e-14,
    "surprise_bar": 1e-12,
    "family": "xxz",
    "delta": 1.0,
    "J_list": [
      1.0,
      1.0,
      1.0,
      1.0
    ],
    "probe": "uniform_S1_plus_vac"
  },
  "times": [
    0.0,
    0.5,
    1.0,
    1.5,
    2.0,
    2.5,
    3.0,
    3.5,
    4.0,
    4.5,
    5.0,
    5.5,
    6.0,
    6.5,
    7.0,
    7.5,
    8.0,
    8.5,
    9.0,
    9.5,
    10.0,
    10.5,
    11.0,
    11.5,
    12.0,
    12.5,
    13.0,
    13.5,
    14.0,
    14.5,
    15.0,
    15.5,
    16.0,
    16.5,
    17.0,
    17.5,
    18.0,
    18.5,
    19.0,
    19.5,
    20.0,
    20.5,
    21.0,
    21.5,
    22.0,
    22.5,
    23.0,
    23.5,
    24.0,
    24.5,
    25.0,
    25.5,
    26.0,
    26.5,
    27.0,
    27.5,
    28.0,
    28.5,
    29.0,
    29.5,
    30.0,
    30.5,
    31.0,
    31.5,
    32.0,
    32.5,
    33.0,
    33.5,
    34.0,
    34.5,
    35.0,
    35.5,
    36.0,
    36.5,
    37.0,
    37.5,
    38.0,
    38.5,
    39.0,
    39.5,
    40.0
  ],
  "S_t": [
    0.4999999999999998,
    0.4524187090179795,
    0.4093653765389905,
    0.3704091103408585,
    0.3351600230178192,
    0.3032653298563163,
    0.2744058180470128,
    0.2482926518957043,
    0.22466448205861037,
    0.2032848298702991,
    0.18393972058572075,
    0.16643554184903941,
    0.15059710595610068,
    0.13626589651700594,
    0.12329848197080286,
    0.11156508007421456,
    0.10094825899732736,
    0.09134176202636698,
    0.08264944411079296,
    0.07478430961131723,
    0.06766764161830607,
    0.06122821412649068,
    0.0554015791811667,
    0.050129421861401624,
    0.04535897664470602,
    0.041042499311949185,
    0.037136789107166744,
    0.03360275636987469,
    0.030405031312608806,
    0.02751161002820345,
    0.024893534183931816,
    0.022524601196778758,
    0.02038110198918297,
    0.018441583700619876,
    0.016686634980162925,
    0.015098691711159141,
    0.013661861223646179,
    0.012361763235169597,
    0.011185385928082707,
    0.010120955722902107,
    0.009157819444367011,
    0.008286337700880551,
    0.007497788410238785,
    0.006784279506100404,
    0.006138669951534163,
    0.0055544982691211,
    0.005025917872316742,
    0.0045476385508478635,
    0.004114873524509972,
    0.0037232915354621313,
    0.0033689734995426975,
    0.003048373282757786,
    0.0027582822103803563,
    0.0024957969534550803,
    0.0022582904713063083,
    0.00204338571923201,
    0.0018489318582414432,
    0.001672982728735616,
    0.0015137773726878888,
    0.0013697224093841675,
    0.0012393760883331636,
    0.001121433859742887,
    0.0010147153181478538,
    0.0009181523885144412,
    0.000830778636586956,
    0.000751719596488776,
    0.0006801840187739373,
    0.0006154559513367319,
    0.0005568875739223936,
    0.0005038927145242483,
    0.00045594098277725145,
    0.00041255246163294596,
    0.000373292904188334,
    0.0003377693875969168,
    0.00030562638056478143,
    0.00027654218507391237,
    0.0002502257167203014,
    0.00022641359144339487,
    0.00020486748948989,
    0.0001853717702295411,
    0.00016773131395125308
  ],
  "S_pred": [
    0.5,
    0.45241870901797976,
    0.4093653765389909,
    0.37040911034085894,
    0.33516002301781966,
    0.3032653298563167,
    0.2744058180470132,
    0.24829265189570474,
    0.22466448205861078,
    0.20328482987029955,
    0.18393972058572117,
    0.16643554184903978,
    0.150597105956101,
    0.1362658965170063,
    0.12329848197080322,
    0.11156508007421491,
    0.10094825899732769,
    0.0913417620263673,
    0.08264944411079327,
    0.07478430961131752,
    0.06766764161830635,
    0.06122821412649095,
    0.055401579181166935,
    0.05012942186140185,
    0.045358976644706235,
    0.0410424993119494,
    0.03713678910716694,
    0.03360275636987488,
    0.030405031312608976,
    0.027511610028203605,
    0.024893534183931972,
    0.0225246011967789,
    0.020381101989183106,
    0.018441583700619997,
    0.016686634980163033,
    0.01509869171115925,
    0.01366186122364628,
    0.012361763235169694,
    0.011185385928082795,
    0.01012095572290219,
    0.00915781944436709,
    0.008286337700880619,
    0.007497788410238852,
    0.006784279506100467,
    0.006138669951534218,
    0.005554498269121153,
    0.005025917872316788,
    0.004547638550847908,
    0.004114873524510012,
    0.003723291535462169,
    0.0033689734995427335,
    0.0030483732827578163,
    0.0027582822103803858,
    0.0024957969534551063,
    0.002258290471306333,
    0.0020433857192320333,
    0.0018489318582414645,
    0.001672982728735636,
    0.0015137773726879064,
    0.0013697224093841842,
    0.0012393760883331792,
    0.0011214338597429006,
    0.001014715318147867,
    0.0009181523885144528,
    0.000830778636586967,
    0.0007517195964887862,
    0.0006801840187739464,
    0.0006154559513367405,
    0.0005568875739224012,
    0.0005038927145242552,
    0.0004559409827772581,
    0.0004125524616329519,
    0.0003732929041883396,
    0.00033776938759692187,
    0.00030562638056478615,
    0.0002765421850739168,
    0.0002502257167203052,
    0.00022641359144339848,
    0.00020486748948989321,
    0.0001853717702295441,
    0.00016773131395125593
  ],
  "residual": [
    2.220446049250313e-16,
    2.7755575615628914e-16,
    3.885780586188048e-16,
    4.440892098500626e-16,
    4.440892098500626e-16,
    3.885780586188048e-16,
    3.885780586188048e-16,
    4.440892098500626e-16,
    4.163336342344337e-16,
    4.440892098500626e-16,
    4.163336342344337e-16,
    3.608224830031759e-16,
    3.3306690738754696e-16,
    3.608224830031759e-16,
    3.608224830031759e-16,
    3.469446951953614e-16,
    3.3306690738754696e-16,
    3.191891195797325e-16,
    3.0531133177191805e-16,
    2.914335439641036e-16,
    2.7755575615628914e-16,
    2.706168622523819e-16,
    2.3592239273284576e-16,
    2.2898349882893854e-16,
    2.1510571102112408e-16,
    2.1510571102112408e-16,
    1.942890293094024e-16,
    1.8735013540549517e-16,
    1.700029006457271e-16,
    1.5612511283791264e-16,
    1.5612511283791264e-16,
    1.4224732503009818e-16,
    1.3530843112619095e-16,
    1.214306433183765e-16,
    1.0755285551056204e-16,
    1.0928757898653885e-16,
    1.0061396160665481e-16,
    9.71445146547012e-17,
    8.847089727481716e-17,
    8.326672684688674e-17,
    7.806255641895632e-17,
    6.765421556309548e-17,
    6.678685382510707e-17,
    6.331740687315346e-17,
    5.4643789493269423e-17,
    5.2909066017292616e-17,
    4.597017211338539e-17,
    4.423544863740858e-17,
    3.9898639947466563e-17,
    3.7730235602495554e-17,
    3.599551212651875e-17,
    3.0357660829594124e-17,
    2.949029909160572e-17,
    2.6020852139652106e-17,
    2.47198095326695e-17,
    2.3418766925686896e-17,
    2.1250362580715887e-17,
    1.9949319973733282e-17,
    1.7564075194265172e-17,
    1.6696713456276768e-17,
    1.5612511283791264e-17,
    1.3660947373317356e-17,
    1.3227266504323154e-17,
    1.1600963245594897e-17,
    1.0950441942103595e-17,
    1.0191500421363742e-17,
    9.107298248878237e-18,
    8.565197162635485e-18,
    7.589415207398531e-18,
    6.938893903907228e-18,
    6.667843360785852e-18,
    5.9631119486702744e-18,
    5.583641188300348e-18,
    5.041540102057596e-18,
    4.716279450311944e-18,
    4.445228907190568e-18,
    3.7947076036992655e-18,
    3.604972223514302e-18,
    3.2255014631443757e-18,
    3.0086610286472748e-18,
    2.846030702774449e-18
  ],
  "max_residual": 4.440892098500626e-16,
  "max_residual_t": 1.5,
  "pass_flag_1e14": true,
  "surprise_flag_1e12": false
}