{
  "label": "xxz_delta_1p0_random_SE",
  "config": {
    "N": 5,
    "gamma_0": 0.05,
    "t_max": 40.0,
    "n_times": 81,
    "residual_bar": 1e-14,
    "surprise_bar": 1e-12,
    "family": "xxz",
    "delta": 1.0,
    "J_list": [
      1.0,
      1.0,
      1.0,
      1.0
    ],
    "probe": "random_Haar_SE_plus_vac",
    "SE_coefficients_real": [
      -0.10308381037462479,
      -0.32995523671927385,
      0.26022043205019935,
      0.5327092723718706,
      0.19628349244190033
    ],
    "SE_coefficients_imag": [
      0.4757354472640801,
      0.07657319605684099,
      0.17192740888487593,
      -0.4774962202527331,
      -0.027071642879568533
    ],
    "seed": 20260421
  },
  "times": [
    0.0,
    0.5,
    1.0,
    1.5,
    2.0,
    2.5,
    3.0,
    3.5,
    4.0,
    4.5,
    5.0,
    5.5,
    6.0,
    6.5,
    7.0,
    7.5,
    8.0,
    8.5,
    9.0,
    9.5,
    10.0,
    10.5,
    11.0,
    11.5,
    12.0,
    12.5,
    13.0,
    13.5,
    14.0,
    14.5,
    15.0,
    15.5,
    16.0,
    16.5,
    17.0,
    17.5,
    18.0,
    18.5,
    19.0,
    19.5,
    20.0,
    20.5,
    21.0,
    21.5,
    22.0,
    22.5,
    23.0,
    23.5,
    24.0,
    24.5,
    25.0,
    25.5,
    26.0,
    26.5,
    27.0,
    27.5,
    28.0,
    28.5,
    29.0,
    29.5,
    30.0,
    30.5,
    31.0,
    31.5,
    32.0,
    32.5,
    33.0,
    33.5,
    34.0,
    34.5,
    35.0,
    35.5,
    36.0,
    36.5,
    37.0,
    37.5,
    38.0,
    38.5,
    39.0,
    39.5,
    40.0
  ],
  "S_t": [
    0.4999999999999998,
    0.4524187090179794,
    0.40936537653899063,
    0.37040911034085844,
    0.33516002301781916,
    0.30326532985631616,
    0.2744058180470127,
    0.24829265189570415,
    0.2246644820586102,
    0.203284829870299,
    0.18393972058572072,
    0.1664355418490393,
    0.1505971059561006,
    0.13626589651700585,
    0.12329848197080279,
    0.1115650800742145,
    0.10094825899732732,
    0.09134176202636694,
    0.0826494441107929,
    0.07478430961131717,
    0.06766764161830602,
    0.06122821412649064,
    0.05540157918116666,
    0.05012942186140161,
    0.045358976644706006,
    0.041042499311949164,
    0.037136789107166716,
    0.03360275636987469,
    0.030405031312608806,
    0.02751161002820345,
    0.02489353418393181,
    0.02252460119677875,
    0.02038110198918297,
    0.018441583700619876,
    0.016686634980162925,
    0.01509869171115915,
    0.013661861223646187,
    0.01236176323516961,
    0.011185385928082717,
    0.010120955722902118,
    0.00915781944436702,
    0.00828633770088056,
    0.007497788410238794,
    0.0067842795061004105,
    0.006138669951534169,
    0.005554498269121106,
    0.005025917872316748,
    0.004547638550847869,
    0.004114873524509977,
    0.0037232915354621352,
    0.0033689734995427014,
    0.003048373282757789,
    0.0027582822103803593,
    0.002495796953455083,
    0.0022582904713063117,
    0.0020433857192320133,
    0.0018489318582414463,
    0.0016729827287356189,
    0.001513777372687891,
    0.0013697224093841697,
    0.0012393760883331658,
    0.001121433859742889,
    0.0010147153181478557,
    0.0009181523885144432,
    0.0008307786365869581,
    0.0007517195964887775,
    0.0006801840187739385,
    0.0006154559513367335,
    0.0005568875739223949,
    0.0005038927145242494,
    0.00045594098277725265,
    0.00041255246163294715,
    0.00037329290418833505,
    0.00033776938759691797,
    0.0003056263805647824,
    0.00027654218507391324,
    0.0002502257167203021,
    0.0002264135914433956,
    0.00020486748948989067,
    0.00018537177022954167,
    0.0001677313139512537
  ],
  "S_pred": [
    0.5,
    0.45241870901797976,
    0.4093653765389909,
    0.37040911034085894,
    0.33516002301781966,
    0.3032653298563167,
    0.2744058180470132,
    0.24829265189570474,
    0.22466448205861078,
    0.20328482987029955,
    0.18393972058572117,
    0.16643554184903978,
    0.150597105956101,
    0.1362658965170063,
    0.12329848197080322,
    0.11156508007421491,
    0.10094825899732769,
    0.0913417620263673,
    0.08264944411079327,
    0.07478430961131752,
    0.06766764161830635,
    0.06122821412649095,
    0.055401579181166935,
    0.05012942186140185,
    0.045358976644706235,
    0.0410424993119494,
    0.03713678910716694,
    0.03360275636987488,
    0.030405031312608976,
    0.027511610028203605,
    0.024893534183931972,
    0.0225246011967789,
    0.020381101989183106,
    0.018441583700619997,
    0.016686634980163033,
    0.01509869171115925,
    0.01366186122364628,
    0.012361763235169694,
    0.011185385928082795,
    0.01012095572290219,
    0.00915781944436709,
    0.008286337700880619,
    0.007497788410238852,
    0.006784279506100467,
    0.006138669951534218,
    0.005554498269121153,
    0.005025917872316788,
    0.004547638550847908,
    0.004114873524510012,
    0.003723291535462169,
    0.0033689734995427335,
    0.0030483732827578163,
    0.0027582822103803858,
    0.0024957969534551063,
    0.002258290471306333,
    0.0020433857192320333,
    0.0018489318582414645,
    0.001672982728735636,
    0.0015137773726879064,
    0.0013697224093841842,
    0.0012393760883331792,
    0.0011214338597429006,
    0.001014715318147867,
    0.0009181523885144528,
    0.000830778636586967,
    0.0007517195964887862,
    0.0006801840187739464,
    0.0006154559513367405,
    0.0005568875739224012,
    0.0005038927145242552,
    0.0004559409827772581,
    0.0004125524616329519,
    0.0003732929041883396,
    0.00033776938759692187,
    0.00030562638056478615,
    0.0002765421850739168,
    0.0002502257167203052,
    0.00022641359144339848,
    0.00020486748948989321,
    0.0001853717702295441,
    0.00016773131395125593
  ],
  "residual": [
    2.220446049250313e-16,
    3.3306690738754696e-16,
    2.7755575615628914e-16,
    4.996003610813204e-16,
    4.996003610813204e-16,
    5.551115123125783e-16,
    4.996003610813204e-16,
    5.828670879282072e-16,
    5.828670879282072e-16,
    5.551115123125783e-16,
    4.440892098500626e-16,
    4.718447854656915e-16,
    4.163336342344337e-16,
    4.440892098500626e-16,
    4.3021142204224816e-16,
    4.0245584642661925e-16,
    3.7470027081099033e-16,
    3.608224830031759e-16,
    3.608224830031759e-16,
    3.469446951953614e-16,
    3.3306690738754696e-16,
    3.122502256758253e-16,
    2.7755575615628914e-16,
    2.42861286636753e-16,
    2.2898349882893854e-16,
    2.3592239273284576e-16,
    2.220446049250313e-16,
    1.8735013540549517e-16,
    1.700029006457271e-16,
    1.5612511283791264e-16,
    1.6306400674181987e-16,
    1.491862189340054e-16,
    1.3530843112619095e-16,
    1.214306433183765e-16,
    1.0755285551056204e-16,
    1.0061396160665481e-16,
    9.194034422677078e-17,
    8.326672684688674e-17,
    7.806255641895632e-17,
    7.28583859910259e-17,
    6.938893903907228e-17,
    5.898059818321144e-17,
    5.724587470723463e-17,
    5.637851296924623e-17,
    4.85722573273506e-17,
    4.683753385137379e-17,
    3.9898639947466563e-17,
    3.903127820947816e-17,
    3.469446951953614e-17,
    3.382710778154774e-17,
    3.209238430557093e-17,
    2.7321894746634712e-17,
    2.6454533008646308e-17,
    2.3418766925686896e-17,
    2.1250362580715887e-17,
    1.9949319973733282e-17,
    1.8214596497756474e-17,
    1.713039432527097e-17,
    1.5395670849294163e-17,
    1.452830911130576e-17,
    1.3444106938820255e-17,
    1.1492543028346347e-17,
    1.1275702593849246e-17,
    9.64939933512099e-18,
    8.890457814381136e-18,
    8.673617379884035e-18,
    7.914675859144182e-18,
    7.047314121155779e-18,
    6.288372600415926e-18,
    5.854691731421724e-18,
    5.4752209710517974e-18,
    4.7704895589362195e-18,
    4.553649124439119e-18,
    3.903127820947816e-18,
    3.74049749507499e-18,
    3.577867169202165e-18,
    3.0899761915836876e-18,
    2.8731357570865868e-18,
    2.5478751053409354e-18,
    2.439454888092385e-18,
    2.222614453595284e-18
  ],
  "max_residual": 5.828670879282072e-16,