{
  "label": "xy_delta_0_inhomogeneous_J",
  "config": {
    "N": 5,
    "gamma_0": 0.05,
    "t_max": 40.0,
    "n_times": 81,
    "residual_bar": 1e-14,
    "surprise_bar": 1e-12,
    "family": "xy_inhomogeneous",
    "delta": 0.0,
    "J_list": [
      0.5130377299139264,
      0.9537263217926462,
      0.9042307019040706,
      0.9487078872534394
    ],
    "probe": "uniform_S1_plus_vac",
    "seed": 20260422
  },
  "times": [
    0.0,
    0.5,
    1.0,
    1.5,
    2.0,
    2.5,
    3.0,
    3.5,
    4.0,
    4.5,
    5.0,
    5.5,
    6.0,
    6.5,
    7.0,
    7.5,
    8.0,
    8.5,
    9.0,
    9.5,
    10.0,
    10.5,
    11.0,
    11.5,
    12.0,
    12.5,
    13.0,
    13.5,
    14.0,
    14.5,
    15.0,
    15.5,
    16.0,
    16.5,
    17.0,
    17.5,
    18.0,
    18.5,
    19.0,
    19.5,
    20.0,
    20.5,
    21.0,
    21.5,
    22.0,
    22.5,
    23.0,
    23.5,
    24.0,
    24.5,
    25.0,
    25.5,
    26.0,
    26.5,
    27.0,
    27.5,
    28.0,
    28.5,
    29.0,
    29.5,
    30.0,
    30.5,
    31.0,
    31.5,
    32.0,
    32.5,
    33.0,
    33.5,
    34.0,
    34.5,
    35.0,
    35.5,
    36.0,
    36.5,
    37.0,
    37.5,
    38.0,
    38.5,
    39.0,
    39.5,
    40.0
  ],
  "S_t": [
    0.4999999999999998,
    0.45241870901797954,
    0.4093653765389907,
    0.3704091103408586,
    0.33516002301781933,
    0.3032653298563165,
    0.274405818047013,
    0.2482926518957045,
    0.2246644820586106,
    0.20328482987029936,
    0.183939720585721,
    0.16643554184903966,
    0.15059710595610096,
    0.1362658965170062,
    0.12329848197080315,
    0.11156508007421485,
    0.10094825899732765,
    0.09134176202636728,
    0.08264944411079321,
    0.07478430961131748,
    0.0676676416183063,
    0.06122821412649091,
    0.05540157918116689,
    0.050129421861401825,
    0.045358976644706214,
    0.041042499311949365,
    0.03713678910716692,
    0.033602756369874864,
    0.030405031312608966,
    0.027511610028203595,
    0.02489353418393195,
    0.022524601196778883,
    0.020381101989183092,
    0.01844158370061999,
    0.016686634980163026,
    0.015098691711159238,
    0.013661861223646269,
    0.012361763235169687,
    0.01118538592808279,
    0.010120955722902185,
    0.009157819444367082,
    0.008286337700880619,
    0.007497788410238847,
    0.00678427950610046,
    0.0061386699515342145,
    0.005554498269121149,
    0.005025917872316786,
    0.004547638550847905,
    0.00411487352451001,
    0.003723291535462167,
    0.00336897349954273,
    0.003048373282757815,
    0.0027582822103803836,
    0.002495796953455105,
    0.0022582904713063317,
    0.0020433857192320307,
    0.0018489318582414634,
    0.0016729827287356345,
    0.0015137773726879057,
    0.0013697224093841829,
    0.001239376088333178,
    0.0011214338597428997,
    0.001014715318147866,
    0.0009181523885144522,
    0.000830778636586966,
    0.0007517195964887851,
    0.0006801840187739457,
    0.0006154559513367396,
    0.0005568875739224006,
    0.0005038927145242546,
    0.0004559409827772574,
    0.00041255246163295154,
    0.0003732929041883391,
    0.0003377693875969216,
    0.0003056263805647858,
    0.00027654218507391643,
    0.000250225716720305,
    0.00022641359144339818,
    0.000204867489489893,
    0.00018537177022954387,
    0.00016773131395125566
  ],
  "S_pred": [
    0.5,
    0.45241870901797976,
    0.4093653765389909,
    0.37040911034085894,
    0.33516002301781966,
    0.3032653298563167,
    0.2744058180470132,
    0.24829265189570474,
    0.22466448205861078,
    0.20328482987029955,
    0.18393972058572117,
    0.16643554184903978,
    0.150597105956101,
    0.1362658965170063,
    0.12329848197080322,
    0.11156508007421491,
    0.10094825899732769,
    0.0913417620263673,
    0.08264944411079327,
    0.07478430961131752,
    0.06766764161830635,
    0.06122821412649095,
    0.055401579181166935,
    0.05012942186140185,
    0.045358976644706235,
    0.0410424993119494,
    0.03713678910716694,
    0.03360275636987488,
    0.030405031312608976,
    0.027511610028203605,
    0.024893534183931972,
    0.0225246011967789,
    0.020381101989183106,
    0.018441583700619997,
    0.016686634980163033,
    0.01509869171115925,
    0.01366186122364628,
    0.012361763235169694,
    0.011185385928082795,
    0.01012095572290219,
    0.00915781944436709,
    0.008286337700880619,
    0.007497788410238852,
    0.006784279506100467,
    0.006138669951534218,
    0.005554498269121153,
    0.005025917872316788,
    0.004547638550847908,
    0.004114873524510012,
    0.003723291535462169,
    0.0033689734995427335,
    0.0030483732827578163,
    0.0027582822103803858,
    0.0024957969534551063,
    0.002258290471306333,
    0.0020433857192320333,
    0.0018489318582414645,
    0.001672982728735636,
    0.0015137773726879064,
    0.0013697224093841842,
    0.0012393760883331792,
    0.0011214338597429006,
    0.001014715318147867,
    0.0009181523885144528,
    0.000830778636586967,
    0.0007517195964887862,
    0.0006801840187739464,
    0.0006154559513367405,
    0.0005568875739224012,
    0.0005038927145242552,
    0.0004559409827772581,
    0.0004125524616329519,
    0.0003732929041883396,
    0.00033776938759692187,
    0.00030562638056478615,
    0.0002765421850739168,
    0.0002502257167203052,
    0.00022641359144339848,
    0.00020486748948989321,
    0.0001853717702295441,
    0.00016773131395125593
  ],
  "residual": [
    2.220446049250313e-16,
    2.220446049250313e-16,
    2.220446049250313e-16,
    3.3306690738754696e-16,
    3.3306690738754696e-16,
    2.220446049250313e-16,
    2.220446049250313e-16,
    2.220446049250313e-16,
    1.942890293094024e-16,
    1.942890293094024e-16,
    1.6653345369377348e-16,
    1.1102230246251565e-16,
    5.551115123125783e-17,
    8.326672684688674e-17,
    6.938893903907228e-17,
    5.551115123125783e-17,
    4.163336342344337e-17,
    2.7755575615628914e-17,
    5.551115123125783e-17,
    4.163336342344337e-17,
    5.551115123125783e-17,
    4.163336342344337e-17,
    4.163336342344337e-17,
    2.7755575615628914e-17,
    2.0816681711721685e-17,
    3.469446951953614e-17,
    2.0816681711721685e-17,
    1.3877787807814457e-17,
    1.0408340855860843e-17,
    1.0408340855860843e-17,
    2.0816681711721685e-17,
    1.734723475976807e-17,
    1.3877787807814457e-17,
    6.938893903907228e-18,
    6.938893903907228e-18,
    1.214306433183765e-17,
    1.0408340855860843e-17,
    6.938893903907228e-18,
    5.204170427930421e-18,
    5.204170427930421e-18,
    6.938893903907228e-18,
    0.0,
    4.336808689942018e-18,
    6.938893903907228e-18,
    3.469446951953614e-18,
    4.336808689942018e-18,
    1.734723475976807e-18,
    2.6020852139652106e-18,
    1.734723475976807e-18,
    2.168404344971009e-18,
    3.469446951953614e-18,
    1.3010426069826053e-18,
    2.168404344971009e-18,
    1.3010426069826053e-18,
    1.3010426069826053e-18,
    2.6020852139652106e-18,
    1.0842021724855044e-18,
    1.5178830414797062e-18,
    6.505213034913027e-19,
    1.3010426069826053e-18,
    1.3010426069826053e-18,
    8.673617379884035e-19,
    1.0842021724855044e-18,
    6.505213034913027e-19,
    9.75781955236954e-19,
    1.0842021724855044e-18,
    6.505213034913027e-19,
    8.673617379884035e-19,
    5.421010862427522e-19,
    6.505213034913027e-19,
    7.047314121155779e-19,
    3.7947076036992655e-19,
    4.87890977618477e-19,
    2.710505431213761e-19,
    3.2526065174565133e-19,
    3.7947076036992655e-19,
    2.168404344971009e-19,
    2.981555974335137e-19,
    2.168404344971009e-19,
    2.439454888092385e-19,
    2.710505431213761e-19
  ],
  "max_residual": 3.3306690738754696e-16,
  "max_residual_t": 1.5,
  "pass_flag_1e14": true,
  "surprise_flag_1e12": false
}