{
  "mode": "simulate-zz",
  "zz_khz_model": 0.0,
  "shots": 100000,
  "zz": {
    "zeta01_khz": 0.007385797518206366,
    "zeta01_err": 0.027262071597350265,
    "zeta12_khz": -0.01829182095616777,
    "zeta12_err": 0.016730401163567186,
    "zeta02_khz": -0.001570288788742269,
    "zeta02_err": 0.028844144652096816
  }
}