{
  "mode": "null",
  "shots": 8192,
  "spreads": [
    0.04847531296580069,
    0.06305176609016055,
    0.11332632573682314,
    0.108581350024279,
    0.10486932685981971,
    0.15414401219853485,
    0.05325123306344713,
    0.1163860013474371,
    0.04723041043358602,
    0.0651488811678156,
    0.05867980167336768,
    0.0800458131089186,
    0.054419607238263674,
    0.043328593826322176,
    0.050813089904245996,
    0.09429303259644096,
    0.07215691270307457,
    0.08035812282839981,
    0.06280255366749271,
    0.02044180169455794,
    0.06492379979871055,
    0.1219945300924717,
    0.06341411236595906,
    0.0501886095549488,
    0.016648731800058252,
    0.05411155039880735,
    0.029355134555212704,
    0.025842588367202296,
    0.016547095522116254,
    0.04274603198261751,
    0.028409216348838855,
    0.02927080812333017,
    0.04686008256774042,
    0.0211816082935587,
    0.06890189205114729,
    0.041693241222833875,
    0.056345145422938434,
    0.06808414171763422,
    0.06493208500199632,
    0.1054124217683077,
    0.06613810312263049,
    0.1000424646031982,
    0.06569535796955156,
    0.07290087446922752,
    0.077326151961792,
    0.058518669486571875,
    0.10762360588116367,
    0.06457264389183703,
    0.04054445436902324,
    0.043511913594542324,
    0.09277330324064047,
    0.06811917477532428,
    0.05849510699962068,
    0.016792280408060332,
    0.12766240361132766,
    0.09437313883152748,
    0.05241973155592679,
    0.0216546249440791,
    0.07378714311601518,
    0.06888724443120972,
    0.0706513565673132,
    0.05891925263797369,
    0.06505892893198635,
    0.038784364202958756,
    0.06303383529846426,
    0.03850642326620008,
    0.10108858614344175,
    0.08427745266581217,
    0.08571744516196667,
    0.038065947946820416,
    0.07124064854845531,
    0.05586513755396008,
    0.08823358228699708,
    0.1076591371020939,
    0.027500726913040757,
    0.1054641600010192,
    0.02578303425127417,
    0.051036161650463964,
    0.045322127643662065,
    0.03753408051771928,
    0.13989901838360966,
    0.03236273545599454,
    0.04119338597812658,
    0.04454028563079957,
    0.1382765377434184,
    0.037148631355891255,
    0.024796058090122863,
    0.19382135114791585,
    0.12638292137507112,
    0.05320075925785986,
    0.08869258845380866,
    0.08276261072755127,
    0.024404398675805038,
    0.057821883219644925,
    0.05486819176508699,
    0.07374831178553388,
    0.060271299717418576,
    0.03876820334626486,
    0.031044561371927733,
    0.09579126427183383,
    0.01618711036145678,
    0.07618680775433573,
    0.05797366980221379,
    0.014920185436953348,
    0.07559254766199422,
    0.04902445227768153,
    0.11563597937483143,
    0.03616922279999538,
    0.03464044577517631,
    0.04406622894660422,
    0.04000430001524181,
    0.07407429239589501,
    0.0420434562909716,
    0.05691953722727614,
    0.08123990077415698,
    0.03684029246621011,
    0.07699341458415583,
    0.043628195820380355,
    0.061565686045577994,
    0.0924931902393782,
    0.07348928437554171,
    0.07129751722676525,
    0.04088409887079234,
    0.0765066998876701,
    0.05411414885093977,
    0.05293696347980476,
    0.03180803860901214,
    0.04832027974236411,
    0.04834289958546975,
    0.06174822528095578,
    0.09983202736082325,
    0.02297646269064084,
    0.15887323226140068,
    0.03982849421894001,
    0.11505463493836941,
    0.08400350344080262,
    0.07445244501010269,
    0.1365675483640185,
    0.07750855254722026,
    0.07750847174243743,
    0.13462915453510757,
    0.04586568778999897,
    0.06706667803776757,
    0.022684769104266318,
    0.08791454107566904,
    0.057784888370812644,
    0.02372854518741144,
    0.07198915742444677,
    0.04488601612692403,
    0.0639589874238593,
    0.05478477471030498,
    0.026600330956241553,
    0.06860303750203475,
    0.016659703016128347,
    0.04714221983176506,
    0.07137045617804262,
    0.10864695034482379,
    0.09358677304632498,
    0.06768421493928571,
    0.052998530707335005,
    0.08513512236242544,
    0.09110636765837933,
    0.04653373953153434,
    0.0193910994398271,
    0.07866941110355484,
    0.019383460856301337,
    0.06828887447297313,
    0.028857110752393975,
    0.06157101120170318,
    0.06292932001320481,
    0.11223964817483874,
    0.07761300454049753,
    0.06848951962501383,
    0.05130128435652269,
    0.06825930814617095,
    0.03879412126718925,
    0.08767262678604468,
    0.06567773591272098,
    0.11438563512735592,
    0.031690855080570436,
    0.07542851106449834,
    0.028041559490490246,
    0.06544832133048445,
    0.04998643370047722,
    0.03929561074849899,
    0.09139638069984352,
    0.08812197888023615,
    0.06344601393711749,
    0.04176477279559283,
    0.03592275700277049,
    0.07407511961893837,
    0.07391467018179375,
    0.06712235485749088,
    0.069865717463286,
    0.01427153305491332,
    0.06033224471350097,
    0.026727753658253903,
    0.056923132282077446,
    0.08403573357097656,
    0.03714393870411901
  ]
}