{
  "mode": "hardware",
  "parameters": {
    "N": 3,
    "J": 1.0,
    "t": 0.8,
    "n_trotter": 3,
    "shots": 4096
  },
  "backend": "ibm_marrakesh",
  "path": [
    4,
    5,
    6
  ],
  "job_id": "d7pol1e7g7gs73cf7j90",
  "expectations": {
    "truly_unbroken": {
      "I,I": 1.0,
      "X,X": 0.01025390625,
      "X,Y": -0.00390625,
      "X,Z": -0.0009765625,
      "Y,X": 0.02685546875,
      "Y,Y": 0.53515625,
      "Y,Z": 0.669921875,
      "Z,X": -0.00634765625,
      "Z,Y": 0.18505859375,
      "Z,Z": 0.21484375,
      "X,I": 0.13720703125,
      "Y,I": -0.0009765625,
      "Z,I": 0.04296875,
      "I,X": 0.14013671875,
      "I,Y": -0.0107421875,
      "I,Z": 0.01171875
    },
    "pi2_odd_pure": {
      "I,I": 1.0,
      "X,X": 0.00927734375,
      "X,Y": -0.00634765625,
      "X,Z": -0.8486328125,
      "Y,X": 0.00732421875,
      "Y,Y": 0.53662109375,
      "Y,Z": 0.0673828125,
      "Z,X": -0.56640625,
      "Z,Y": 0.052734375,
      "Z,Z": 0.2099609375,
      "X,I": 0.14697265625,
      "Y,I": -0.0263671875,
      "Z,I": -0.32177734375,
      "I,X": 0.150390625,
      "I,Y": 0.00732421875,
      "I,Z": -0.22802734375
    },
    "pi2_even_nontruly": {
      "I,I": 1.0,
      "X,X": 0.9189453125,
      "X,Y": 0.0302734375,
      "X,Z": 0.0302734375,
      "Y,X": 0.02490234375,
      "Y,Y": 0.00732421875,
      "Y,Z": 0.00146484375,
      "Z,X": 0.01416015625,
      "Z,Y": -0.005859375,
      "Z,Z": -0.00390625,
      "X,I": 0.92529296875,
      "Y,I": 0.04833984375,
      "Z,I": 0.0185546875,
      "I,X": 0.94384765625,
      "I,Y": 0.044921875,
      "I,Z": 0.0634765625
    },
    "mixed_anti_one_sixth": {
      "I,I": 1.0,
      "X,X": 0.0234375,
      "X,Y": -0.005859375,
      "X,Z": 0.154296875,
      "Y,X": -0.02099609375,
      "Y,Y": -0.06640625,
      "Y,Z": -0.01611328125,
      "Z,X": -0.72119140625,
      "Z,Y": 0.0068359375,
      "Z,Z": -0.228515625,
      "X,I": 0.05859375,
      "Y,I": 0.0166015625,
      "Z,I": -0.7861328125,
      "I,X": 0.84912109375,
      "I,Y": 0.0029296875,
      "I,Z": 0.3232421875
    }
  },
  "counts": {
    "truly_unbroken": {
      "XX": {
        "11": 727,
        "00": 1342,
        "10": 1005,
        "01": 1022
      },
      "XY": {
        "10": 1154,
        "00": 1134,
        "11": 906,
        "01": 902
      },
      "XZ": {
        "01": 933,
        "11": 834,
        "00": 1212,
        "10": 1117
      },
      "YX": {
        "01": 1165,
        "11": 894,
        "00": 1209,
        "10": 828
      },
      "YY": {
        "11": 1591,
        "00": 1553,
        "01": 428,
        "10": 524
      },
      "YZ": {
        "00": 1733,
        "10": 313,
        "11": 1687,
        "01": 363
      },
      "ZX": {
        "00": 1185,
        "11": 850,
        "01": 1150,
        "10": 911
      },
      "ZY": {
        "11": 1188,
        "00": 1239,
        "10": 882,
        "01": 787
      },
      "ZZ": {
        "10": 836,
        "00": 1300,
        "11": 1188,
        "01": 772
      }
    },
    "pi2_odd_pure": {
      "XX": {
        "01": 1027,
        "00": 1393,
        "11": 674,
        "10": 1002
      },
      "XY": {
        "11": 869,
        "00": 1166,
        "10": 1229,
        "01": 832
      },
      "XZ": {
        "10": 2275,
        "01": 1511,
        "11": 236,
        "00": 74
      },
      "YX": {
        "01": 1177,
        "00": 1132,
        "11": 931,
        "10": 856
      },
      "YY": {
        "11": 1630,
        "00": 1517,
        "10": 462,
        "01": 487
      },
      "YZ": {
        "10": 1172,
        "11": 1364,
        "01": 738,
        "00": 822
      },
      "ZX": {
        "01": 2108,
        "10": 1100,
        "11": 640,
        "00": 248
      },
      "ZY": {
        "11": 1415,
        "00": 741,
        "01": 1322,
        "10": 618
      },
      "ZZ": {
        "11": 1802,
        "00": 676,
        "10": 713,
        "01": 905
      }
    },
    "pi2_even_nontruly": {
      "XX": {
        "00": 3893,
        "10": 93,
        "01": 73,
        "11": 37
      },
      "XY": {
        "10": 1920,
        "00": 2037,
        "11": 73,
        "01": 66
      },
      "XZ": {
        "10": 1907,
        "00": 2036,
        "01": 79,
        "11": 74
      },
      "YX": {
        "00": 2048,
        "01": 1938,
        "10": 59,
        "11": 51
      },
      "YY": {
        "01": 1033,
        "00": 1129,
        "11": 934,
        "10": 1000
      },
      "YZ": {
        "10": 995,
        "00": 1152,
        "01": 1050,
        "11": 899
      },
      "ZX": {
        "00": 2007,
        "01": 1974,
        "10": 45,
        "11": 70
      },
      "ZY": {
        "01": 1027,
        "00": 1113,
        "10": 1033,
        "11": 923
      },
      "ZZ": {
        "01": 1074,
        "00": 1104,
        "10": 982,
        "11": 936
      }
    },
    "mixed_anti_one_sixth": {
      "XX": {
        "01": 1785,
        "00": 2014,
        "11": 82,
        "10": 215
      },
      "XY": {
        "00": 1125,
        "11": 911,
        "10": 1062,
        "01": 998
      },
      "XZ": {
        "11": 787,
        "00": 1577,
        "10": 591,
        "01": 1141
      },
      "YX": {
        "01": 1945,
        "00": 1870,
        "11": 135,
        "10": 146
      },
      "YY": {
        "10": 1053,
        "11": 919,
        "00": 993,
        "01": 1131
      },
      "YZ": {
        "01": 1378,
        "10": 703,
        "00": 1379,
        "11": 636
      },
      "ZX": {
        "00": 373,
        "01": 3414,
        "11": 198,
        "10": 111
      },
      "ZY": {
        "11": 1826,
        "00": 236,
        "01": 1818,
        "10": 216
      },
      "ZZ": {
        "01": 2394,
        "10": 122,
        "11": 1264,
        "00": 316
      }
    }
  }
}