{
  "mode": "simulate",
  "backend": "AerSimulator (Kingston noise, density_matrix)",
  "calibration": "ibm_marrakesh_calibrations_2026-04-25T11_28_00Z.csv",
  "path": [
    48,
    49,
    50,
    51,
    58
  ],
  "n": 5,
  "t_evol": 0.8,
  "n_trotter": 3,
  "t2star_factor": 1.0,
  "xx_only": true,
  "shots": 8192,
  "receivers": {
    "bonding:1": {
      "mi_end_to_end": 0.03953873690975973,
      "entropy_ab": 0.7925585968954796,
      "purity": 0.6629804986861325,
      "rho_2q_real": [
        [
          0.787821964761925,
          0.0007923408490219698,
          0.0007203231938766008,
          0.00017055219595143436
        ],
        [
          0.0007923408490218323,
          0.1969898896396229,
          0.02573241210002295,
          9.671697231203601e-05
        ],
        [
          0.0007203231938765081,
          0.025732412100022858,
          0.013831338658079319,
          -9.382252644660531e-05
        ],
        [
          0.00017055219595134218,
          9.671697231209928e-05,
          -9.382252644660579e-05,
          0.001356806940370497
        ]
      ],
      "rho_2q_imag": [
        [
          -1.6073877088594353e-16,
          6.924442500765776e-05,
          0.0001615961426844886,
          -0.00010239178539778136
        ],
        [
          -6.92444250077866e-05,
          1.1615753393501818e-16,
          0.031559561822982744,
          0.0002116624647187478
        ],
        [
          -0.000161596142684669,
          -0.0315595618229826,
          5.480257481800497e-17,
          -2.103965549972975e-05
        ],
        [
          0.00010239178539782335,
          -0.0002116624647187648,
          2.1039655499710927e-05,
          1.7911705423358486e-17
        ]
      ]
    },
    "bonding:2": {
      "mi_end_to_end": 0.4905117019632683,
      "entropy_ab": 1.0393877756562249,
      "purity": 0.5010579221110492,
      "rho_2q_real": [
        [
          0.5550859445930094,
          0.00012195040513802405,
          0.0008695544231016106,
          0.00025183047083622177
        ],
        [
          0.00012195040513811247,
          0.20833177775270872,
          -0.17782222886250568,
          6.7312997163058e-05
        ],
        [
          0.0008695544231016551,
          -0.17782222886250562,
          0.23537915630009484,
          0.0001985083632210676
        ],
        [
          0.00025183047083622876,
          6.731299716302515e-05,
          0.0001985083632211553,
          0.0012031213541859836
        ]
      ],
      "rho_2q_imag": [
        [
          2.7952505579522916e-17,
          -0.00013228144598333958,
          0.00020734134205984062,
          -1.0189630047472453e-05
        ],
        [
          0.00013228144598350026,
          -5.518587399862143e-17,
          -0.12427216489849659,
          1.3031673440079683e-05
        ],
        [
          -0.00020734134205964132,
          0.12427216489849664,
          5.153100236782555e-18,
          -0.00020194293880745
        ],
        [
          1.018963004752011e-05,
          -1.3031673440073637e-05,
          0.00020194293880755626,
          4.1086497863644387e-17
        ]
      ]
    },
    "bonding:3": {
      "mi_end_to_end": 0.7704051855664787,
      "entropy_ab": 0.9307359156918601,
      "purity": 0.5701402015888416,
      "rho_2q_real": [
        [
          0.3042890990749177,
          0.00023836725865942094,
          0.00021974283529333047,
          6.158060140908263e-05
        ],
        [
          0.00023836725865945138,
          0.18872529593438772,
          0.3050356235128341,
          0.00026674717722079605
        ],
        [
          0.00021974283529320473,
          0.30503562351283403,
          0.5057996049828176,
          0.00042044111119747015
        ],
        [
          6.158060140905868e-05,
          0.000266747177220865,
          0.00042044111119737555,
          0.0011860000078765258
        ]
      ],
      "rho_2q_imag": [
        [
          1.5839418455466013e-17,
          -0.000609222202033261,
          -0.0008223209653363641,
          6.035577694661246e-07
        ],
        [
          0.0006092222020331367,
          3.43885230402193e-17,
          0.00017215718955095082,
          0.00018544506413510197
        ],
        [
          0.0008223209653363964,
          -0.0001721571895508428,
          -4.810533558907803e-17,
          0.00017578075263314572
        ],
        [
          -6.035577694881885e-07,
          -0.00018544506413518011,
          -0.0001757807526330799,
          -3.999821597615115e-17
        ]
      ]
    },
    "bonding:4": {
      "mi_end_to_end": 0.4903971705365706,
      "entropy_ab": 1.0397456024149112,
      "purity": 0.5009896761310135,
      "rho_2q_real": [
        [
          0.5549463284136035,
          0.0005814976459120019,
          0.0005649894251335052,
          0.00020404192593169554
        ],
        [
          0.0005814976459120611,
          0.20830279834373977,
          -0.17792383088001745,
          -1.4727050798522293e-05
        ],
        [
          0.0005649894251336312,
          -0.17792383088001748,
          0.23554093591063635,
          0.0001476461756235387
        ],
        [
          0.0002040419259315133,
          -1.472705079855357e-05,
          0.00014764617562353384,
          0.0012099373320181908
        ]
      ],
      "rho_2q_imag": [
        [
          -3.310771722856154e-17,
          0.0003156165952667853,
          -7.228078089590903e-05,
          -4.899533417857514e-07
        ],
        [
          -0.000315616595266694,
          4.7488643433726866e-17,
          0.12417244535297857,
          0.0001568438087324584
        ],
        [
          7.228078089593156e-05,
          -0.12417244535297846,
          2.1709976937213996e-17,
          -0.0002490326124952504
        ],
        [
          4.899533417714806e-07,
          -0.00015684380873247033,
          0.0002490326124952586,
          3.599104844661621e-17
        ]
      ]
    },
    "bonding:5": {
      "mi_end_to_end": 0.039396622584097374,
      "entropy_ab": 0.7932527074761659,
      "purity": 0.6630678678752893,
      "rho_2q_real": [
        [
          0.7879587617048243,
          0.000369656336738135,
          0.0007220999750484786,
          0.0001819538553431533
        ],
        [
          0.0003696563367382421,
          0.19665003348563154,
          0.025559615559774165,
          0.00011948427458846415
        ],
        [
          0.0007220999750484269,
          0.0255596155597742,
          0.01402584338276842,
          0.0001001148762270883
        ],
        [
          0.0001819538553430829,
          0.00011948427458841498,
          0.00010011487622712287,
          0.0013653614267759113
        ]
      ],
      "rho_2q_imag": [
        [
          -1.203327098446527e-16,
          -0.00010108852339649076,
          0.0003413217890141488,
          0.00010861478986335365
        ],
        [
          0.00010108852339634167,
          5.1819428654883054e-17,
          -0.03170702770510234,
          0.00017669325401677345
        ],
        [
          -0.00034132178901423227,
          0.03170702770510231,
          3.520003061267293e-17,
          4.483668524739443e-05
        ],
        [
          -0.0001086147898634012,
          -0.00017669325401668622,
          -4.483668524735783e-05,
          4.7813306356915055e-17
        ]
      ]
    }
  }
}