{
  "mode": "hardware",
  "backend": "ibm_marrakesh",
  "calibration": "ibm_marrakesh_calibrations_2026-04-25T11_28_00Z.csv",
  "path": [
    48,
    49,
    50,
    51,
    58
  ],
  "n": 5,
  "t_evol": 0.8,
  "n_trotter": 3,
  "xx_only": true,
  "shots": 8192,
  "receivers": {
    "bonding:1": {
      "mi_end_to_end": 0.04598127296465382,
      "entropy_ab": 1.5936997350390165,
      "purity": 0.39017437232865326,
      "rho_2q_real": [
        [
          0.4867960611979171,
          -0.07889811197916674,
          0.016011555989583346,
          -0.000732421875
        ],
        [
          -0.07889811197916674,
          0.27252197265625056,
          -0.0322265625,
          0.014302571614583346
        ],
        [
          0.016011555989583346,
          -0.0322265625,
          0.1699829101562506,
          -0.023478190104166775
        ],
        [
          -0.000732421875,
          0.014302571614583346,
          -0.023478190104166775,
          0.07069905598958373
        ]
      ],
      "rho_2q_imag": [
        [
          0.0,
          0.019490559895833374,
          0.11236572265625,
          -0.00347900390625
        ],
        [
          -0.019490559895833374,
          0.0,
          0.02081298828125,
          0.0028686523437501006
        ],
        [
          -0.11236572265625,
          -0.02081298828125,
          0.0,
          0.028035481770833367
        ],
        [
          0.00347900390625,
          -0.0028686523437501006,
          -0.028035481770833367,
          0.0
        ]
      ]
    },
    "bonding:2": {
      "mi_end_to_end": 0.0768266000545097,
      "entropy_ab": 1.6701916212685513,
      "purity": 0.34859858287705436,
      "rho_2q_real": [
        [
          0.449849446614584,
          -0.00040690104166676844,
          -0.005208333333333315,
          0.0054931640625
        ],
        [
          -0.00040690104166676844,
          0.2689819335937505,
          -0.0267333984375,
          0.029581705729166664
        ],
        [
          -0.005208333333333315,
          -0.0267333984375,
          0.19830322265625056,
          -0.0729166666666667
        ],
        [
          0.0054931640625,
          0.029581705729166664,
          -0.0729166666666667,
          0.08286539713541712
        ]
      ],
      "rho_2q_imag": [
        [
          0.0,
          0.05251057942708336,
          0.033752441406250014,
          0.03741455078125
        ],
        [
          -0.05251057942708336,
          0.0,
          -0.02142333984375,
          0.023010253906250024
        ],
        [
          -0.033752441406250014,
          0.02142333984375,
          0.0,
          0.0244344075520834
        ],
        [
          -0.03741455078125,
          -0.023010253906250024,
          -0.0244344075520834,
          0.0
        ]
      ]
    },
    "bonding:3": {
      "mi_end_to_end": 0.1700474271270942,
      "entropy_ab": 1.6650677608088944,
      "purity": 0.35614471965366024,
      "rho_2q_real": [
        [
          0.37849934895833376,
          -0.035705566406250056,
          0.09676106770833329,
          -0.0064697265625
        ],
        [
          -0.035705566406250056,
          0.21614583333333384,
          0.094970703125,
          -0.04569498697916656
        ],
        [
          0.09676106770833329,
          0.094970703125,
          0.2779947916666671,
          -0.09552001953125003
        ],
        [
          -0.0064697265625,
          -0.04569498697916656,
          -0.09552001953125003,
          0.12736002604166724
        ]
      ],
      "rho_2q_imag": [
        [
          0.0,
          -0.017700195312499924,
          0.013549804687500016,
          -0.03424072265625
        ],
        [
          0.017700195312499924,
          0.0,
          0.02630615234375,
          0.024047851562500007
        ],
        [
          -0.013549804687500016,
          -0.02630615234375,
          0.0,
          0.04980468750000001
        ],
        [
          0.03424072265625,
          -0.024047851562500007,
          -0.04980468750000001,
          0.0
        ]
      ]
    },
    "bonding:4": {
      "mi_end_to_end": 0.06602010707254968,
      "entropy_ab": 1.5362408432535228,
      "purity": 0.40973808699184094,
      "rho_2q_real": [
        [
          0.4962768554687505,
          -0.1395263671875,
          -0.00333658854166664,
          0.00238037109375
        ],
        [
          -0.1395263671875,
          0.2619832356770837,
          -0.06060791015625,
          0.038167317708333315
        ],
        [
          -0.00333658854166664,
          -0.06060791015625,
          0.1730753580729172,
          -0.04101562500000012
        ],
        [
          0.00238037109375,
          0.038167317708333315,
          -0.04101562500000012,
          0.06866455078125042
        ]
      ],
      "rho_2q_imag": [
        [
          0.0,
          0.02254231770833338,
          0.015848795572916647,
          -0.01690673828125
        ],
        [
          -0.02254231770833338,
          0.0,
          0.04681396484375,
          -0.004292805989583332
        ],
        [
          -0.015848795572916647,
          -0.04681396484375,
          0.0,
          0.022786458333333353
        ],
        [
          0.01690673828125,
          0.004292805989583332,
          -0.022786458333333353,
          0.0
        ]
      ]
    },
    "bonding:5": {
      "mi_end_to_end": 0.07367541751151907,
      "entropy_ab": 1.3844801463739778,
      "purity": 0.4746848543485015,
      "rho_2q_real": [
        [
          0.5939737955729171,
          -0.11421712239583329,
          0.05670166015624998,
          0.02734375
        ],
        [
          -0.11421712239583329,
          0.16599527994791727,
          0.0035400390625,
          -0.0061645507812499445
        ],
        [
          0.05670166015624998,
          0.0035400390625,
          0.20448811848958393,
          0.0038248697916666158
        ],
        [
          0.02734375,
          -0.0061645507812499445,
          0.0038248697916666158,
          0.035542805989583655
        ]
      ],
      "rho_2q_imag": [
        [
          0.0,
          0.03837076822916664,
          0.0647583007812499,
          0.03875732421875
        ],
        [
          -0.03837076822916664,
          0.0,
          0.01739501953125,
          -0.030334472656249986
        ],
        [
          -0.0647583007812499,
          -0.01739501953125,
          0.0,
          0.012613932291666675
        ],
        [
          -0.03875732421875,
          0.030334472656249986,
          -0.012613932291666675,
          0.0
        ]
      ]
    }
  }
}