{
  "meta": {
    "N": 5,
    "gamma_0": 0.05,
    "J_baseline": 1.0,
    "delta": 0.2,
    "t_measure": 2.0,
    "features": "5 purities + 4 NN CPsi + 1 end-to-end MI (F30 Test 3)",
    "n_trials": 200,
    "seed": 42,
    "sigmas": [
      0.0,
      0.001,
      0.005,
      0.01,
      0.02,
      0.05,
      0.1
    ],
    "J_profiles": {
      "Gradient->": [
        0.7,
        0.9,
        1.1,
        1.3
      ],
      "Gradient<-": [
        1.3,
        1.1,
        0.9,
        0.7
      ],
      "Mountain": [
        0.8,
        1.2,
        1.2,
        0.8
      ],
      "Valley": [
        1.2,
        0.8,
        0.8,
        1.2
      ]
    }
  },
  "results": {
    "|+>^5 (F30-optimal-gamma, predicted J-BLIND)": {
      "templates_d_min": 1.2511578073120693e-15,
      "template_distance_matrix": [
        [
          0.0,
          1.3276336411462306e-15,
          1.2511578073120693e-15,
          2.059156955057807e-15
        ],
        [
          1.3276336411462306e-15,
          0.0,
          4.710277376051325e-16,
          8.81212206892831e-16
        ],
        [
          1.2511578073120693e-15,
          4.710277376051325e-16,
          0.0,
          9.485749680535094e-16
        ],
        [
          2.059156955057807e-15,
          8.81212206892831e-16,
          9.485749680535094e-16,
          0.0
        ]
      ],
      "template_names": [
        "Gradient->",
        "Gradient<-",
        "Mountain",
        "Valley"
      ],
      "accuracy_per_sigma": {
        "0.0": 1.0,
        "0.001": 0.27,
        "0.005": 0.265,
        "0.01": 0.265,
        "0.02": 0.27,
        "0.05": 0.265,
        "0.1": 0.26
      }
    },
    "|+-+-+> (morning 11.92-bit champion)": {
      "templates_d_min": 0.06757331534995627,
      "template_distance_matrix": [
        [
          0.0,
          0.06757331534995627,
          0.19899841791351483,
          0.26681515525613286
        ],
        [
          0.06757331534995627,
          0.0,
          0.1989984179135159,
          0.26681515525613364
        ],
        [
          0.19899841791351483,
          0.1989984179135159,
          0.0,
          0.21639045231439238
        ],
        [
          0.26681515525613286,
          0.26681515525613364,
          0.21639045231439238,
          0.0
        ]
      ],
      "template_names": [
        "Gradient->",
        "Gradient<-",
        "Mountain",
        "Valley"
      ],
      "accuracy_per_sigma": {
        "0.0": 1.0,
        "0.001": 1.0,
        "0.005": 1.0,
        "0.01": 1.0,
        "0.02": 0.985,
        "0.05": 0.885,
        "0.1": 0.635
      }
    },
    "|01010> (morning alt)": {
      "templates_d_min": 0.06718778612504236,
      "template_distance_matrix": [
        [
          0.0,
          0.06718778612504236,
          0.26176790703060293,
          0.3386919620788667
        ],
        [
          0.06718778612504236,
          0.0,
          0.2617679070306031,
          0.3386919620788668
        ],
        [
          0.26176790703060293,
          0.2617679070306031,
          0.0,
          0.2534364683832984
        ],
        [
          0.3386919620788667,
          0.3386919620788668,
          0.2534364683832984,
          0.0
        ]
      ],
      "template_names": [
        "Gradient->",
        "Gradient<-",
        "Mountain",
        "Valley"
      ],
      "accuracy_per_sigma": {
        "0.0": 1.0,
        "0.001": 1.0,
        "0.005": 1.0,
        "0.01": 1.0,
        "0.02": 0.97,
        "0.05": 0.89,
        "0.1": 0.695
      }
    }
  },
  "F30_reference": {
    "0.0": 1.0,
    "0.001": 1.0,
    "0.005": 1.0,
    "0.01": 1.0,
    "0.02": 0.9,
    "0.05": 0.595,
    "0.1": 0.31
  }
}