{
  "meta": {
    "N": 5,
    "gamma_0": 0.05,
    "t_scan": [
      0.1,
      0.4820512820512821,
      0.8641025641025641,
      1.2461538461538464,
      1.6282051282051284,
      2.01025641025641,
      2.3923076923076927,
      2.7743589743589747,
      3.1564102564102567,
      3.5384615384615388,
      3.920512820512821,
      4.302564102564102,
      4.684615384615385,
      5.066666666666666,
      5.448717948717949,
      5.8307692307692305,
      6.212820512820513,
      6.594871794871795,
      6.976923076923077,
      7.3589743589743595,
      7.741025641025641,
      8.123076923076923,
      8.505128205128205,
      8.887179487179488,
      9.26923076923077,
      9.651282051282053,
      10.033333333333333,
      10.415384615384616,
      10.797435897435898,
      11.17948717948718,
      11.561538461538461,
      11.943589743589744,
      12.325641025641026,
      12.707692307692309,
      13.089743589743591,
      13.471794871794872,
      13.853846153846154,
      14.235897435897437,
      14.61794871794872,
      15.0
    ],
    "J_profiles": {
      "Uniform J=1": [
        1.0,
        1.0,
        1.0,
        1.0
      ],
      "Cut bond 1-2 (eps=0.01)": [
        1.0,
        0.01,
        1.0,
        1.0
      ],
      "Cut bond 2-3 (eps=0.01)": [
        1.0,
        1.0,
        0.01,
        1.0
      ],
      "Cut bond 0-1 (eps=0.01, edge)": [
        0.01,
        1.0,
        1.0,
        1.0
      ],
      "Dominant center bond (J=5)": [
        1.0,
        1.0,
        5.0,
        1.0
      ],
      "Dominant edge bond (J=5)": [
        5.0,
        1.0,
        1.0,
        1.0
      ],
      "V-shape J (0.5 edge, 1 center)": [
        0.5,
        1.0,
        1.0,
        0.5
      ],
      "Inverse-V J (1 edge, 0.2)": [
        1.0,
        0.2,
        0.2,
        1.0
      ],
      "Strong-weak alternating": [
        5.0,
        0.2,
        5.0,
        0.2
      ]
    },
    "initial_states": [
      "|+>^5 (control, Class 3 J-blind)",
      "|+-+-+> (morning 11.92-bit champion)",
      "|01010> (morning alt)",
      "|+0+0+> (morning alt)"
    ]
  },
  "results": {
    "|+>^5 (control, Class 3 J-blind)": {
      "Uniform J=1": {
        "J_vec": [
          1.0,
          1.0,
          1.0,
          1.0
        ],
        "peak_sum_mi": 1.0436096431476471e-14,
        "peak_t": 13.853846153846154,
        "ratio_to_uniform": null,
        "compute_time_s": 47.33124494552612
      },
      "Cut bond 1-2 (eps=0.01)": {
        "J_vec": [
          1.0,
          0.01,
          1.0,
          1.0
        ],
        "peak_sum_mi": 5.551115123125783e-15,
        "peak_t": 11.17948717948718,
        "ratio_to_uniform": null,
        "compute_time_s": 51.23361277580261
      },
      "Cut bond 2-3 (eps=0.01)": {
        "J_vec": [
          1.0,
          1.0,
          0.01,
          1.0
        ],
        "peak_sum_mi": 7.993605777301127e-15,
        "peak_t": 7.741025641025641,
        "ratio_to_uniform": null,
        "compute_time_s": 47.77223300933838
      },
      "Cut bond 0-1 (eps=0.01, edge)": {
        "J_vec": [
          0.01,
          1.0,
          1.0,
          1.0
        ],
        "peak_sum_mi": 4.218847493575595e-15,
        "peak_t": 8.505128205128205,
        "ratio_to_uniform": null,
        "compute_time_s": 41.88834023475647
      },
      "Dominant center bond (J=5)": {
        "J_vec": [
          1.0,
          1.0,
          5.0,
          1.0
        ],
        "peak_sum_mi": 2.220446049250313e-14,
        "peak_t": 11.561538461538461,
        "ratio_to_uniform": null,
        "compute_time_s": 49.166342973709106
      },
      "Dominant edge bond (J=5)": {
        "J_vec": [
          5.0,
          1.0,
          1.0,
          1.0
        ],
        "peak_sum_mi": 3.3084646133829665e-14,
        "peak_t": 15.0,
        "ratio_to_uniform": null,
        "compute_time_s": 48.76980257034302
      },
      "V-shape J (0.5 edge, 1 center)": {
        "J_vec": [
          0.5,
          1.0,
          1.0,
          0.5
        ],
        "peak_sum_mi": 1.0658141036401503e-14,
        "peak_t": 15.0,
        "ratio_to_uniform": null,
        "compute_time_s": 44.89446258544922
      },
      "Inverse-V J (1 edge, 0.2)": {
        "J_vec": [
          1.0,
          0.2,
          0.2,
          1.0
        ],
        "peak_sum_mi": 9.769962616701378e-15,
        "peak_t": 15.0,
        "ratio_to_uniform": null,
        "compute_time_s": 43.41855812072754
      },
      "Strong-weak alternating": {
        "J_vec": [
          5.0,
          0.2,
          5.0,
          0.2
        ],
        "peak_sum_mi": 3.552713678800501e-14,
        "peak_t": 6.594871794871795,
        "ratio_to_uniform": null,
        "compute_time_s": 48.3734974861145
      }
    },
    "|+-+-+> (morning 11.92-bit champion)": {
      "Uniform J=1": {
        "J_vec": [
          1.0,
          1.0,
          1.0,
          1.0
        ],
        "peak_sum_mi": 1.3205921202647442,
        "peak_t": 0.1,
        "ratio_to_uniform": 1.0,
        "compute_time_s": 47.88024115562439
      },
      "Cut bond 1-2 (eps=0.01)": {
        "J_vec": [
          1.0,
          0.01,
          1.0,
          1.0
        ],
        "peak_sum_mi": 2.374591903184604,
        "peak_t": 1.2461538461538464,
        "ratio_to_uniform": 1.7981266635973572,
        "compute_time_s": 51.31662940979004
      },
      "Cut bond 2-3 (eps=0.01)": {
        "J_vec": [
          1.0,
          1.0,
          0.01,
          1.0
        ],
        "peak_sum_mi": 2.3745919031846054,
        "peak_t": 1.2461538461538464,
        "ratio_to_uniform": 1.798126663597358,
        "compute_time_s": 38.892420053482056
      },
      "Cut bond 0-1 (eps=0.01, edge)": {
        "J_vec": [
          0.01,
          1.0,
          1.0,
          1.0
        ],
        "peak_sum_mi": 1.186558814447206,
        "peak_t": 0.4820512820512821,
        "ratio_to_uniform": 0.8985051449567425,
        "compute_time_s": 42.31119751930237
      },
      "Dominant center bond (J=5)": {
        "J_vec": [
          1.0,
          1.0,
          5.0,
          1.0
        ],
        "peak_sum_mi": 1.9338326157437975,
        "peak_t": 0.1,
        "ratio_to_uniform": 1.4643678286949908,
        "compute_time_s": 43.49473452568054
      },
      "Dominant edge bond (J=5)": {
        "J_vec": [
          5.0,
          1.0,
          1.0,
          1.0
        ],
        "peak_sum_mi": 2.2533745184343914,
        "peak_t": 0.1,
        "ratio_to_uniform": 1.7063364863805555,
        "compute_time_s": 43.76394844055176
      },
      "V-shape J (0.5 edge, 1 center)": {
        "J_vec": [
          0.5,
          1.0,
          1.0,
          0.5
        ],
        "peak_sum_mi": 1.2618228899896036,
        "peak_t": 0.4820512820512821,
        "ratio_to_uniform": 0.9554978184608894,
        "compute_time_s": 41.08614683151245
      },
      "Inverse-V J (1 edge, 0.2)": {
        "J_vec": [
          1.0,
          0.2,
          0.2,
          1.0
        ],
        "peak_sum_mi": 2.9383043881237905,
        "peak_t": 0.4820512820512821,
        "ratio_to_uniform": 2.2249900957569984,
        "compute_time_s": 41.0435893535614
      },
      "Strong-weak alternating": {
        "J_vec": [
          5.0,
          0.2,
          5.0,
          0.2
        ],
        "peak_sum_mi": 3.2998205440486936,
        "peak_t": 0.1,
        "ratio_to_uniform": 2.49874317240903,
        "compute_time_s": 43.43906021118164
      }
    },
    "|01010> (morning alt)": {
      "Uniform J=1": {
        "J_vec": [
          1.0,
          1.0,
          1.0,
          1.0
        ],
        "peak_sum_mi": 1.3775722705272289,
        "peak_t": 0.1,
        "ratio_to_uniform": 1.0,
        "compute_time_s": 39.90170764923096
      },
      "Cut bond 1-2 (eps=0.01)": {
        "J_vec": [
          1.0,
          0.01,
          1.0,
          1.0
        ],