{
  "4": {
    "bond_density_psi1": [
      0.4472135954999579,
      0.723606797749979,
      0.4472135954999581
    ],
    "endpoint_k_couplings_to_psi1": [
      0.4472135954999579,
      0.5,
      0.22360679774997902,
      -2.7755575615628914e-17
    ],
    "max_verification_diff": 5.551115123125783e-17
  },
  "5": {
    "bond_density_psi1": [
      0.28867513459481275,
      0.5773502691896256,
      0.5773502691896257,
      0.2886751345948128
    ],
    "endpoint_k_couplings_to_psi1": [
      0.28867513459481275,
      0.3943375672974063,
      0.2886751345948128,
      0.1056624327025936,
      0.0
    ],
    "max_verification_diff": 5.551115123125783e-17
  },
  "6": {
    "bond_density_psi1": [
      0.1938422668417442,
      0.4355596199317579,
      0.5431339622578341,
      0.435559619931758,
      0.19384226684174433
    ],
    "endpoint_k_couplings_to_psi1": [
      0.1938422668417442,
      0.29550452425305174,
      0.27156698112891703,
      0.1639926388028409,
      0.05378717116303809,
      1.3877787807814457e-17
    ],
    "max_verification_diff": 5.551115123125783e-17
  }
}