{
  "4": {
    "c_1_vector_psi2": [
      0.8975490450520374,
      -0.31124614704087095,
      0.8975490450522416
    ],
    "mirror_residual": 2.888970123978146e-13
  },
  "5": {
    "c_1_vector_psi2": [
      0.28114339948624767,
      0.357004780405032,
      0.35700478039645744,
      0.28114339940749156
    ],
    "mirror_residual": 1.1203613576512665e-10
  },
  "6": {
    "c_1_vector_psi2": [
      0.21278985173621673,
      0.7400331691419743,
      0.22426880724493117,
      0.7400331691748734,
      0.2127898520324608
    ],
    "mirror_residual": 4.215279596999755e-10
  }
}