{
  "phase1": {
    "3": {
      "xy_se_numeric": [
        -1.4142135623730951,
        -8.066464163292153e-17,
        1.4142135623730954
      ],
      "xy_se_closed_form": [
        1.4142135623730951,
        1.2246467991473532e-16,
        -1.414213562373095
      ],
      "xy_se_match_max_diff": 2.220446049250313e-16,
      "heis_se_numeric": [
        -4.0,
        2.99781900692242e-16,
        2.0
      ],
      "f2_formula": [
        1.9999999999999996,
        5.999999999999999
      ],
      "L_w1_osc_freqs_positive": [
        1.4106735979665868,
        1.4106735979665885,
        1.414213562373094,
        1.414213562373094,
        1.414213562373095,
        1.4142135623730951,
        1.4142135623730951,
        1.4142135623730963
      ]
    },
    "4": {
      "xy_se_numeric": [
        -1.618033988749895,
        -0.6180339887498949,
        0.6180339887498949,
        1.6180339887498951
      ],
      "xy_se_closed_form": [
        1.618033988749895,
        0.6180339887498949,
        -0.6180339887498947,
        -1.6180339887498947
      ],
      "xy_se_match_max_diff": 2.220446049250313e-16,
      "heis_se_numeric": [
        -3.8284271247461907,
        -1.0000000000000004,
        1.8284271247461903,
        2.999999999999999
      ],
      "f2_formula": [
        1.1715728752538097,
        3.9999999999999996,
        6.82842712474619
      ],
      "L_w1_osc_freqs_positive": [
        0.6180339887498867,
        0.6180339887498928,
        0.6180339887498943,
        0.6180339887498945,
        0.6180339887498966,
        0.6180339887498967,
        0.6180339887498981,
        0.6180339887499002,
        1.6180339887498891,
        1.6180339887498907,
        1.6180339887498922,
        1.6180339887498945,
        1.6180339887498947,
        1.6180339887498982,
        1.6180339887499045,
        1.618033988749914
      ]
    },
    "5": {
      "xy_se_numeric": [
        -1.732050807568878,
        -1.0,
        -3.2672969942134236e-18,
        1.0,
        1.7320508075688772
      ],
      "xy_se_closed_form": [
        1.7320508075688774,
        1.0000000000000002,
        1.2246467991473532e-16,
        -0.9999999999999996,
        -1.7320508075688774
      ],
      "xy_se_match_max_diff": 6.661338147750939e-16,
      "heis_se_numeric": [
        -3.23606797749979,
        -1.2360679774997896,
        1.23606797749979,
        3.23606797749979,
        4.000000000000001
      ],
      "f2_formula": [
        0.7639320225002102,
        2.76393202250021,
        5.23606797749979,
        7.23606797749979
      ],
      "L_w1_osc_freqs_positive": [
        0.9999999999999922,
        1.0000000000000002,
        1.000000000000003,
        1.0000000000000038,
        1.0000000000000049,
        1.0000000000000053,
        1.0000000000000056,
        1.0000000000000062,
        1.0000000000000113,
        1.0000000000000175,
        1.7320508075688683,
        1.7320508075688685,
        1.7320508075688694,
        1.7320508075688723,
        1.7320508075688752,
        1.7320508075688763,
        1.7320508075688819,
        1.7320508075688836,
        1.732050807568885,
        1.7320508075688938
      ]
    },
    "6": {
      "xy_se_numeric": [
        -1.8019377358048383,
        -1.2469796037174672,
        -0.4450418679126287,
        0.4450418679126283,
        1.2469796037174667,
        1.8019377358048396
      ],
      "xy_se_closed_form": [
        1.8019377358048383,
        1.2469796037174672,
        0.4450418679126289,
        -0.4450418679126287,
        -1.246979603717467,
        -1.801937735804838
      ],
      "xy_se_match_max_diff": 1.3322676295501878e-15,
      "heis_se_numeric": [
        -2.4641016151377553,
        -1.0000000000000004,
        1.0000000000000002,
        3.0,
        4.464101615137755,
        4.999999999999999
      ],
      "f2_formula": [
        0.5358983848622452,
        1.9999999999999996,
        3.9999999999999996,
        5.999999999999999,
        7.464101615137755
      ],
      "L_w1_osc_freqs_positive": [
        0.4450418679126221,
        0.44504186791262285,
        0.4450418679126241,
        0.44504186791262795,
        0.4450418679126301,
        0.4450418679126305,
        0.4450418679126324,
        0.44504186791263295,
        0.4450418679126356,
        0.4450418679126357,
        0.44504186791263606,
        0.44504186791263783,
        1.2469796037174614,
        1.2469796037174625,
        1.2469796037174627,
        1.2469796037174712,
        1.2469796037174727,
        1.246979603717474,
        1.2469796037174747,
        1.2469796037174765,
        1.246979603717477,
        1.2469796037174794,
        1.2469796037174892,
        1.2469796037174894,
        1.8019377358048223,
        1.8019377358048292,
        1.8019377358048452,
        1.8019377358048476,
        1.8019377358048478,
        1.8019377358048492,
        1.8019377358048516,
        1.8019377358048534,
        1.8019377358048536,
        1.8019377358048543,
        1.801937735804865,
        1.801937735804868
      ]
    }
  },
  "phase2": {
    "4": {
      "bond_density_psi1": [
        0.4472135954999579,
        0.723606797749979,
        0.4472135954999581
      ],
      "endpoint_k_couplings_to_psi1": [
        0.4472135954999579,
        0.5,
        0.22360679774997902,
        -2.7755575615628914e-17
      ],
      "max_verification_diff": 5.551115123125783e-17
    },
    "5": {
      "bond_density_psi1": [
        0.28867513459481275,
        0.5773502691896256,
        0.5773502691896257,
        0.2886751345948128
      ],
      "endpoint_k_couplings_to_psi1": [
        0.28867513459481275,
        0.3943375672974063,
        0.2886751345948128,
        0.1056624327025936,
        0.0
      ],
      "max_verification_diff": 5.551115123125783e-17
    },
    "6": {
      "bond_density_psi1": [
        0.1938422668417442,
        0.4355596199317579,
        0.5431339622578341,
        0.435559619931758,
        0.19384226684174433
      ],
      "endpoint_k_couplings_to_psi1": [
        0.1938422668417442,
        0.29550452425305174,
        0.27156698112891703,
        0.1639926388028409,
        0.05378717116303809,
        1.3877787807814457e-17
      ],
      "max_verification_diff": 5.551115123125783e-17
    }
  },
  "phase3": {
    "4": {
      "psi_phase_check": [
        {
          "k": 1,
          "predicted_sign": 1,
          "residual": 1.1102230246251565e-16
        },
        {
          "k": 2,
          "predicted_sign": -1,
          "residual": 1.1102230246251565e-16
        },
        {
          "k": 3,
          "predicted_sign": 1,
          "residual": 1.6653345369377348e-16
        },
        {
          "k": 4,
          "predicted_sign": -1,
          "residual": 2.7755575615628914e-16
        }
      ],
      "bond_reflection_check": [
        {
          "b": 0,
          "b_ref": 2,
          "residual": 0.0
        },
        {
          "b": 1,
          "b_ref": 1,
          "residual": 0.0
        },
        {
          "b": 2,
          "b_ref": 0,
          "residual": 0.0
        }
      ]
    },
    "5": {
      "psi_phase_check": [
        {
          "k": 1,
          "predicted_sign": 1,
          "residual": 5.551115123125783e-17
        },
        {
          "k": 2,
          "predicted_sign": -1,
          "residual": 1.4141003182998758e-16
        },
        {
          "k": 3,
          "predicted_sign": 1,
          "residual": 2.1211504774498138e-16
        },
        {
          "k": 4,
          "predicted_sign": -1,
          "residual": 3.3306690738754696e-16
        },
        {
          "k": 5,
          "predicted_sign": 1,
          "residual": 3.885780586188048e-16
        }
      ],
      "bond_reflection_check": [
        {
          "b": 0,
          "b_ref": 3,
          "residual": 0.0
        },
        {
          "b": 1,
          "b_ref": 2,