{
  "N": 6,
  "gamma_0": 0.05,
  "J": 1.0,
  "dJ": 0.01,
  "V_N": 1.8660254037844388,
  "defect_bond": [
    0,
    1
  ],
  "H_spectrum": [
    1.8019377358048383,
    1.2469796037174672,
    0.4450418679126289,
    -0.4450418679126287,
    -1.246979603717467,
    -1.801937735804838
  ],
  "results_by_state": {
    "psi_1": {
      "k": 1,
      "E_k": 1.8019377358048383,
      "parity": "symmetric",
      "pi_partner": 6,
      "c_1": 1.0190633992397402,
      "closure_plus": 0.010329146133193672,
      "closure_minus": -0.010052121851601132,
      "alpha_plus": [
        1.0093924160219094,
        1.013761952280622,
        1.0033840401761336,
        0.9944673773638377,
        0.9901341311566297,
        0.9993971459317443
      ],
      "alpha_minus": [
        0.9907624047422099,
        0.9869002898237355,
        0.996484902724512,
        1.0053502372635748,
        1.0100904385274398,
        1.0005602738234194
      ]
    },
    "psi_2": {
      "k": 2,
      "E_k": 1.2469796037174672,
      "parity": "antisymmetric",
      "pi_partner": 5,
      "c_1": 0.21278985173621673,
      "closure_plus": 0.002098879963764582,
      "closure_minus": -0.0021569170709597523,
      "alpha_plus": [
        1.0061173163191397,
        0.9955729269167833,
        0.9921474138187194,
        1.0065797175342428,
        1.0052888390786452,
        0.996493773406577
      ],
      "alpha_minus": [
        0.9934306163209327,
        1.0042266335387235,
        1.008164009249222,
        0.9936768094833546,
        0.9948527579461965,
        1.003595800298789
      ]
    },
    "psi_3": {
      "k": 3,
      "E_k": 0.4450418679126289,
      "parity": "symmetric",
      "pi_partner": 4,
      "c_1": 1.4807455426474494,
      "closure_plus": 0.01482241545829591,
      "closure_minus": -0.014792495394653079,
      "alpha_plus": [
        0.9896872031925364,
        0.9968270323265704,
        1.0132245141616643,
        1.001918589259211,
        1.0043816848098268,
        1.008980153675569
      ],
      "alpha_minus": [
        1.0107499995412725,
        1.0032614881873907,
        0.9868905366750853,
        0.9979815887420227,
        0.9956005058976404,
        0.9909259168402872
      ]
    },
    "psi_4": {
      "k": 4,
      "E_k": -0.4450418679126287,
      "parity": "antisymmetric",
      "pi_partner": 3,
      "c_1": 1.4807455422035656,
      "closure_plus": 0.014822415450871452,
      "closure_minus": -0.014792495393199859,
      "alpha_plus": [
        0.989687203192028,
        0.996827032326174,
        1.0132245141609986,
        1.0019185892541054,
        1.0043816848097475,
        1.0089801536748817
      ],
      "alpha_minus": [
        1.0107499995401596,
        1.0032614881875088,
        0.9868905366748546,
        0.9979815887422729,
        0.9956005058976267,
        0.9909259168426984
      ]
    },
    "psi_5": {
      "k": 5,
      "E_k": -1.246979603717467,
      "parity": "symmetric",
      "pi_partner": 2,
      "c_1": 0.21278985189797822,
      "closure_plus": 0.0020988799649754265,
      "closure_minus": -0.002156917072984138,
      "alpha_plus": [
        1.0061173163201094,
        0.9955729269164296,
        0.9921474138189273,
        1.006579717534402,
        1.005288839079042,
        0.9964937734064174
      ],
      "alpha_minus": [
        0.9934306163206621,
        1.0042266335384966,
        1.0081640092490876,
        0.9936768094832192,
        0.9948527579459783,
        1.003595800297748
      ]
    },
    "psi_6": {
      "k": 6,
      "E_k": -1.801937735804838,
      "parity": "antisymmetric",
      "pi_partner": 1,
      "c_1": 1.0190633991667464,
      "closure_plus": 0.010329146129274446,
      "closure_minus": -0.010052121854060481,
      "alpha_plus": [
        1.009392416021344,
        1.0137619522796446,
        1.0033840401752636,
        0.9944673773643494,
        0.990134131155121,
        0.999397145931226
      ],
      "alpha_minus": [
        0.9907624047421384,
        0.9869002898224071,
        0.9964849027242241,
        1.0053502372632335,
        1.0100904385270202,
        1.000560273823422
      ]
    }
  },
  "prior_comparison": {
    "N3_psi2_self_pi_antisym": 0.5756,
    "N5_psi3_self_pi_sym": 0.6765,
    "N7_psi4_self_pi_antisym": 2.1357
  }
}