{
  "N": 5,
  "profile": "sacrifice",
  "gamma": [
    2.335727969348659,
    0.09936837815810921,
    0.05,
    0.07173324704359593,
    0.05132171570484489
  ],
  "alphas_fine": [
    0.1,
    0.2,
    0.30000000000000004,
    0.4,
    0.5,
    0.6,
    0.7000000000000001,
    0.8,
    0.9,
    1.0,
    1.1,
    1.2000000000000002,
    1.3000000000000003,
    1.4000000000000001,
    1.5000000000000002,
    1.6,
    1.7000000000000002,
    1.8000000000000003,
    1.9000000000000001,
    2.0,
    2.1,
    2.2,
    2.3000000000000003,
    2.4000000000000004,
    2.5000000000000004,
    2.6,
    2.7,
    2.8000000000000003,
    2.9000000000000004,
    3.0000000000000004,
    3.1,
    3.2,
    3.3000000000000003,
    3.4000000000000004,
    3.5000000000000004,
    3.6,
    3.7,
    3.8000000000000003,
    3.9000000000000004,
    4.0,
    4.1,
    4.2,
    4.3,
    4.3999999999999995,
    4.5,
    4.6,
    4.7,
    4.8,
    4.9,
    5.0
  ],
  "analysis": {
    "(1,1)": {
      "dim": 25,
      "avg_mode_r2": 0.888931,
      "min_mode_r2": 0.062538,
      "sector_min_r2": 0.403918,
      "n_crossings": 0
    },
    "(2,2)": {
      "dim": 100,
      "avg_mode_r2": 0.800861,
      "min_mode_r2": 0.001392,
      "sector_min_r2": 0.143831,
      "n_crossings": 0
    },
    "(0,1)": {
      "dim": 5,
      "avg_mode_r2": 0.934588,
      "min_mode_r2": 0.806539,
      "sector_min_r2": 0.99557,
      "n_crossings": 0
    },
    "(1,2)": {
      "dim": 50,
      "avg_mode_r2": 0.876386,
      "min_mode_r2": 0.000909,
      "sector_min_r2": 0.966718,
      "n_crossings": 0
    },
    "(2,3)": {
      "dim": 100,
      "avg_mode_r2": 0.798073,
      "min_mode_r2": 0.006025,
      "sector_min_r2": 0.784818,
      "n_crossings": 0
    },
    "verdict": "Individual modes are themselves nonlinear. Genuine Hamiltonian-dissipator competition, not just mode crossing."
  }
}