{
  "Sigma_gamma": 0.35000000000000003,
  "k_slow": 80,
  "k_fast": 80,
  "biorth_residual_slow": 4.44091476751357e-15,
  "biorth_residual_fast": 3.775132111925469e-15,
  "pair_errors_stats": {
    "min": 0.0,
    "median": 6.661338147750939e-16,
    "max": 0.2491877836134982,
    "count_lt_1e-5": 58
  },
  "se_slow_mean": 0.04520911041467408,
  "cs_fast_mean": 5.812248364009338e-29,
  "kappa_max": 4.425828867678524e-14,
  "kappa_mean": 1.1340930761900159e-15,
  "predictions": {
    "psi_1_t5.0": [
      -3.715764665064561e-15,
      1.168087137751947e-14,
      -5.256141558326775e-15,
      8.701481940374852e-16,
      -5.256141558327137e-15,
      1.1680871377517462e-14,
      -3.715764665063989e-15
    ],
    "psi_1_t10.0": [
      -5.146312813439406e-15,
      5.59743558627761e-15,
      -8.322153029145193e-15,
      -1.971276678914606e-15,
      -8.322153029145525e-15,
      5.5974355862773075e-15,
      -5.146312813438763e-15
    ],
    "psi_1_t15.0": [
      -7.994051564597401e-15,
      -5.0169471294807096e-15,
      -1.4283156689566456e-14,
      -7.17824645636636e-15,
      -1.4283156689566756e-14,
      -5.016947129478199e-15,
      -7.994051564596633e-15
    ],
    "psi_2_t5.0": [
      8.30996668123149e-15,
      -2.3733079824286368e-15,
      1.1014339582379037e-14,
      4.811243444345062e-16,
      1.1014339582381574e-14,
      -2.3733079824288766e-15,
      8.309966681231156e-15
    ],
    "psi_2_t10.0": [
      3.781382389072013e-15,
      -2.2774805149143325e-15,
      2.9395912577219954e-14,
      3.2640191323740385e-15,
      2.939591257722169e-14,
      -2.2774805149145336e-15,
      3.781382389071614e-15
    ],
    "psi_2_t15.0": [
      -4.1868797236245295e-15,
      -2.24745153505891e-15,
      6.404408346191278e-14,
      8.437294651012286e-15,
      6.404408346191324e-14,
      -2.2474515350590754e-15,
      -4.186879723625098e-15
    ]
  },
  "empirical_f_psi1": [
    0.8464560112647457,
    1.4309266573862605,
    0.5582801245205132,
    -0.003438343325845028,
    -1.704817680690971,
    -0.8253991387918874,
    -0.00581990250809572
  ],
  "empirical_f_psi2": [
    1.157436656246546,
    0.20422697039214288,
    -2.0501306289302637,
    -0.010428844368035595,
    1.1050205793285606,
    -0.19139053856647992,
    -0.47825503505193434
  ],
  "rmse_psi1": 0.9756644864943821,
  "rmse_psi2": 1.0050544635332357,
  "tier_verdict": "no_improvement"
}