{
  "N": 7,
  "d": 128,
  "d2": 16384,
  "gamma": 0.05,
  "slow_cutoff": 0.15,
  "delta_J": 0.1,
  "slow_mode_count": 178,
  "initial_states": [
    "psi_1_bonding",
    "psi_2_bonding",
    "psi_3_bonding",
    "psi_4_bonding",
    "plus_7"
  ],
  "bonds": [
    {
      "bond": [
        0,
        1
      ],
      "states": {
        "psi_1_bonding": {
          "alpha_per_site": [
            0.9659457190525633,
            0.9143829654068577,
            0.9700037160801588,
            1.07006177406268,
            1.124839494269964,
            1.0716338822445624,
            1.0097495100126714
          ],
          "sum_ln_alpha": 0.10963468983732072,
          "valid": true
        },
        "psi_2_bonding": {
          "alpha_per_site": [
            0.9261382105416723,
            1.023494446982894,
            1.2332469722114068,
            0.9989679561721034,
            0.9024751598665497,
            0.9758789660405592,
            1.0154634893093708
          ],
          "sum_ln_alpha": 0.04342315447391049,
          "valid": true
        },
        "psi_3_bonding": {
          "alpha_per_site": [
            1.0179859159603146,
            1.1337603924023565,
            0.9390419796515126,
            0.9782918773110176,
            1.0364305791847301,
            0.9459499339748815,
            1.0231240428821986
          ],
          "sum_ln_alpha": 0.06160144027860981,
          "valid": true
        },
        "psi_4_bonding": {
          "alpha_per_site": [
            1.9142718959190947,
            0.987135829255102,
            0.8474380117369796,
            1.0026787067303475,
            0.801258689519571,
            1.0154433256334134,
            0.9827810586286421
          ],
          "sum_ln_alpha": 0.24991220301680955,
          "valid": true
        },
        "plus_7": {
          "alpha_per_site": [
            1.0133148145066984,
            1.0064446136347742,
            0.998259159301527,
            0.9989941491788004,
            0.9987355525129517,
            0.9961983172911543,
            0.9959155249030558
          ],
          "sum_ln_alpha": 0.007735158182778055,
          "valid": true
        }
      }
    },
    {
      "bond": [
        3,
        4
      ],
      "states": {
        "psi_1_bonding": {
          "alpha_per_site": [
            1.013022753281209,
            1.089176042561147,
            1.0698803099739103,
            0.8760349448330019,
            0.8380490844311392,
            0.9853104750700767,
            1.0049520094473239
          ],
          "sum_ln_alpha": -0.1529796453613782,
          "valid": true
        },
        "psi_2_bonding": {
          "alpha_per_site": [
            0.971991508095657,
            0.9235649313824152,
            0.9572857903337236,
            1.0001792574437003,
            1.0469650997862059,
            1.304049331181222,
            1.0288346524093146
          ],
          "sum_ln_alpha": 0.1884002054960902,
          "valid": true
        },
        "psi_3_bonding": {
          "alpha_per_site": [
            1.1022432732605425,
            0.9879542360428347,
            1.0214929055252528,
            1.382764431295142,
            1.0093064642202,
            0.9234057610285785,
            0.7926135781847659
          ],
          "sum_ln_alpha": 0.12773586572190646,
          "valid": true
        },
        "psi_4_bonding": {
          "alpha_per_site": [
            0.7110295605448554,
            1.0248277960768104,
            0.7536850984408955,
            0.9998812980931122,
            1.551109467950331,
            0.977221585882965,
            1.7194914048557908
          ],
          "sum_ln_alpha": 0.3585411347121793,
          "valid": true
        },
        "plus_7": {
          "alpha_per_site": [
            0.9946376349280115,
            0.9977557638559904,
            0.9979177225078049,
            1.0020141026205462,
            1.0034588055875866,
            0.9971610835772772,
            1.0012373075569176
          ],
          "sum_ln_alpha": -0.005849497173755108,
          "valid": true
        }
      }
    }
  ],
  "verdict": "FAIL (closure law not verified at this precision; 10/10 states valid)",
  "max_abs_closure": 0.3585411347121793
}