{
  "N": 7,
  "d": 128,
  "d2": 16384,
  "gamma": 0.05,
  "slow_cutoff": 0.15,
  "delta_J": 0.1,
  "slow_mode_count": 178,
  "initial_states": [
    "psi_1_bonding",
    "psi_2_bonding",
    "psi_3_bonding",
    "psi_4_bonding",
    "plus_7"
  ],
  "bonds": [
    {
      "bond": [
        0,
        1
      ],
      "states": {
        "psi_1_bonding": {
          "alpha_per_site": [
            0.965991048531629,
            0.914584910639751,
            0.9702487607823198,
            1.0711766561982592,
            1.126989056087202,
            1.0737452567825416,
            1.0098044384638998
          ],
          "sum_ln_alpha": 0.11512824750582029,
          "valid": true
        },
        "psi_2_bonding": {
          "alpha_per_site": [
            0.9263155326833261,
            1.022377228046038,
            1.2345843067230065,
            0.9989691017266116,
            0.902632094176409,
            0.9757909076942295,
            1.0153213219276855
          ],
          "sum_ln_alpha": 0.04355101820997112,
          "valid": true
        },
        "psi_3_bonding": {
          "alpha_per_site": [
            1.0188842221410408,
            1.1343215387506649,
            0.9390562874567597,
            0.9785862464488118,
            1.036536162210282,
            0.9460802811843714,
            1.0224646553466992
          ],
          "sum_ln_alpha": 0.06288935840415173,
          "valid": true
        },
        "psi_4_bonding": {
          "alpha_per_site": [
            1.9261349080666375,
            0.9871343915732479,
            0.8499815415629868,
            1.0026806739074234,
            0.8014110148548732,
            1.0154459982732282,
            0.9825253242407695
          ],
          "sum_ln_alpha": 0.2590201378000969,
          "valid": true
        },
        "plus_7": {
          "alpha_per_site": [
            1.013316566667098,
            1.006444858745158,
            0.9982604873284108,
            0.9989950527487566,
            0.9987365263623952,
            0.9961994867423654,
            0.9959153147777297
          ],
          "sum_ln_alpha": 0.007741303688760406,
          "valid": true
        }
      }
    },
    {
      "bond": [
        3,
        4
      ],
      "states": {
        "psi_1_bonding": {
          "alpha_per_site": [
            1.0133265386144048,
            1.0922984829344782,
            1.070993834602497,
            0.8766074103060479,
            0.8391592686054352,
            0.9853826339762966,
            1.004965158352313
          ],
          "sum_ln_alpha": -0.14671344419374846,
          "valid": true
        },
        "psi_2_bonding": {
          "alpha_per_site": [
            0.9721568207036436,
            0.9248447279521045,
            0.957423597815784,
            1.0001776279026784,
            1.0477010503908226,
            1.3138803196652542,
            1.0288476957287327
          ],
          "sum_ln_alpha": 0.19832324792360792,
          "valid": true
        },
        "psi_3_bonding": {
          "alpha_per_site": [
            1.1011149597099104,
            0.9879380871532651,
            1.0217929284102825,
            1.3826899687967902,
            1.0093566337085689,
            0.9236640184508728,
            0.7930263266601507
          ],
          "sum_ln_alpha": 0.1277851125508601,
          "valid": true
        },
        "psi_4_bonding": {
          "alpha_per_site": [
            0.7108814480281985,
            1.0248246057842745,
            0.7540591504723018,
            0.9998823535365461,
            1.5674577691133134,
            0.9772212327475884,
            1.7177391025375182
          ],
          "sum_ln_alpha": 0.3682915510604481,
          "valid": true
        },
        "plus_7": {
          "alpha_per_site": [
            0.9946386800097587,
            0.9977572426169402,
            0.9979189973825959,
            1.002013396430781,
            1.0034580141993568,
            0.9971620570388073,
            1.0012376506688134
          ],
          "sum_ln_alpha": -0.005845861349001984,
          "valid": true
        }
      }
    }
  ],
  "verdict": "FAIL (closure law not verified at this precision; 10/10 states valid)",
  "max_abs_closure": 0.3682915510604481
}