{
 "config": {
  "N": 5,
  "gamma_0": 0.05,
  "J_ref": 1.0,
  "dJ": 0.0001,
  "t_points": [
   0.5,
   1.0,
   1.5,
   2.0,
   2.5,
   3.0
  ],
  "spread": 0.02,
  "sigma_noise": 0.01,
  "n_samples": 100,
  "seed": 1,
  "sample_space": "20-dim F71-symmetric subspace (Haar-random)",
  "class_tol": 1e-06,
  "capacity_blind_threshold": 0.05
 },
 "in_class_counts": {
  "1or2": 0,
  "3": 0
 },
 "outside_capacities": [
  7.742111910892183,
  7.702362309584014,
  7.462897743833508,
  7.034656477307187,
  7.768727011141455,
  6.493656233399328,
  7.407545321908427,
  6.240789930932023,
  6.84558331586604,
  6.172772117645134,
  7.372154175310257,
  7.2490839462536965,
  6.781983743673133,
  5.927605691141449,
  7.675052101711671,
  7.660488279816153,
  7.6368145612696505,
  8.910563356412018,
  7.606371340100655,
  6.84479353979139,
  7.645455954093807,
  8.124430538908339,
  5.778378961891485,
  7.21551948144952,
  9.030291562597071,
  8.890842314660947,
  9.625057725063618,
  6.617125344183789,
  6.022778395268475,
  8.329132400695448,
  7.258372041312044,
  7.652881765661779,
  7.484942861460283,
  5.744568273838687,
  7.856907147132759,
  7.071220773351246,
  7.204595045166765,
  7.94700867237308,
  7.591303382664874,
  8.761647777046418,
  8.341943830784562,
  6.763395830081759,
  7.927036496708595,
  8.386353757848823,
  7.73771929477541,
  6.5490214050785065,
  7.169303994384263,
  8.372688797488648,
  6.098502653071558,
  6.850976408531299,
  8.18205745358117,
  7.632045126715548,
  6.278643734270165,
  8.880562130487778,
  9.952137614238817,
  6.774981773417958,
  7.0690627611641395,
  7.286337768293624,
  8.615972477985327,
  7.729889957522394,
  7.288928027329961,
  7.06512838011772,
  7.717704513380896,
  7.0358256726879675,
  10.262069939090313,
  6.153539846298895,
  7.157060489101717,
  7.397842364471239,
  6.849538579168065,
  7.155999598377817,
  8.049328020921582,
  7.401478343453825,
  7.372034784648867,
  7.8816408020201925,
  6.795834632476789,
  7.756771068854065,
  6.9959154192157005,
  7.095797565773405,
  7.113975336417468,
  7.022720007827067,
  7.349133483052788,
  7.59058005497782,
  7.422137606575716,
  6.399335027230537,
  7.574498382046854,
  7.2354326271791,
  7.90382482047603,
  6.391104646034377,
  6.898611563903949,
  8.529471423219729,
  6.126023132600898,
  8.475327529372494,
  9.393815506722719,
  7.669640517381589,
  7.038866457509389,
  6.428498971239827,
  7.626956817877847,
  8.05431331662649,
  8.28180888425907,
  7.451421494126405
 ],
 "blind_outside_candidates": []
}