{
 "config": {
  "mode": "product",
  "sampler_label": "F71-breaking product (10 indep Bloch angles)",
  "N": 5,
  "gamma_0": 0.05,
  "J_ref": 1.0,
  "dJ": 0.0001,
  "t_points": [
   0.5,
   1.0,
   1.5,
   2.0,
   2.5,
   3.0
  ],
  "spread": 0.02,
  "sigma_noise": 0.01,
  "n_samples": 100,
  "seed": 2
 },
 "in_class_counts": {
  "1or2": 0,
  "3": 0
 },
 "capacities": [
  10.25157060772226,
  8.874395423998243,
  10.935180250555476,
  9.649714272734139,
  8.425867319850784,
  9.811141477383297,
  9.770045415613467,
  10.098012929951025,
  11.838455656069538,
  10.874397899756438,
  9.706065208944423,
  8.953106153411625,
  10.024600682912181,
  8.54191924876345,
  11.960875833833951,
  10.659495984737841,
  10.786245841785545,
  9.971203028347016,
  10.239149255874251,
  8.784521673033156,
  9.62455834257794,
  9.935146998849714,
  9.834855908097692,
  9.908795621233391,
  10.242410251303642,
  11.02662985961227,
  11.071549812019496,
  10.422263458170427,
  10.870565612581917,
  10.213469292032903,
  9.988245111609292,
  10.239561137378569,
  9.683622759086044,
  8.489801066581801,
  9.135416859470546,
  10.315463701990131,
  9.046211336882827,
  10.142235563478767,
  9.17032989040787,
  10.31680805706603,
  9.754372286105482,
  10.10176500072982,
  10.956050769583136,
  10.149098267765835,
  10.297053754720459,
  10.713386298280136,
  9.830667370922587,
  10.680919425175603,
  8.565132383697515,
  10.836573642055907,
  10.162159265071509,
  11.992112940326079,
  11.182445862976074,
  10.245599698397198,
  11.266970653461772,
  10.2712997127193,
  10.569650935543367,
  9.345580301598794,
  10.183488758035178,
  9.42310846088051,
  10.458890377158877,
  10.189952120617257,
  8.968979655583592,
  10.014148548321067,
  10.029504576228053,
  10.756479947820626,
  10.26335443243383,
  11.024007717108706,
  10.7871972003691,
  10.17397451703368,
  10.752449242107852,
  10.01105052836656,
  9.69098077772632,
  10.123515759349468,
  10.466224904274242,
  10.795845990399492,
  11.152872927705047,
  10.495673433968346,
  10.681540293053331,
  10.12014408757429,
  9.201494092569003,
  10.686137851329171,
  9.55438364494085,
  10.170603557587718,
  9.565214013144871,
  11.051901033732769,
  10.692054550500377,
  11.154116652445488,
  10.461345654000569,
  10.165033567882022,
  9.991265903881272,
  11.702109506498482,
  9.597350089328026,
  9.63015780711562,
  10.92610412011901,
  10.416103504277286,
  9.97148294819936,
  10.992683204395576,
  10.088982283840291,
  9.58312980621772
 ],
 "asymmetries": [
  1.2923100544716946,
  1.0877268405198117,
  1.1313037517337818,
  1.4081710190666012,
  1.4122528972990844,
  1.1821566009004472,
  1.359995971120083,
  1.293221588292428,
  1.402787842438572,
  1.3794280918539004,
  1.4114784151154778,
  1.4134609047302649,
  1.3196785395693331,
  1.0329863087417661,
  0.9658376576266047,
  1.1558883867310585,
  1.3263147036763812,
  1.3218251111738573,
  1.3873552205906028,
  1.3921061244871438,
  1.2354686895221745,
  1.3707497558568165,
  1.2918202429930423,
  1.0637027497139306,
  1.4132438297297745,
  1.2827560302761962,
  0.8617988641886911,
  1.3515888624465142,
  1.2136049217881655,
  1.3997099010622889,
  0.7332619627435414,
  1.3195768164328148,
  1.3754490577348504,
  1.4068391430147225,
  1.3669836004887492,
  0.851617458203371,
  0.6866132752467032,
  1.3478558951335335,
  1.2362279297912266,
  1.0871194005221465,
  1.3156187394168257,
  1.411690438832193,
  0.7327288314663011,
  1.3188641364599505,
  0.9524636843973535,
  1.396837864346402,
  0.26816430305034383,
  1.3193430035278688,
  1.400417202079102,
  0.8554088038878032,
  1.4042650416314881,
  1.1863603977618429,
  1.1348580731531297,
  1.250036307853491,
  1.0612964605843909,
  1.022562410155421,
  1.3974386689696083,
  0.43370679838846365,
  1.3903384144694697,
  1.3491680797414853,
  1.382432075505707,
  1.2179577132054153,
  0.5615424741466823,
  1.236565169790915,
  1.3349716452111315,
  1.1629835699158948,
  1.1553946649698565,
  0.7626164630470665,
  1.2630148449315248,
  1.3942203227568308,
  1.2682518180474418,
  1.2123223598860948,
  0.8278155407040829,
  1.3788046732265475,
  1.251050537083868,
  0.9247290053335671,
  1.1723723164982778,
  1.2427010821346072,
  1.2312421111182277,
  1.3308799814721235,
  1.1832688817414514,
  1.0379882152743158,
  1.0556241678404519,
  1.3835214945355647,
  1.4015295594018493,
  1.3564894161990464,
  1.3163679462702813,
  0.7807067184931865,
  1.3852599898925972,
  1.3849054625036488,
  1.0712160865361562,
  1.3503917551466025,
  0.9349262492625992,
  0.5833252285534191,
  1.2516046620596195,
  1.287622717064337,
  1.1914929338323907,
  1.1029900176343819,
  1.38678683332824,
  1.3722761804746382
 ],
 "blind_outside_candidates": []
}