{
 "config": {
  "N": 5,
  "gamma_0": 0.05,
  "J_ref": 1.0,
  "dJ": 0.0001,
  "t_points": [
   0.5,
   1.0,
   1.5,
   2.0,
   2.5,
   3.0
  ],
  "spread": 0.02,
  "sigma_noise": 0.01,
  "n_samples": 100,
  "seed": 0,
  "class_tol": 1e-06,
  "capacity_blind_threshold": 0.05
 },
 "in_class_counts": {
  "1or2": 0,
  "3": 0
 },
 "outside_capacities": [
  9.122219512186973,
  9.341772503936896,
  11.605215137007066,
  10.147291478147714,
  11.816237264672685,
  9.340556027055857,
  9.301604714175744,
  10.30424405733763,
  10.481094151148922,
  10.213757276216766,
  9.865176749889214,
  11.465018290313619,
  10.442970635420686,
  10.890254429150318,
  10.183445948986177,
  11.599365500169194,
  9.725939920084086,
  11.59357409113213,
  11.275240056308864,
  10.271286539781372,
  10.609487589387815,
  9.718378537890551,
  10.842304944431113,
  10.33499385734331,
  11.625105807502283,
  10.794750229715364,
  11.664956230065979,
  8.697613806076484,
  10.475876474906745,
  9.32659268446505,
  9.814879968915719,
  11.650020532342952,
  11.844080834073276,
  11.629493595756035,
  11.519180505149109,
  10.054387589987748,
  10.910034215985817,
  11.53476393387641,
  10.546742591086328,
  12.138871080615385,
  10.438892801455346,
  11.304043484002854,
  10.877634851784162,
  10.51333340171959,
  12.405507046518352,
  11.661530773819635,
  11.815992073394222,
  11.226779832802578,
  10.004952709763366,
  11.408575529426319,
  10.446100004507255,
  9.406766408514745,
  10.625239821274693,
  10.827026078344849,
  8.679284345670467,
  11.435866524568127,
  11.49408058031437,
  10.768511297776147,
  9.36954888727965,
  10.13667954234097,
  7.6302759442274475,
  11.90166282700726,
  10.444469919907478,
  10.45327292170099,
  11.237685839048908,
  10.283404197852011,
  10.532824742857123,
  9.736732499708658,
  10.329979260487733,
  9.61118973021172,
  10.947919516030206,
  11.268438601501991,
  9.10887073091988,
  10.12252128351042,
  9.973075995412566,
  7.539752917537019,
  9.325428544333313,
  9.325570203169907,
  11.806132994353522,
  9.532453139082541,
  7.8080080605790165,
  8.942313705668786,
  10.82435094392276,
  11.651549213544522,
  11.053037057308241,
  10.387912325150747,
  10.750524904644315,
  10.667316671501059,
  10.28332622090564,
  10.925356115724352,
  11.122503868080639,
  10.041805374696894,
  11.561944828154932,
  9.17223759864147,
  10.65507789907242,
  9.505850498873736,
  9.20149787785457,
  11.155778347187125,
  11.389386715688751,
  10.122579328605589
 ],
 "blind_outside_candidates": []
}