{
 "config": {
  "mode": "nonproduct",
  "sampler_label": "F71-breaking non-product (Haar on C^32, 62 real params)",
  "N": 5,
  "gamma_0": 0.05,
  "J_ref": 1.0,
  "dJ": 0.0001,
  "t_points": [
   0.5,
   1.0,
   1.5,
   2.0,
   2.5,
   3.0
  ],
  "spread": 0.02,
  "sigma_noise": 0.01,
  "n_samples": 100,
  "seed": 3
 },
 "in_class_counts": {
  "1or2": 0,
  "3": 0
 },
 "capacities": [
  8.794728696137852,
  6.744343566014933,
  7.76572026798912,
  6.928580948085543,
  8.393850539380495,
  7.580819173327923,
  7.828412773245287,
  7.779734635044043,
  8.65403715535449,
  8.000440647612798,
  7.950879550870176,
  8.310777215091672,
  7.335439738918228,
  8.468714419684483,
  7.277343207805234,
  7.800647267316414,
  7.661465255543844,
  8.209527535923073,
  7.441551978148996,
  8.342242152593213,
  7.39257229195446,
  7.999991155010386,
  7.949492731684365,
  7.836592861082142,
  7.674912162216987,
  6.899848015510745,
  8.027068187070913,
  7.594255117455099,
  7.7642790916399935,
  6.760853799674573,
  7.8811205925234695,
  6.743833385886711,
  7.25008036456642,
  7.598212425084505,
  8.266740662891728,
  7.271008893586287,
  7.598453828499742,
  8.69564927703842,
  8.72909486154066,
  6.988086106778881,
  7.5895600241815515,
  7.852090226601283,
  8.058161931032473,
  8.582809057401162,
  8.06721985383175,
  7.164158408197452,
  7.805364434995626,
  6.74397545418068,
  7.538312733530095,
  7.774313293965197,
  8.155307046436734,
  7.868897991985699,
  7.961605361647239,
  7.313968616761745,
  7.861461544382344,
  7.92721938188405,
  7.163817856947282,
  8.042025587030482,
  8.001668579728412,
  7.056465668379099,
  8.730260358414274,
  7.327418365768515,
  7.537993014722965,
  8.604709909040578,
  7.970861989791544,
  7.753462700354372,
  8.2625945133954,
  7.064388285636358,
  6.638288542729406,
  8.320288482499798,
  7.959858186122659,
  8.401864120011453,
  7.606390590204207,
  7.669586720788166,
  8.186719456359514,
  8.657562732779198,
  7.766839833759166,
  7.708323469795542,
  7.966065743953907,
  6.82529615867844,
  8.803032623514992,
  8.215178751333216,
  7.107179183791671,
  6.959797666932047,
  7.382453744812263,
  7.777289296494153,
  7.512352967637891,
  7.771401861753789,
  7.383699358115975,
  6.347332932247149,
  8.712006224443817,
  8.587984813140338,
  8.464507727630732,
  8.17056323298978,
  7.927292190731961,
  6.956761641292492,
  7.854867422408317,
  7.969440393311112,
  7.5112349191188,
  8.65224374491147
 ],
 "asymmetries": [
  1.0602986763077584,
  1.1867563243549633,
  1.2078203404988268,
  1.5210928546562326,
  1.2313202250790096,
  1.180826715423671,
  1.0934815867590122,
  1.3505455650843505,
  1.1099911945370213,
  1.1023064063713084,
  1.109869327833633,
  1.2091886245431576,
  1.2447622281767934,
  1.1738760296765907,
  1.294865879339159,
  1.262041297772749,
  1.2336379678564842,
  1.4107885179581936,
  1.313042910893343,
  1.1000847793706883,
  1.1375937897578312,
  1.1029202680204198,
  1.2185655617783826,
  1.041725404309452,
  1.171072794190117,
  0.9381641885282145,
  1.0607925325953218,
  0.9912911293947039,
  1.1896671207073823,
  1.3205524550901417,
  1.18399217927764,
  1.030664626609682,
  1.277553564589184,
  1.2229593419198455,
  1.444852219892309,
  1.4401336831709128,
  1.2363324417747443,
  1.1095758179303716,
  1.3878795966377369,
  1.3828519247670663,
  1.0929969804307011,
  1.3851784025239748,
  1.1678446926565242,
  1.4789992246618615,
  1.5300126840718087,
  1.2468192116879937,
  1.1651799919981662,
  1.2856272995185696,
  1.2023214775475926,
  1.1251840333496408,
  1.3590112423763854,
  1.1519184905212814,
  1.3545846415515839,
  1.231046240041447,
  1.240309409861445,
  1.1527846790273162,
  1.2415354072615292,
  1.1713843886038704,
  1.131214085639064,
  1.3514975369838846,
  1.5094696436959183,
  1.0326345844051834,
  1.2155767043131913,
  1.3376933937830584,
  1.2538575620601726,
  1.1273064298332256,
  1.4012426528701514,
  0.9242242227733989,
  1.1892067636845778,
  1.445348820171425,
  1.4208786583199084,
  1.1295228233504724,
  1.3698189006234962,
  1.351744698472918,
  1.3337525658665652,
  1.2942015446774389,
  1.244455860443645,
  1.2544624145148513,
  1.319898056046452,
  1.2795127435585705,
  1.041431407951202,
  1.1250576887908095,
  0.9328933609241363,
  1.1580665126371381,
  1.4076501464847975,
  1.2256735497828228,
  1.005226789479129,
  1.3165889406397684,
  1.3356438956662913,
  1.253849022178588,
  1.2720850460901063,
  1.1843778247136627,
  1.4279164189874285,
  1.2112737531490423,
  1.2105456372070789,
  1.3719623323779973,
  1.090862990736603,
  1.0221667038969342,
  0.9586480502027697,
  1.2732641531228968
 ],
 "blind_outside_candidates": []
}