{
  "eval": 1150,
  "max_evals": 2000,
  "best_mi": 0.14391,
  "best_gammas": [
    0.12960119610391574,
    0.12186770401698972,
    0.045505918335296526,
    0.049999999999999996,
    0.0010010092431044573,
    0.0010237590865937313,
    0.0010004132140998406
  ],
  "elapsed_s": 2046.8
}