{
  "0.0": {
    "se_fraction": 1.0,
    "rate": 0.318534,
    "tracking_overlap": 1.0,
    "c_slow_by_bell_pair": {
      "(0,1)": 0.14110818,
      "(1,2)": 0.14110818,
      "(2,3)": 0.14110818
    },
    "spread": 0.0
  },
  "0.001": {
    "se_fraction": 0.707113,
    "rate": 0.318584,
    "tracking_overlap": 0.707113,
    "c_slow_by_bell_pair": {
      "(0,1)": 0.09984463,
      "(1,2)": 0.09983022,
      "(2,3)": 0.09984524
    },
    "spread": 1.502e-05
  },
  "0.005": {
    "se_fraction": 0.703467,
    "rate": 0.319778,
    "tracking_overlap": 0.703459,
    "c_slow_by_bell_pair": {
      "(0,1)": 0.10057791,
      "(1,2)": 0.10107944,
      "(2,3)": 0.10054989
    },
    "spread": 0.00052955
  },
  "0.01": {
    "se_fraction": 0.69266,
    "rate": 0.323485,
    "tracking_overlap": 0.692585,
    "c_slow_by_bell_pair": {
      "(0,1)": 0.10312657,
      "(1,2)": 0.10525134,
      "(2,3)": 0.10301
    },
    "spread": 0.00224134
  },
  "0.02": {
    "se_fraction": 0.652226,
    "rate": 0.337529,
    "tracking_overlap": 0.650472,
    "c_slow_by_bell_pair": {
      "(0,1)": 0.11868693,
      "(1,2)": 0.12913897,
      "(2,3)": 0.11843692
    },
    "spread": 0.01070205
  },
  "0.05": {
    "se_fraction": 0.559904,
    "rate": 0.373977,
    "tracking_overlap": 0.503694,
    "c_slow_by_bell_pair": {
      "(0,1)": 0.08950322,
      "(1,2)": 0.12554535,
      "(2,3)": 0.08901089
    },
    "spread": 0.03653446
  },
  "0.1": {
    "se_fraction": 0.545575,
    "rate": 0.380208,
    "tracking_overlap": 0.49774,
    "c_slow_by_bell_pair": {
      "(0,1)": 0.06770989,
      "(1,2)": 0.1105013,
      "(2,3)": 0.0667199
    },
    "spread": 0.0437814
  },
  "0.2": {
    "se_fraction": 0.541861,
    "rate": 0.382899,
    "tracking_overlap": 0.50683,
    "c_slow_by_bell_pair": {
      "(0,1)": 0.05887758,
      "(1,2)": 0.09570939,
      "(2,3)": 0.06158947
    },
    "spread": 0.03683181
  },
  "0.5": {
    "se_fraction": 0.539495,
    "rate": 0.383879,
    "tracking_overlap": 0.481463,
    "c_slow_by_bell_pair": {
      "(0,1)": 0.05839249,
      "(1,2)": 0.09243223,
      "(2,3)": 0.05960885
    },
    "spread": 0.03403974
  },
  "1.0": {
    "se_fraction": 0.460397,
    "rate": 0.395657,
    "tracking_overlap": 0.382832,
    "c_slow_by_bell_pair": {
      "(0,1)": 0.09582341,
      "(1,2)": 0.08811416,
      "(2,3)": 0.09230455
    },
    "spread": 0.00770925
  },
  "scaling_slope": 0.9512,
  "se_departure_slope": 0.0969
}