{
  "experiment": "SIMULATOR_TEST",
  "timestamp": "20260209_125106",
  "T1_us": 200.0,
  "T2_us": 150.0,
  "crossing_over_T2": 1.021645422426233,
  "analytical_prediction_generalized": {
    "t_star_over_T2": 1.042818698222449,
    "t_star_us": 156.42280473336734,
    "b_star": 0.3524598026659716,
    "C_at_crossing": 0.7093007432593004,
    "psi_at_crossing": 0.3524598026659716,
    "r": 0.75,
    "method": "generalized_crossing_equation"
  },
  "analysis": [
    {
      "delay_us": 0.0,
      "delay_over_T2": 0.0,
      "C_measured": 0.9960188936496841,
      "psi_measured": 0.9958994602089846,
      "cpsi_measured": 0.9919346785436705,
      "C_theory_dephasing": 1.0,
      "psi_theory_dephasing": 1.0,
      "cpsi_theory_dephasing": 1.0,
      "cpsi_theory_full": 1.0,
      "populations": {
        "rho_00": 0.5074507122951685,
        "rho_11": 0.49254928770483153,
        "rho_01_abs": 0.4979497301044923
      }
    },
    {
      "delay_us": 18.75,
      "delay_over_T2": 0.125,
      "C_measured": 0.892368930900673,
      "psi_measured": 0.8754793458125738,
      "cpsi_measured": 0.7812505678483871,
      "C_theory_dephasing": 0.8894003915357025,
      "psi_theory_dephasing": 0.8824969025845955,
      "cpsi_theory_dephasing": 0.7848930906877839,
      "cpsi_theory_full": 0.7884267827643416,
      "populations": {
        "rho_00": 0.5675902671561033,
        "rho_11": 0.4324097328438967,
        "rho_01_abs": 0.4377396729062869
      }
    },
    {
      "delay_us": 37.5,
      "delay_over_T2": 0.25,
      "C_measured": 0.8453232831699309,
      "psi_measured": 0.8018547484711972,
      "cpsi_measured": 0.6778264886030715,
      "C_theory_dephasing": 0.8032653298563167,
      "psi_theory_dephasing": 0.7788007830714049,
      "cpsi_theory_dephasing": 0.6255836679062098,
      "cpsi_theory_full": 0.6369662472735154,
      "populations": {
        "rho_00": 0.6091736331424107,
        "rho_11": 0.3908263668575893,
        "rho_01_abs": 0.4009273742355986
      }
    },
    {
      "delay_us": 56.25,
      "delay_over_T2": 0.375,
      "C_measured": 0.7609239625120983,
      "psi_measured": 0.6734229843394552,
      "cpsi_measured": 0.512423685690301,
      "C_theory_dephasing": 0.7361832763705074,
      "psi_theory_dephasing": 0.6872892787909722,
      "cpsi_theory_dephasing": 0.505970873074661,
      "cpsi_theory_full": 0.5266251601546573,
      "populations": {
        "rho_00": 0.6307185996592858,
        "rho_11": 0.3692814003407142,
        "rho_01_abs": 0.3367114921697276
      }
    },
    {
      "delay_us": 75.0,
      "delay_over_T2": 0.5,
      "C_measured": 0.702298110276397,
      "psi_measured": 0.5497414687288391,
      "cpsi_measured": 0.3860823946288347,
      "C_theory_dephasing": 0.6839397205857212,
      "psi_theory_dephasing": 0.6065306597126334,
      "cpsi_theory_dephasing": 0.4148304099305316,
      "cpsi_theory_full": 0.44448611853843495,
      "populations": {
        "rho_00": 0.6599847946780043,
        "rho_11": 0.3400152053219957,
        "rho_01_abs": 0.27487073436441956
      }
    },
    {
      "delay_us": 93.75,
      "delay_over_T2": 0.625,
      "C_measured": 0.6913098165507516,
      "psi_measured": 0.5048984988821164,
      "cpsi_measured": 0.34904128863894573,
      "C_theory_dephasing": 0.6432523984300951,
      "psi_theory_dephasing": 0.5352614285189903,
      "cpsi_theory_dephasing": 0.3443081976819594,
      "cpsi_theory_full": 0.38178656259170846,
      "populations": {
        "rho_00": 0.6786736822590897,
        "rho_11": 0.32132631774091025,
        "rho_01_abs": 0.2524492494410582
      }
    },
    {
      "delay_us": 112.5,
      "delay_over_T2": 0.75,
      "C_measured": 0.6738855749826076,
      "psi_measured": 0.430559088035523,
      "cpsi_measured": 0.29014755860480557,
      "C_theory_dephasing": 0.611565080074215,
      "psi_theory_dephasing": 0.4723665527410147,
      "cpsi_theory_dephasing": 0.2888828886514395,
      "cpsi_theory_full": 0.33259729971522717,
      "populations": {
        "rho_00": 0.7014882265017203,
        "rho_11": 0.29851177349827973,
        "rho_01_abs": 0.2152795440177615
      }
    },
    {
      "delay_us": 131.25,
      "delay_over_T2": 0.875,
      "C_measured": 0.700505481115013,
      "psi_measured": 0.4194326802887391,
      "cpsi_measured": 0.2938148915010226,
      "C_theory_dephasing": 0.5868869717252225,
      "psi_theory_dephasing": 0.4168620196785084,
      "cpsi_theory_dephasing": 0.2446508883563799,
      "cpsi_theory_full": 0.2929151766259187,
      "populations": {
        "rho_00": 0.7372167726657572,
        "rho_11": 0.26278322733424275,
        "rho_01_abs": 0.20971634014436955
      }
    },
    {
      "delay_us": 150.0,
      "delay_over_T2": 1.0,
      "C_measured": 0.6997612509703641,
      "psi_measured": 0.3716083987113455,
      "cpsi_measured": 0.260037157953345,
      "C_theory_dephasing": 0.5676676416183064,
      "psi_theory_dephasing": 0.36787944117144233,
      "cpsi_theory_dephasing": 0.20883325476965317,
      "cpsi_theory_full": 0.26004153121687856,
      "populations": {
        "rho_00": 0.7556509827616149,
        "rho_11": 0.2443490172383851,
        "rho_01_abs": 0.18580419935567274
      }
    },
    {
      "delay_us": 168.75,
      "delay_over_T2": 1.125,
      "C_measured": 0.7159045102554944,
      "psi_measured": 0.30666452180445125,
      "cpsi_measured": 0.21954251429515106,
      "C_theory_dephasing": 0.5526996122809322,
      "psi_theory_dephasing": 0.32465246735834974,
      "cpsi_theory_dephasing": 0.17943529283500792,
      "cpsi_theory_full": 0.23215757418043775,
      "populations": {
        "rho_00": 0.7905881499551539,
        "rho_11": 0.20941185004484608,
        "rho_01_abs": 0.15333226090222563
      }
    },
    {
      "delay_us": 187.5,
      "delay_over_T2": 1.25,
      "C_measured": 0.7327595699776013,
      "psi_measured": 0.3420732023086512,
      "cpsi_measured": 0.25065741262454827,
      "C_theory_dephasing": 0.5410424993119494,
      "psi_theory_dephasing": 0.2865047968601901,
      "cpsi_theory_dephasing": 0.15501127135809958,
      "cpsi_theory_full": 0.20803524607955456,
      "populations": {
        "rho_00": 0.7951715874781595,
        "rho_11": 0.20482841252184047,
        "rho_01_abs": 0.1710366011543256
      }
    },
    {
      "delay_us": 206.25,
      "delay_over_T2": 1.375,
      "C_measured": 0.7257683759183302,
      "psi_measured": 0.2781194923703007,
      "cpsi_measured": 0.20185033228882357,
      "C_theory_dephasing": 0.5319639306033538,
      "psi_theory_dephasing": 0.25283959580474646,
      "cpsi_theory_dephasing": 0.13450154519645616,
      "cpsi_theory_full": 0.18684108253145107,
      "populations": {
        "rho_00": 0.805853845733688,
        "rho_11": 0.194146154266312,
        "rho_01_abs": 0.13905974618515035
      }
    },
    {
      "delay_us": 225.0,
      "delay_over_T2": 1.5,
      "C_measured": 0.7460007269988769,
      "psi_measured": 0.16554326243823653,
      "cpsi_measured": 0.12349539412869032,
      "C_theory_dephasing": 0.5248935341839319,
      "psi_theory_dephasing": 0.22313016014842982,
      "cpsi_theory_dephasing": 0.11711957834333606,
      "cpsi_theory_full": 0.16800377431130406,
      "populations": {
        "rho_00": 0.8408067202458964,
        "rho_11": 0.15919327975410358,
        "rho_01_abs": 0.08277163121911826
      }
    },
    {
      "delay_us": 243.75,
      "delay_over_T2": 1.625,
      "C_measured": 0.7762657804011905,
      "psi_measured": 0.21908075339523136,
      "cpsi_measured": 0.17006489200523006,
      "C_theory_dephasing": 0.519387103915861,
      "psi_theory_dephasing": 0.19691167520419406,
      "cpsi_theory_dephasing": 0.102273384711527,
      "cpsi_theory_full": 0.15112521751697774,
      "populations": {
        "rho_00": 0.8551532008493514,
        "rho_11": 0.14484679915064858,
        "rho_01_abs": 0.10954037669761568
      }
    },
    {
      "delay_us": 262.5,
      "delay_over_T2": 1.75,