{"job_id": "d9br4vmg26ic73dgbgk0", "backend": "ibm_kingston", "chain": [11, 12, 13, 14, 15, 19, 35, 34], "keys": [["CAL", "0", "Z"], ["A0", "0", "X"], ["A0", "0", "Y"], ["A1", "0", "X"], ["A1", "0", "Y"], ["A2", "0", "X"], ["A2", "0", "Y"], ["A1", "1", "X"], ["A1", "1", "Y"], ["A2", "1", "X"], ["A2", "1", "Y"], ["A0", "1", "X"], ["A0", "1", "Y"], ["A2", "2", "X"], ["A2", "2", "Y"], ["A0", "2", "X"], ["A0", "2", "Y"], ["A1", "2", "X"], ["A1", "2", "Y"], ["A0", "3", "X"], ["A0", "3", "Y"], ["A1", "3", "X"], ["A1", "3", "Y"], ["A2", "3", "X"], ["A2", "3", "Y"], ["A1", "4", "X"], ["A1", "4", "Y"], ["A2", "4", "X"], ["T1", "20.0", "Z"], ["RAMSEY", "20.0", "Z"], ["T1", "60.0", "Z"], ["RAMSEY", "60.0", "Z"], ["T1", "120.0", "Z"], ["RAMSEY", "120.0", "Z"], ["T1", "200.0", "Z"], ["RAMSEY", "200.0", "Z"], ["A2", "4", "Y"], ["A0", "4", "X"], ["A0", "4", "Y"], ["A2", "5", "X"], ["A2", "5", "Y"], ["A0", "5", "X"], ["A0", "5", "Y"], ["A1", "5", "X"], ["A1", "5", "Y"], ["A0", "6", "X"], ["A0", "6", "Y"], ["A1", "6", "X"], ["A1", "6", "Y"], ["A2", "6", "X"], ["A2", "6", "Y"], ["A1", "7", "X"], ["A1", "7", "Y"], ["A2", "7", "X"], ["A2", "7", "Y"], ["A0", "7", "X"], ["A0", "7", "Y"], ["A2", "8", "X"], ["A2", "8", "Y"], ["A0", "8", "X"], ["A0", "8", "Y"], ["A1", "8", "X"], ["A1", "8", "Y"], ["CAL", "1", "Z"]], "shots": 16384, "snapshot_before": {"timestamp": "2026-07-15T18:16:58.965593", "qubits": {"11": {"T1_us": 216.37452460284976, "T2_us": 100.67517425758312, "readout_error": 0.005126953125}, "12": {"T1_us": 329.30250941795885, "T2_us": 322.1582999166433, "readout_error": 0.0343017578125}, "13": {"T1_us": 511.4853084732632, "T2_us": 607.0826151935153, "readout_error": 0.0042724609375}, "14": {"T1_us": 301.57354280987374, "T2_us": 435.60930062729904, "readout_error": 0.0174560546875}, "15": {"T1_us": 340.2549670749172, "T2_us": 356.8770601875928, "readout_error": 0.0048828125}, "19": {"T1_us": 156.76862122953983, "T2_us": 182.67641272696906, "readout_error": 0.0283203125}, "35": {"T1_us": 285.50205705998104, "T2_us": 368.01584986180086, "readout_error": 0.049072265625}, "34": {"T1_us": 190.80960485971042, "T2_us": 159.54009941474848, "readout_error": 0.047607421875}}}}