{
  "meta": {
    "N": 5,
    "N_bonds": 4,
    "J_ref": [
      1.0,
      1.0,
      1.0,
      1.0
    ],
    "gamma_ref": [
      0.05,
      0.05,
      0.05,
      0.05,
      0.05
    ],
    "t_points": [
      0.5,
      1.0,
      1.5,
      2.0,
      2.5,
      3.0
    ],
    "n_features": 150,
    "dJ": 0.0001,
    "fd_method": "central",
    "spread_ref": 0.02,
    "sigma_ref": 0.01
  },
  "states": {
    "plus^N": {
      "is_H_eigenstate": true,
      "eigenvalue_real": 4.0,
      "jacobian_shape": [
        150,
        4
      ],
      "frobenius_norm": 2.6665583351349498e-11,
      "singular_values": [
        1.702398305003474e-11,
        1.4307963195548472e-11,
        1.0899339425490155e-11,
        9.88554125289476e-12
      ],
      "Vt": [
        [
          -0.6257993547727577,
          0.4483093072218358,
          -0.6295314112674978,
          0.10528121794427579
        ],
        [
          0.19247846113983363,
          0.09489629892478738,
          0.0394491206344716,
          0.975904965316186
        ],
        [
          0.73930321760058,
          0.16905828267694123,
          -0.6373546267627943,
          -0.1364885681945984
        ],
        [
          -0.15734663011539526,
          -0.8726011428865873,
          -0.4426206602190842,
          0.13377680879574216
        ]
      ],
      "effective_rank_1pct": 4,
      "capacity_ref_bits": 0.0,
      "channels_ref": []
    },
    "zero^N": {
      "is_H_eigenstate": true,
      "eigenvalue_real": 4.0,
      "jacobian_shape": [
        150,
        4
      ],
      "frobenius_norm": 0.0,
      "singular_values": [
        0.0,
        0.0,
        0.0,
        0.0
      ],
      "Vt": [
        [
          1.0,
          0.0,
          0.0,
          0.0
        ],
        [
          0.0,
          1.0,
          0.0,
          0.0
        ],
        [
          0.0,
          0.0,
          1.0,
          0.0
        ],
        [
          0.0,
          0.0,
          0.0,
          1.0
        ]
      ],
      "effective_rank_1pct": 0,
      "capacity_ref_bits": 0.0,
      "channels_ref": []
    },
    "GHZ": {
      "is_H_eigenstate": true,
      "eigenvalue_real": 4.0,
      "jacobian_shape": [
        150,
        4
      ],
      "frobenius_norm": 0.0,
      "singular_values": [
        0.0,
        0.0,
        0.0,
        0.0
      ],
      "Vt": [
        [
          1.0,
          0.0,
          0.0,
          0.0
        ],
        [
          0.0,
          1.0,
          0.0,
          0.0
        ],
        [
          0.0,
          0.0,
          1.0,
          0.0
        ],
        [
          0.0,
          0.0,
          0.0,
          1.0
        ]
      ],
      "effective_rank_1pct": 0,
      "capacity_ref_bits": 0.0,
      "channels_ref": []
    },
    "|01010>": {
      "is_H_eigenstate": false,
      "eigenvalue_real": null,
      "jacobian_shape": [
        150,
        4
      ],
      "frobenius_norm": 9.623084371163795,
      "singular_values": [
        8.115009472180905,
        3.710028569009258,
        3.076109071204961,
        1.8771294787885002
      ],
      "Vt": [
        [
          0.7038800533238294,
          0.06747496226688965,
          0.06747496226749251,
          0.7038800533236651
        ],
        [
          0.0674749622680541,
          -0.7038800533225084,
          -0.7038800533249856,
          0.06747496226632776
        ],
        [
          -0.32804692464310126,
          -0.6264065893923483,
          0.6264065893893233,
          0.3280469246429314
        ],
        [
          -0.6264065893906058,
          0.3280469246428477,
          -0.3280469246431854,
          0.6264065893910657
        ]
      ],
      "effective_rank_1pct": 4,
      "capacity_ref_bits": 11.526476829822982,
      "channels_ref": [
        {
          "gain": 8.115009472180905,
          "power": 0.00041041440637926835,
          "snr": 270.2717534101375,
          "bits": 4.0417975111840105
        },
        {
          "gain": 3.710028569009258,
          "power": 0.00040466776618029043,
          "snr": 55.69973383114535,
          "bits": 2.9126350287718075
        },
        {
          "gain": 3.076109071204961,
          "power": 0.00040136484047326165,
          "snr": 37.9789353784597,
          "bits": 2.642311391033122
        },
        {
          "gain": 1.8771294787885002,
          "power": 0.00038355298696717964,
          "snr": 13.514930889090623,
          "bits": 1.929732898834043
        }
      ]
    },
    "|+0+0+>": {
      "is_H_eigenstate": false,
      "eigenvalue_real": null,
      "jacobian_shape": [
        150,
        4
      ],
      "frobenius_norm": 10.023079063827064,
      "singular_values": [
        8.715750656531855,
        3.978625578804224,
        2.699589263431668,
        1.1749726487634347
      ],
      "Vt": [
        [
          -0.3195194265689064,
          -0.630798966426932,
          -0.6307989664267242,
          -0.31951942656866406
        ],
        [
          0.630798966427073,
          -0.31951942656803106,
          -0.3195194265695394,
          0.6307989664265834
        ],
        [
          0.4281185571705792,
          0.5627739341918507,
          -0.5627739341914528,
          -0.4281185571720554
        ],
        [
          -0.56277393419187,
          0.4281185571714652,
          -0.42811855717116915,
          0.5627739341914335
        ]
      ],
      "effective_rank_1pct": 4,
      "capacity_ref_bits": 10.945627823401335,
      "channels_ref": [
        {
          "gain": 8.715750656531855,
          "power": 0.00042213101081669174,
          "snr": 320.6689075811247,
          "bits": 4.164716341020119
        },
        {
          "gain": 3.978625578804224,
          "power": 0.00041713008419475673,
          "snr": 66.02944606715639,
          "bits": 3.033361553158582
        },
        {
          "gain": 2.699589263431668,
          "power": 0.00040972582289761615,
          "snr": 29.859925554025722,
          "bits": 2.47383133823327
        },
        {
          "gain": 1.1749726487634347,
          "power": 0.0003510130820909354,
          "snr": 4.845948752160495,
          "bits": 1.2737185909893638
        }
      ]
    },
    "|+-+-+>": {
      "is_H_eigenstate": false,
      "eigenvalue_real": null,
      "jacobian_shape": [
        150,
        4
      ],
      "frobenius_norm": 10.622787905923985,
      "singular_values": [
        8.987099866023733,
        4.306060915385209,
        3.1746900938333558,
        1.858720283816041
      ],
      "Vt": [
        [
          0.7010587609632631,
          0.09228550090194032,
          0.0922855009018676,
          0.7010587609631762
        ],
        [
          -0.0922855009020145,
          0.7010587609634356,
          0.7010587609630047,
          -0.09228550090179333
        ],
        [
          -0.31964239950330087,
          -0.6307366617214862,
          0.6307366617217818,
          0.3196423995033671
        ],
        [
          -0.6307366617215864,
          0.31964239950314255,
          -0.31964239950352547,
          0.6307366617216819
        ]
      ],
      "effective_rank_1pct": 4,
      "capacity_ref_bits": 11.916054677270923,
      "channels_ref": [
        {
          "gain": 8.987099866023733,
          "power": 0.0004101364046973006,
          "snr": 331.25882370453627,
          "bits": 4.188081851516556
        },
        {
          "gain": 4.306060915385209,
          "power": 0.00040598140459652287,
          "snr": 75.27772407487466,
          "bits": 3.1265949464919034
        },
        {
          "gain": 3.1746900938333558,
          "power": 0.000401452562678726,
          "snr": 40.4610275804206,
          "bits": 2.686841983945271
        },
        {
          "gain": 1.858720283816041,
          "power": 0.0003824296280274506,
          "snr": 13.21233594269371,