{
  "sacrifice_tuned_W5": {
    "initial_conc_max": 0.5224771042537515,
    "dominant_mode_sacrifice": {
      "rate": -0.31808480847956516,
      "overlap": 0.752842377326599
    },
    "sacrifice": {
      "auc_2": 0.5270782784961715,
      "auc_10": 1.115249145609453,
      "auc_30": 1.1640477588726934,
      "dominant_mode": {
        "rate": -0.31808480847956516,
        "overlap": 0.752842377326599
      }
    },
    "uniform": {
      "auc_2": 0.22926175982600608,
      "auc_10": 0.24545150372389665,
      "auc_30": 0.24545159472487085,
      "dominant_mode": {
        "rate": -2.0865210482041774,
        "overlap": 0.4927483496580766
      }
    }
  },
  "W4_sites_1234": {
    "initial_conc_max": 0.49999999999999967,
    "dominant_mode_sacrifice": {
      "rate": -0.31808480847956516,
      "overlap": 0.6854009556709907
    },
    "sacrifice": {
      "auc_2": 0.5148826511031467,
      "auc_10": 1.0913496401842335,
      "auc_30": 1.1381677560708887,
      "dominant_mode": {
        "rate": -0.31808480847956516,
        "overlap": 0.6854009556709907
      }
    },
    "uniform": {
      "auc_2": 0.21869126832228045,
      "auc_10": 0.2345307736739837,
      "auc_30": 0.23453085910952595,
      "dominant_mode": {
        "rate": -2.0865210482041774,
        "overlap": 0.40046304831248025
      }
    }
  },
  "W2_sites_34": {
    "initial_conc_max": 0.9999999937348324,
    "dominant_mode_sacrifice": {
      "rate": -0.31808480847956516,
      "overlap": 0.43746834755694775
    },
    "sacrifice": {
      "auc_2": 0.536218683135986,
      "auc_10": 1.0176054789743445,
      "auc_30": 1.0564292921063532,
      "dominant_mode": {
        "rate": -0.31808480847956516,
        "overlap": 0.43746834755694775
      }
    },
    "uniform": {
      "auc_2": 0.27717278124496286,
      "auc_10": 0.30069564332817067,
      "auc_30": 0.30069578628907573,
      "dominant_mode": {
        "rate": -1.5022912914503677,
        "overlap": 0.7655373967495418
      }
    }
  },
  "W5_full": {
    "initial_conc_max": 0.3999999999999998,
    "dominant_mode_sacrifice": {
      "rate": -0.31808480847956516,
      "overlap": 0.3991888269337038
    },
    "sacrifice": {
      "auc_2": 0.44492249685964746,
      "auc_10": 0.8960381784670404,
      "auc_30": 0.9320476368172974,
      "dominant_mode": {
        "rate": -0.31808480847956516,
        "overlap": 0.3991888269337038
      }
    },
    "uniform": {
      "auc_2": 0.18943765836573676,
      "auc_10": 0.1924016683478271,
      "auc_30": 0.192401668514775,
      "dominant_mode": {
        "rate": -2.0865210482041774,
        "overlap": 0.7119343081110758
      }
    }
  },
  "W2_sites_23": {
    "initial_conc_max": 0.9999999937348324,
    "dominant_mode_sacrifice": {
      "rate": -0.5739423285830689,
      "overlap": 0.19092548130958398
    },
    "sacrifice": {
      "auc_2": 0.41525292461888724,
      "auc_10": 0.751530676474428,
      "auc_30": 0.7737758276284842,
      "dominant_mode": {
        "rate": -0.5739423285830689,
        "overlap": 0.19092548130958398
      }
    },
    "uniform": {
      "auc_2": 0.22649377435636747,
      "auc_10": 0.23751101135686425,
      "auc_30": 0.2375110655817504,
      "dominant_mode": {
        "rate": -1.6276340588513756,
        "overlap": 0.191777501700826
      }
    }
  },
  "W4_sites_0123": {
    "initial_conc_max": 0.49999999999999967,
    "dominant_mode_sacrifice": {
      "rate": -3.194514569474271,
      "overlap": 0.4753879535656218
    },
    "sacrifice": {
      "auc_2": 0.37259371792129875,
      "auc_10": 0.649947543237117,
      "auc_30": 0.6655698280869448,
      "dominant_mode": {
        "rate": -3.194514569474271,
        "overlap": 0.4753879535656218
      }
    },
    "uniform": {
      "auc_2": 0.2186912624917403,
      "auc_10": 0.23453076784344373,
      "auc_30": 0.23453085327898518,
      "dominant_mode": {
        "rate": -2.0865210482041774,
        "overlap": 0.4004630483124814
      }
    }
  },
  "W2_sites_12": {
    "initial_conc_max": 0.9999999937348324,
    "dominant_mode_sacrifice": {
      "rate": -3.194514569474271,
      "overlap": 1.6785570989963117
    },
    "sacrifice": {
      "auc_2": 0.36326874586859065,
      "auc_10": 0.5585784682858004,
      "auc_30": 0.5639876024982172,
      "dominant_mode": {
        "rate": -3.194514569474271,
        "overlap": 1.6785570989963117
      }
    },
    "uniform": {
      "auc_2": 0.22649374340639267,
      "auc_10": 0.23751097055658296,
      "auc_30": 0.2375110247814688,
      "dominant_mode": {
        "rate": -1.6276340588513756,
        "overlap": 0.191777501700826
      }
    }
  },
  "W2_sites_01": {
    "initial_conc_max": 0.9999999937348324,
    "dominant_mode_sacrifice": {
      "rate": -3.194514569474271,
      "overlap": 0.9120150027782921
    },
    "sacrifice": {
      "auc_2": 0.32117810115159784,
      "auc_10": 0.462029550794137,
      "auc_30": 0.4709917133384452,
      "dominant_mode": {
        "rate": -3.194514569474271,
        "overlap": 0.9120150027782921
      }
    },
    "uniform": {
      "auc_2": 0.2771727690316782,
      "auc_10": 0.3006956212082404,
      "auc_30": 0.30069576416914506,
      "dominant_mode": {
        "rate": -1.5022912914503677,
        "overlap": 0.765537396749543
      }
    }
  },
  "W5_plus_vacuum": {
    "initial_conc_max": 0.19999999881088565,
    "dominant_mode_sacrifice": {
      "rate": -0.1665250308590759,
      "overlap": 0.19154666315366023
    },
    "sacrifice": {
      "auc_2": 0.22246122016663544,
      "auc_10": 0.4480188782488067,
      "auc_30": 0.46602331900317706,
      "dominant_mode": {
        "rate": -0.1665250308590759,
        "overlap": 0.19154666315366023
      }
    },
    "uniform": {
      "auc_2": 0.09471881234226119,
      "auc_10": 0.09620081129332192,
      "auc_30": 0.09620081137679591,
      "dominant_mode": {
        "rate": -1.04326052410209,
        "overlap": 0.25322558001475276
      }
    }
  },
  "Bell_at_34": {
    "initial_conc_max": 0.9999999937348337,
    "dominant_mode_sacrifice": {
      "rate": -2.1069714985795684,
      "overlap": 1.7699737018747106
    },
    "sacrifice": {
      "auc_2": 0.14218344075202788,
      "auc_10": 0.14218344075202788,
      "auc_30": 0.14218344075202788,
      "dominant_mode": {
        "rate": -2.1069714985795684,
        "overlap": 1.7699737018747106
      }
    },
    "uniform": {
      "auc_2": 0.06109121428076662,
      "auc_10": 0.06109121428076662,
      "auc_30": 0.06109121428076662,
      "dominant_mode": {
        "rate": -1.3565722495114305,
        "overlap": 0.24651524373280856
      }
    }
  },
  "Bell_at_23": {
    "initial_conc_max": 0.9999999937348337,
    "dominant_mode_sacrifice": {
      "rate": -2.1069714985795684,
      "overlap": 0.1723587487727401
    },
    "sacrifice": {
      "auc_2": 0.10091249019399726,
      "auc_10": 0.10091249019399726,
      "auc_30": 0.10091249019399726,
      "dominant_mode": {
        "rate": -2.1069714985795684,
        "overlap": 0.1723587487727401
      }
    },
    "uniform": {
      "auc_2": 0.047437110836970955,
      "auc_10": 0.047437110836970955,
      "auc_30": 0.047437110836970955,
      "dominant_mode": {
        "rate": -2.3385197228757555,
        "overlap": 0.06683417909886072
      }
    }
  },
  "W5_2_far": {
    "initial_conc_max": 0.666666666666667,
    "dominant_mode_sacrifice": {
      "rate": -3.0681709898668337,
      "overlap": 0.9112170960756079
    },
    "sacrifice": {
      "auc_2": 0.08845655095683536,
      "auc_10": 0.08845655095683536,
      "auc_30": 0.08845655095683536,
      "dominant_mode": {
        "rate": -3.0681709898668337,
        "overlap": 0.9112170960756079
      }
    },
    "uniform": {
      "auc_2": 0.0734129368948814,
      "auc_10": 0.0734129368948814,
      "auc_30": 0.0734129368948814,
      "dominant_mode": {
        "rate": -2.4032314674109356,
        "overlap": 0.9561212928304422
      }
    }
  },