{
  "N": 5,
  "gamma_0": 0.05,
  "J": 1.0,
  "dJ": 0.01,
  "defect_bond": [
    0,
    1
  ],
  "results": {
    "A. (|vac>+|psi_1>)/sqrt(2) [PTF standard]": {
      "label": "A. (|vac>+|psi_1>)/sqrt(2) [PTF standard]",
      "c_1": 0.9222066561682798,
      "closure_plus": 0.009428650748746322,
      "closure_minus": -0.009015482374619277,
      "alpha_plus": [
        1.0100070215333026,
        1.0129013419041202,
        1.0018500059995465,
        0.9863658022565889,
        0.9985333161484803
      ],
      "alpha_minus": [
        0.9901367758040827,
        0.9875098672273732,
        0.9980889986575817,
        1.0140493083216267,
        1.001427812238601
      ],
      "rmse_plus_max": 0.00034932985102869104,
      "rmse_minus_max": 0.0003427891739441451
    },
    "B. (|vac>+|S_1>)/sqrt(2) [W+vac]": {
      "label": "B. (|vac>+|S_1>)/sqrt(2) [W+vac]",
      "c_1": 0.7588091584380008,
      "closure_plus": 0.8440604565860317,
      "closure_minus": 0.8288842734172717,
      "alpha_plus": [
        1.002055855553619,
        1.0027463483436831,
        2.310640140337337,
        1.0004860571051966,
        1.0012543712675561
      ],
      "alpha_minus": [
        0.9979703193963024,
        0.9972645745061222,
        2.3057141033945125,
        0.9995114028351222,
        0.9987542486680439
      ],
      "rmse_plus_max": 0.023712549965386766,
      "rmse_minus_max": 0.023625717583566835
    },
    "C. (|vac>+|S_2>)/sqrt(2)": {
      "label": "C. (|vac>+|S_2>)/sqrt(2)",
      "c_1": -0.2936386802299573,
      "closure_plus": 9.737411678263195,
      "closure_minus": 9.743284451867794,
      "alpha_plus": [
        6.737782972462862,
        6.78933797382439,
        8.082695425207008,
        6.793420940528418,
        6.743959817434967
      ],
      "alpha_minus": [
        6.753983283043011,
        6.801872005653269,
        8.086048351915878,
        6.797798706317716,
        6.747790680800489
      ],
      "rmse_plus_max": 0.020056640389136238,
      "rmse_minus_max": 0.01974979719816666
    },
    "D. (|vac>+|S_3>)/sqrt(2)": {
      "label": "D. (|vac>+|S_3>)/sqrt(2)",
      "c_1": -0.28559277936199834,
      "closure_plus": 9.738487948907807,
      "closure_minus": 9.744199804495047,
      "alpha_plus": [
        6.748347430640902,
        6.7778033435544245,
        8.09407363793708,
        6.782020931607071,
        6.7539665272201805
      ],
      "alpha_minus": [
        6.763874428993072,
        6.790134533413218,
        8.097280657816077,
        6.785892795553296,
        6.758216548055993
      ],
      "rmse_plus_max": 0.016340142287227934,
      "rmse_minus_max": 0.016378004366263677
    },
    "E. (|S_1>+|S_2>)/sqrt(2)": {
      "label": "E. (|S_1>+|S_2>)/sqrt(2)",
      "c_1": 1.5903058618340795,
      "closure_plus": 0.01596377511294155,
      "closure_minus": -0.01584234212374004,
      "alpha_plus": [
        1.0061111886565082,
        1.0061840437636218,
        1.0017269273733729,
        1.0025151703165063,
        0.9994688735867571
      ],
      "alpha_minus": [
        0.9941047243372187,
        0.9938826757099097,
        0.998289152578442,
        0.9974804285105323,
        1.0004416520956698
      ],
      "rmse_plus_max": 0.0006487084072130716,
      "rmse_minus_max": 0.0006464894772730201
    },
    "F. (|S_2>+|S_3>)/sqrt(2)": {
      "label": "F. (|S_2>+|S_3>)/sqrt(2)",
      "c_1": 1.327176979854343,
      "closure_plus": 0.013358627530634333,
      "closure_minus": -0.013184912066452526,
      "alpha_plus": [
        1.0024479015914072,
        1.0049334472796978,
        1.000639589806105,
        1.0041223218130144,
        1.0012399338677778
      ],
      "alpha_minus": [
        0.9975471869013441,
        0.9951022172772291,
        0.9994856269619944,
        0.9959011797336503,
        0.9988031958443708
      ],
      "rmse_plus_max": 0.0005021504056484402,
      "rmse_minus_max": 0.0005131638130275069
    },
    "G. |+>^N": {
      "label": "G. |+>^N",
      "c_1": 0.15800419772604712,
      "closure_plus": 8.46750277352585,
      "closure_minus": 8.464342689571328,
      "alpha_plus": [
        8.144052240716915,
        8.463770497174345,
        1.0014340445096654,
        8.46374780926506,
        8.14329625441971
      ],
      "alpha_minus": [
        8.142064465838445,
        8.463712892123496,
        0.9985447546927405,
        8.46373788781953,
        8.143144167572663
      ],
      "rmse_plus_max": 0.06456363653838161,
      "rmse_minus_max": 0.06502359811025422
    },
    "H. |S_1> pure (W_5)": {
      "label": "H. |S_1> pure (W_5)",
      "c_1": 0.3917001302167433,
      "closure_plus": 3.3600945532662942,
      "closure_minus": 3.3522605506619594,
      "alpha_plus": [
        1.0020565118495777,
        3.532158631463309,
        2.298941042409097,
        3.533614620148234,
        1.0013619660742932
      ],
      "alpha_minus": [
        0.9979742602930421,
        3.536947191201182,
        2.2921929181252247,
        3.53552788530913,
        0.998653687543152
      ],
      "rmse_plus_max": 0.05780272747368311,
      "rmse_minus_max": 0.05798173220507609
    },
    "I. |S_2> pure": {
      "label": "I. |S_2> pure",
      "c_1": -0.31157489696456153,
      "closure_plus": 9.739008817783615,
      "closure_minus": 9.745240315722906,
      "alpha_plus": [
        6.7200556516710925,
        6.819104431347656,
        8.067413930044374,
        6.822262834046049,
        6.727206977685079
      ],
      "alpha_minus": [
        6.737418644299698,
        6.831650142020873,
        8.070871882398729,
        6.828601370194622,
        6.730273734331134
      ],
      "rmse_plus_max": 0.018440660197784436,
      "rmse_minus_max": 0.017710713779379682
    },
    "J. |S_3> pure": {
      "label": "J. |S_3> pure",
      "c_1": -0.31157489715401,
      "closure_plus": 9.739008817780228,
      "closure_minus": 9.745240315723308,
      "alpha_plus": [
        6.720055651667673,
        6.8191044313493325,
        8.06741393004387,
        6.822262834028631,
        6.727206977681656
      ],
      "alpha_minus": [
        6.737418644297071,
        6.831650142022123,
        8.070871882398256,
        6.8286013701928665,
        6.730273734337371
      ],
      "rmse_plus_max": 0.018440660197862356,
      "rmse_minus_max": 0.017710713779455226
    },
    "K. (|vac>+|S_1>+|S_2>)/sqrt(3)": {
      "label": "K. (|vac>+|S_1>+|S_2>)/sqrt(3)",
      "c_1": 1.4480885086629047,
      "closure_plus": 0.014458544406540638,
      "closure_minus": -0.014503225766717458,
      "alpha_plus": [
        1.0050016353005138,
        1.003436165862275,
        1.0006330807317756,
        1.002543737358713,
        1.0028698221209784
      ],
      "alpha_minus": [
        0.994975542659404,
        0.9965301770989136,
        0.9993549577494502,
        0.9975198687824173,
        0.9971423065180128
      ],
      "rmse_plus_max": 0.0006629113142530158,
      "rmse_minus_max": 0.0006706809600259358
    },
    "L. (|vac>+|S_4>)/sqrt(2) [Pi partner of C?]": {
      "label": "L. (|vac>+|S_4>)/sqrt(2) [Pi partner of C?]",
      "c_1": 0.2177046083427836,
      "closure_plus": 4.602521695831766,
      "closure_minus": 4.59816760366491,
      "alpha_plus": [
        1.001761163939133,
        3.532736778287977,
        7.962534790179343,
        3.5340729861332143,
        1.001491914477892
      ],
      "alpha_minus": [
        0.9982652595540579,
        3.5374348886096607,
        7.96405226463812,
        3.5361373895687294,
        0.9985301277556203
      ],
      "rmse_plus_max": 0.019776101069110322,
      "rmse_minus_max": 0.020058415868450453
    },
    "M. |S_4> pure": {
      "label": "M. |S_4> pure",
      "c_1": 0.391700129577055,
      "closure_plus": 3.3600945532586515,
      "closure_minus": 3.3522605506671104,
      "alpha_plus": [
        1.0020565118495501,
        3.5321586314366287,
        2.2989410424090604,
        3.53361462014802,
        1.0013619660743076
      ],