{
  "N": 5,
  "TopologyName": "chain (4 bonds)",
  "TotalWallSeconds": 2.7451016902923584,
  "ComputeSpectrumWallSeconds": 2.6015655994415283,
  "MaxPairingDistance": 6.951791728954307e-15,
  "MeanPairingDistance": 1.981068749163229e-15,
  "MedianPairingDistance": 1.8134790938225405e-15,
  "P99PairingDistance": 6.107556215370732e-15,
  "MinPairingDistance": 0.0,
  "OutlierPairCount": 0,
  "SpectrumSize": 1024,
  "MinReal": -0.5000000000000019,
  "MaxReal": 4.839954641395171e-16,
  "MinImag": -0.3659857816647505,
  "MaxImag": 0.365985781664751,
  "DissipationGap": 0.013351948341480518,
  "KernelDimension": 6,
  "PureImaginaryCount": 0,
  "RealEigenvalueCount": 144,
  "DistinctBinnedEigenvalueCount": 488,
  "JValue": 0.125,
  "GammaValue": 0.05,
  "SigmaShift": -0.5,
  "ComputedBy": "python_dense_eig_anchor",
  "Q": 2.5,
  "QLabel": "Endpoint orbit"
}