{
  "N": 6,
  "TopologyName": "chain (5 bonds)",
  "TotalWallSeconds": 38.90128254890442,
  "ComputeSpectrumWallSeconds": 36.3960223197937,
  "MaxPairingDistance": 1.3237001829924862e-14,
  "MeanPairingDistance": 2.850025479118834e-15,
  "MedianPairingDistance": 2.4993891989072927e-15,
  "P99PairingDistance": 8.78660164652195e-15,
  "MinPairingDistance": 4.163336342344337e-17,
  "OutlierPairCount": 0,
  "SpectrumSize": 4096,
  "MinReal": -0.6,
  "MaxReal": 6.201224951562841e-16,
  "MinImag": -0.32420328989735,
  "MaxImag": 0.32420328989734876,
  "DissipationGap": 0.004650527014741992,
  "KernelDimension": 7,
  "PureImaginaryCount": 0,
  "RealEigenvalueCount": 356,
  "DistinctBinnedEigenvalueCount": 2207,
  "JValue": 0.08660254037844387,
  "GammaValue": 0.05,
  "SigmaShift": -0.6000000000000001,
  "ComputedBy": "python_dense_eig_anchor",
  "Q": 1.7320508075688772,
  "QLabel": "canonical \u03b8=60\u00b0"
}