{
  "N": 5,
  "TopologyName": "chain (4 bonds)",
  "TotalWallSeconds": 1.9504523277282715,
  "ComputeSpectrumWallSeconds": 1.8100719451904297,
  "MaxPairingDistance": 8.055293265570088e-15,
  "MeanPairingDistance": 1.460746954230785e-15,
  "MedianPairingDistance": 1.1600104950093032e-15,
  "P99PairingDistance": 5.791571189064494e-15,
  "MinPairingDistance": 0.0,
  "OutlierPairCount": 0,
  "SpectrumSize": 1024,
  "MinReal": -0.5000000000000044,
  "MaxReal": 0.0,
  "MinImag": -0.07319715633294993,
  "MaxImag": 0.07319715633295076,
  "DissipationGap": 0.0005932912693035743,
  "KernelDimension": 6,
  "PureImaginaryCount": 0,
  "RealEigenvalueCount": 168,
  "DistinctBinnedEigenvalueCount": 488,
  "JValue": 0.025,
  "GammaValue": 0.05,
  "SigmaShift": -0.5,
  "ComputedBy": "python_dense_eig_anchor",
  "Q": 0.5,
  "QLabel": "sub-balance"
}