{
  "N": 4,
  "TopologyName": "chain (3 bonds)",
  "TotalWallSeconds": 0.22040152549743652,
  "ComputeSpectrumWallSeconds": 0.21237802505493164,
  "MaxPairingDistance": 3.904429657102506e-15,
  "MeanPairingDistance": 1.0028291507073336e-15,
  "MedianPairingDistance": 9.248718982733314e-16,
  "P99PairingDistance": 3.331405367569674e-15,
  "MinPairingDistance": 3.6750840673989824e-17,
  "OutlierPairCount": 0,
  "SpectrumSize": 256,
  "MinReal": -0.4,
  "MaxReal": 6.995395069989852e-17,
  "MinImag": -0.11830127018922232,
  "MaxImag": 0.11830127018922215,
  "DissipationGap": 0.0035855726111938932,
  "KernelDimension": 5,
  "PureImaginaryCount": 0,
  "RealEigenvalueCount": 72,
  "DistinctBinnedEigenvalueCount": 127,
  "JValue": 0.05,
  "GammaValue": 0.05,
  "SigmaShift": -0.4,
  "ComputedBy": "python_dense_eig_anchor",
  "Q": 1.0,
  "QLabel": "Balance"
}