{
  "N": 4,
  "TopologyName": "chain (3 bonds)",
  "TotalWallSeconds": 0.25214505195617676,
  "ComputeSpectrumWallSeconds": 0.24314594268798828,
  "MaxPairingDistance": 3.553548141085841e-15,
  "MeanPairingDistance": 1.0131218875198322e-15,
  "MedianPairingDistance": 8.782000925740597e-16,
  "P99PairingDistance": 3.3872358248538727e-15,
  "MinPairingDistance": 0.0,
  "OutlierPairCount": 0,
  "SpectrumSize": 256,
  "MinReal": -0.40000000000000174,
  "MaxReal": 8.462404958418064e-17,
  "MinImag": -0.20490381056766613,
  "MaxImag": 0.20490381056766654,
  "DissipationGap": 0.010375466498973805,
  "KernelDimension": 5,
  "PureImaginaryCount": 0,
  "RealEigenvalueCount": 72,
  "DistinctBinnedEigenvalueCount": 127,
  "JValue": 0.08660254037844387,
  "GammaValue": 0.05,
  "SigmaShift": -0.4,
  "ComputedBy": "python_dense_eig_anchor",
  "Q": 1.7320508075688772,
  "QLabel": "canonical \u03b8=60\u00b0"
}