{
  "N": 4,
  "TopologyName": "chain (3 bonds)",
  "TotalWallSeconds": 0.22481632232666016,
  "ComputeSpectrumWallSeconds": 0.21682453155517578,
  "MaxPairingDistance": 6.553803566419453e-15,
  "MeanPairingDistance": 9.160468300286563e-16,
  "MedianPairingDistance": 6.768281740438601e-16,
  "P99PairingDistance": 4.6713665759941334e-15,
  "MinPairingDistance": 0.0,
  "OutlierPairCount": 0,
  "SpectrumSize": 256,
  "MinReal": -0.4000000000000019,
  "MaxReal": 2.292924916587799e-16,
  "MinImag": -0.17745190528383298,
  "MaxImag": 0.17745190528383356,
  "DissipationGap": 0.007881839886194692,
  "KernelDimension": 5,
  "PureImaginaryCount": 0,
  "RealEigenvalueCount": 72,
  "DistinctBinnedEigenvalueCount": 127,
  "JValue": 0.07500000000000001,
  "GammaValue": 0.05,
  "SigmaShift": -0.4,
  "ComputedBy": "python_dense_eig_anchor",
  "Q": 1.5,
  "QLabel": "F86 Q_peak c=2"
}