{
  "N": 6,
  "TopologyName": "chain (5 bonds)",
  "TotalWallSeconds": 38.56347131729126,
  "ComputeSpectrumWallSeconds": 36.02419924736023,
  "MaxPairingDistance": 8.094808918407011e-14,
  "MeanPairingDistance": 2.8627738093813475e-15,
  "MedianPairingDistance": 2.385303394018955e-15,
  "P99PairingDistance": 8.293570970709338e-15,
  "MinPairingDistance": 1.1795603003780054e-17,
  "OutlierPairCount": 0,
  "SpectrumSize": 4096,
  "MinReal": -0.6000000000000026,
  "MaxReal": 2.513493237012653e-16,
  "MinImag": -0.28076828504159485,
  "MaxImag": 0.2807682850415954,
  "DissipationGap": 0.003548488023727777,
  "KernelDimension": 7,
  "PureImaginaryCount": 0,
  "RealEigenvalueCount": 364,
  "DistinctBinnedEigenvalueCount": 2207,
  "JValue": 0.07500000000000001,
  "GammaValue": 0.05,
  "SigmaShift": -0.6000000000000001,
  "ComputedBy": "python_dense_eig_anchor",
  "Q": 1.5,
  "QLabel": "F86 Q_peak c=2"
}