{
  "N": 3,
  "TopologyName": "chain (2 bonds)",
  "TotalWallSeconds": 0.0009999275207519531,
  "ComputeSpectrumWallSeconds": 0.0,
  "MaxPairingDistance": 1.1247739718973426e-15,
  "MeanPairingDistance": 2.6312728863711676e-16,
  "MedianPairingDistance": 1.8102451061359323e-16,
  "P99PairingDistance": 1.1160362634768723e-15,
  "MinPairingDistance": 0.0,
  "OutlierPairCount": 0,
  "SpectrumSize": 64,
  "MinReal": -0.30000000000000004,
  "MaxReal": 0.0,
  "MinImag": -0.03749999999999999,
  "MaxImag": 0.037500000000000075,
  "DissipationGap": 0.0015686762737775622,
  "KernelDimension": 4,
  "PureImaginaryCount": 0,
  "RealEigenvalueCount": 32,
  "DistinctBinnedEigenvalueCount": 26,
  "JValue": 0.025,
  "GammaValue": 0.05,
  "SigmaShift": -0.30000000000000004,
  "ComputedBy": "python_dense_eig_anchor",
  "Q": 0.5,
  "QLabel": "sub-balance"
}