{
  "N": 5,
  "TopologyName": "chain (4 bonds)",
  "TotalWallSeconds": 2.6890671253204346,
  "ComputeSpectrumWallSeconds": 2.5355515480041504,
  "MaxPairingDistance": 6.920014738822796e-15,
  "MeanPairingDistance": 1.7053883003795372e-15,
  "MedianPairingDistance": 1.4213652476834186e-15,
  "P99PairingDistance": 5.259087666023032e-15,
  "MinPairingDistance": 1.3877787807814457e-17,
  "OutlierPairCount": 0,
  "SpectrumSize": 1024,
  "MinReal": -0.5000000000000046,
  "MaxReal": 4.583609065491514e-16,
  "MinImag": -0.1463943126659003,
  "MaxImag": 0.1463943126659011,
  "DissipationGap": 0.002334021028883384,
  "KernelDimension": 6,
  "PureImaginaryCount": 0,
  "RealEigenvalueCount": 168,
  "DistinctBinnedEigenvalueCount": 488,
  "JValue": 0.05,
  "GammaValue": 0.05,
  "SigmaShift": -0.5,
  "ComputedBy": "python_dense_eig_anchor",
  "Q": 1.0,
  "QLabel": "Balance"
}