{
  "N": 5,
  "TopologyName": "chain (4 bonds)",
  "TotalWallSeconds": 2.7102718353271484,
  "ComputeSpectrumWallSeconds": 2.5557096004486084,
  "MaxPairingDistance": 7.836420099956501e-15,
  "MeanPairingDistance": 1.7223882655334156e-15,
  "MedianPairingDistance": 1.469940099785093e-15,
  "P99PairingDistance": 6.7437457464749095e-15,
  "MinPairingDistance": 0.0,
  "OutlierPairCount": 0,
  "SpectrumSize": 1024,
  "MinReal": -0.5000000000000002,
  "MaxReal": 3.4123477721899103e-16,
  "MinImag": -0.2927886253318005,
  "MaxImag": 0.2927886253318021,
  "DissipationGap": 0.008836688791536281,
  "KernelDimension": 6,
  "PureImaginaryCount": 0,
  "RealEigenvalueCount": 152,
  "DistinctBinnedEigenvalueCount": 488,
  "JValue": 0.1,
  "GammaValue": 0.05,
  "SigmaShift": -0.5,
  "ComputedBy": "python_dense_eig_anchor",
  "Q": 2.0,
  "QLabel": "Q_EP idealized"
}