{
  "N": 6,
  "TopologyName": "chain (5 bonds)",
  "TotalWallSeconds": 36.82927131652832,
  "ComputeSpectrumWallSeconds": 34.2403666973114,
  "MaxPairingDistance": 1.2928415115225334e-14,
  "MeanPairingDistance": 2.9642467478771495e-15,
  "MedianPairingDistance": 2.6103524940593826e-15,
  "P99PairingDistance": 8.669086486527598e-15,
  "MinPairingDistance": 4.573926983748975e-17,
  "OutlierPairCount": 0,
  "SpectrumSize": 4096,
  "MinReal": -0.6000000000000032,
  "MaxReal": 1.2898775040242388e-15,
  "MinImag": -0.46794714173599256,
  "MaxImag": 0.4679471417359953,
  "DissipationGap": 0.009082356273882786,
  "KernelDimension": 7,
  "PureImaginaryCount": 0,
  "RealEigenvalueCount": 314,
  "DistinctBinnedEigenvalueCount": 2207,
  "JValue": 0.125,
  "GammaValue": 0.05,
  "SigmaShift": -0.6000000000000001,
  "ComputedBy": "python_dense_eig_anchor",
  "Q": 2.5,
  "QLabel": "Endpoint orbit"
}