{
  "N": 4,
  "TopologyName": "chain (3 bonds)",
  "TotalWallSeconds": 0.16240525245666504,
  "ComputeSpectrumWallSeconds": 0.15433716773986816,
  "MaxPairingDistance": 3.0541104872055065e-15,
  "MeanPairingDistance": 9.936936918131665e-16,
  "MedianPairingDistance": 9.215272179582449e-16,
  "P99PairingDistance": 2.9822716984172073e-15,
  "MinPairingDistance": 0.0,
  "OutlierPairCount": 0,
  "SpectrumSize": 256,
  "MinReal": -0.4000000000000008,
  "MaxReal": 1.9279405706561806e-16,
  "MinImag": -0.2957531754730545,
  "MaxImag": 0.2957531754730557,
  "DissipationGap": 0.02061377164555399,
  "KernelDimension": 5,
  "PureImaginaryCount": 0,
  "RealEigenvalueCount": 64,
  "DistinctBinnedEigenvalueCount": 127,
  "JValue": 0.125,
  "GammaValue": 0.05,
  "SigmaShift": -0.4,
  "ComputedBy": "python_dense_eig_anchor",
  "Q": 2.5,
  "QLabel": "Endpoint orbit"
}