{
  "N": 3,
  "TopologyName": "chain (2 bonds)",
  "TotalWallSeconds": 0.0,
  "ComputeSpectrumWallSeconds": 0.0,
  "MaxPairingDistance": 1.2815744444133687e-15,
  "MeanPairingDistance": 4.130824615229116e-16,
  "MedianPairingDistance": 3.4709286787528535e-16,
  "P99PairingDistance": 1.2815744444133687e-15,
  "MinPairingDistance": 0.0,
  "OutlierPairCount": 0,
  "SpectrumSize": 64,
  "MinReal": -0.30000000000000066,
  "MaxReal": 2.9741596403158417e-17,
  "MinImag": -0.1875000000000001,
  "MaxImag": 0.18750000000000094,
  "DissipationGap": 0.0448614248489178,
  "KernelDimension": 4,
  "PureImaginaryCount": 0,
  "RealEigenvalueCount": 32,
  "DistinctBinnedEigenvalueCount": 26,
  "JValue": 0.125,
  "GammaValue": 0.05,
  "SigmaShift": -0.30000000000000004,
  "ComputedBy": "python_dense_eig_anchor",
  "Q": 2.5,
  "QLabel": "Endpoint orbit"
}