{
  "N": 6,
  "TopologyName": "chain (5 bonds)",
  "TotalWallSeconds": 40.318784952163696,
  "ComputeSpectrumWallSeconds": 37.71346879005432,
  "MaxPairingDistance": 1.2014521720765494e-14,
  "MeanPairingDistance": 2.4247601076409213e-15,
  "MedianPairingDistance": 1.9737045357968068e-15,
  "P99PairingDistance": 7.995603687161707e-15,
  "MinPairingDistance": 1.369112292206329e-17,
  "OutlierPairCount": 0,
  "SpectrumSize": 4096,
  "MinReal": -0.6000000000000036,
  "MaxReal": 5.715771754616835e-16,
  "MinImag": -0.09358942834719969,
  "MaxImag": 0.09358942834719874,
  "DissipationGap": 0.00041554381493969547,
  "KernelDimension": 7,
  "PureImaginaryCount": 0,
  "RealEigenvalueCount": 332,
  "DistinctBinnedEigenvalueCount": 2207,
  "JValue": 0.025,
  "GammaValue": 0.05,
  "SigmaShift": -0.6000000000000001,
  "ComputedBy": "python_dense_eig_anchor",
  "Q": 0.5,
  "QLabel": "sub-balance"
}