{
  "N": 3,
  "TopologyName": "chain (2 bonds)",
  "TotalWallSeconds": 0.0,
  "ComputeSpectrumWallSeconds": 0.0,
  "MaxPairingDistance": 1.0502013175726055e-15,
  "MeanPairingDistance": 2.585248918086617e-16,
  "MedianPairingDistance": 2.1600181050745334e-16,
  "P99PairingDistance": 1.041800825640547e-15,
  "MinPairingDistance": 0.0,
  "OutlierPairCount": 0,
  "SpectrumSize": 64,
  "MinReal": -0.3000000000000009,
  "MaxReal": 3.540463142271144e-17,
  "MinImag": -0.11250000000000003,
  "MaxImag": 0.11250000000000006,
  "DissipationGap": 0.014618486491176143,
  "KernelDimension": 4,
  "PureImaginaryCount": 0,
  "RealEigenvalueCount": 32,
  "DistinctBinnedEigenvalueCount": 26,
  "JValue": 0.07500000000000001,
  "GammaValue": 0.05,
  "SigmaShift": -0.30000000000000004,
  "ComputedBy": "python_dense_eig_anchor",
  "Q": 1.5,
  "QLabel": "F86 Q_peak c=2"
}