{
  "N": 4,
  "TopologyName": "chain (3 bonds)",
  "TotalWallSeconds": 0.17206573486328125,
  "ComputeSpectrumWallSeconds": 0.16106605529785156,
  "MaxPairingDistance": 2.9774910171259084e-15,
  "MeanPairingDistance": 8.738812851463987e-16,
  "MedianPairingDistance": 6.459486869399447e-16,
  "P99PairingDistance": 2.899364104153435e-15,
  "MinPairingDistance": 3.642919299551295e-17,
  "OutlierPairCount": 0,
  "SpectrumSize": 256,
  "MinReal": -0.4000000000000002,
  "MaxReal": 1.7123396846748694e-16,
  "MinImag": -0.05915063509461152,
  "MaxImag": 0.05915063509461148,
  "DissipationGap": 0.0009103251654675067,
  "KernelDimension": 5,
  "PureImaginaryCount": 0,
  "RealEigenvalueCount": 72,
  "DistinctBinnedEigenvalueCount": 127,
  "JValue": 0.025,
  "GammaValue": 0.05,
  "SigmaShift": -0.4,
  "ComputedBy": "python_dense_eig_anchor",
  "Q": 0.5,
  "QLabel": "sub-balance"
}