{
  "N": 6,
  "TopologyName": "chain (5 bonds)",
  "TotalWallSeconds": 38.67887210845947,
  "ComputeSpectrumWallSeconds": 36.11596918106079,
  "MaxPairingDistance": 1.4453646110518233e-14,
  "MeanPairingDistance": 2.500906724725375e-15,
  "MedianPairingDistance": 2.0552073658221526e-15,
  "P99PairingDistance": 8.656939673823681e-15,
  "MinPairingDistance": 1.3877787807814457e-17,
  "OutlierPairCount": 0,
  "SpectrumSize": 4096,
  "MinReal": -0.6000000000000063,
  "MaxReal": 1.3994611990825629e-15,
  "MinImag": -0.1871788566943968,
  "MaxImag": 0.18717885669439965,
  "DissipationGap": 0.0016275312753874559,
  "KernelDimension": 7,
  "PureImaginaryCount": 0,
  "RealEigenvalueCount": 340,
  "DistinctBinnedEigenvalueCount": 2207,
  "JValue": 0.05,
  "GammaValue": 0.05,
  "SigmaShift": -0.6000000000000001,
  "ComputedBy": "python_dense_eig_anchor",
  "Q": 1.0,
  "QLabel": "Balance"
}