{
  "N": 6,
  "TopologyName": "chain (5 bonds)",
  "TotalWallSeconds": 38.52694821357727,
  "ComputeSpectrumWallSeconds": 35.95623779296875,
  "MaxPairingDistance": 1.2941719840409429e-14,
  "MeanPairingDistance": 2.9765964748439047e-15,
  "MedianPairingDistance": 2.6090978736797736e-15,
  "P99PairingDistance": 8.994879469565473e-15,
  "MinPairingDistance": 7.43354817321137e-17,
  "OutlierPairCount": 0,
  "SpectrumSize": 4096,
  "MinReal": -0.6,
  "MaxReal": 2.2346839974335486e-16,
  "MinImag": -0.3743577133887956,
  "MaxImag": 0.3743577133887903,
  "DissipationGap": 0.006069213570478255,
  "KernelDimension": 7,
  "PureImaginaryCount": 0,
  "RealEigenvalueCount": 318,
  "DistinctBinnedEigenvalueCount": 2207,
  "JValue": 0.1,
  "GammaValue": 0.05,
  "SigmaShift": -0.6000000000000001,
  "ComputedBy": "python_dense_eig_anchor",
  "Q": 2.0,
  "QLabel": "Q_EP idealized"
}