{
  "N": 3,
  "TopologyName": "chain (2 bonds)",
  "TotalWallSeconds": 0.0,
  "ComputeSpectrumWallSeconds": 0.0,
  "MaxPairingDistance": 9.656786624298476e-16,
  "MeanPairingDistance": 3.038395252600233e-16,
  "MedianPairingDistance": 2.1138016631127878e-16,
  "P99PairingDistance": 9.629323545778263e-16,
  "MinPairingDistance": 0.0,
  "OutlierPairCount": 0,
  "SpectrumSize": 64,
  "MinReal": -0.30000000000000027,
  "MaxReal": 7.008180148371694e-17,
  "MinImag": -0.1299038105676658,
  "MaxImag": 0.1299038105676664,
  "DissipationGap": 0.019784450160050586,
  "KernelDimension": 4,
  "PureImaginaryCount": 0,
  "RealEigenvalueCount": 32,
  "DistinctBinnedEigenvalueCount": 26,
  "JValue": 0.08660254037844387,
  "GammaValue": 0.05,
  "SigmaShift": -0.30000000000000004,
  "ComputedBy": "python_dense_eig_anchor",
  "Q": 1.7320508075688772,
  "QLabel": "canonical \u03b8=60\u00b0"
}