{
  "N": 5,
  "TopologyName": "chain (4 bonds)",
  "TotalWallSeconds": 2.75712513923645,
  "ComputeSpectrumWallSeconds": 2.6236698627471924,
  "MaxPairingDistance": 6.530306561991892e-15,
  "MeanPairingDistance": 1.7559901758035033e-15,
  "MedianPairingDistance": 1.4955929541191295e-15,
  "P99PairingDistance": 5.3261380303823614e-15,
  "MinPairingDistance": 0.0,
  "OutlierPairCount": 0,
  "SpectrumSize": 1024,
  "MinReal": -0.5,
  "MaxReal": 4.809017861658007e-17,
  "MinImag": -0.2535623874764653,
  "MaxImag": 0.25356238747646254,
  "DissipationGap": 0.006739387343450525,
  "KernelDimension": 6,
  "PureImaginaryCount": 0,
  "RealEigenvalueCount": 176,
  "DistinctBinnedEigenvalueCount": 488,
  "JValue": 0.08660254037844387,
  "GammaValue": 0.05,
  "SigmaShift": -0.5,
  "ComputedBy": "python_dense_eig_anchor",
  "Q": 1.7320508075688772,
  "QLabel": "canonical \u03b8=60\u00b0"
}