{
  "N": 3,
  "TopologyName": "chain (2 bonds)",
  "TotalWallSeconds": 0.0009996891021728516,
  "ComputeSpectrumWallSeconds": 0.0,
  "MaxPairingDistance": 1.0073461016365608e-15,
  "MeanPairingDistance": 3.2050601167170407e-16,
  "MedianPairingDistance": 2.540319961636553e-16,
  "P99PairingDistance": 1.005178084831664e-15,
  "MinPairingDistance": 0.0,
  "OutlierPairCount": 0,
  "SpectrumSize": 64,
  "MinReal": -0.30000000000000004,
  "MaxReal": 0.0,
  "MinImag": -0.07499999999999998,
  "MaxImag": 0.07500000000000034,
  "DissipationGap": 0.00635256752895107,
  "KernelDimension": 4,
  "PureImaginaryCount": 0,
  "RealEigenvalueCount": 32,
  "DistinctBinnedEigenvalueCount": 26,
  "JValue": 0.05,
  "GammaValue": 0.05,
  "SigmaShift": -0.30000000000000004,
  "ComputedBy": "python_dense_eig_anchor",
  "Q": 1.0,
  "QLabel": "Balance"
}