{
  "N": 6,
  "TopologyName": "ring (6 bonds)",
  "TotalWallSeconds": 39.547629594802856,
  "ComputeSpectrumWallSeconds": 36.98746705055237,
  "MaxPairingDistance": 1.344112056616277e-14,
  "MeanPairingDistance": 2.839436156695086e-15,
  "MedianPairingDistance": 2.475775562314844e-15,
  "P99PairingDistance": 8.527439471869445e-15,
  "MinPairingDistance": 5.551115123125783e-17,
  "OutlierPairCount": 0,
  "SpectrumSize": 4096,
  "MinReal": -0.600000000000006,
  "MaxReal": 8.174399646386912e-16,
  "MinImag": -0.3726313009060706,
  "MaxImag": 0.37263130090607366,
  "DissipationGap": 0.017568035642020165,
  "KernelDimension": 7,
  "PureImaginaryCount": 0,
  "RealEigenvalueCount": 420,
  "DistinctBinnedEigenvalueCount": 1423,
  "JValue": 0.08660254037844387,
  "GammaValue": 0.05,
  "SigmaShift": -0.6000000000000001,
  "ComputedBy": "python_dense_eig_anchor",
  "Q": 1.7320508075688772,
  "QLabel": "canonical \u03b8=60\u00b0"
}