{
  "N": 5,
  "TopologyName": "ring (5 bonds)",
  "TotalWallSeconds": 2.60400128364563,
  "ComputeSpectrumWallSeconds": 2.4643499851226807,
  "MaxPairingDistance": 8.045910042169067e-15,
  "MeanPairingDistance": 1.7582061581047127e-15,
  "MedianPairingDistance": 1.4547204344654876e-15,
  "P99PairingDistance": 6.1026596089286264e-15,
  "MinPairingDistance": 2.7755575615628914e-17,
  "OutlierPairCount": 0,
  "SpectrumSize": 1024,
  "MinReal": -0.5000000000000026,
  "MaxReal": 3.5566522593043086e-16,
  "MinImag": -0.2700296644120744,
  "MaxImag": 0.27002966441207554,
  "DissipationGap": 0.024375504928812044,
  "KernelDimension": 6,
  "PureImaginaryCount": 0,
  "RealEigenvalueCount": 144,
  "DistinctBinnedEigenvalueCount": 276,
  "JValue": 0.08660254037844387,
  "GammaValue": 0.05,
  "SigmaShift": -0.5,
  "ComputedBy": "python_dense_eig_anchor",
  "Q": 1.7320508075688772,
  "QLabel": "canonical \u03b8=60\u00b0"
}