{
  "N": 6,
  "TopologyName": "ring (6 bonds)",
  "TotalWallSeconds": 41.085193395614624,
  "ComputeSpectrumWallSeconds": 38.4799690246582,
  "MaxPairingDistance": 1.2913274280062032e-14,
  "MeanPairingDistance": 2.45257127596564e-15,
  "MedianPairingDistance": 2.1210781103223385e-15,
  "P99PairingDistance": 8.338692148605734e-15,
  "MinPairingDistance": 2.0203712466582093e-17,
  "OutlierPairCount": 0,
  "SpectrumSize": 4096,
  "MinReal": -0.6000000000000061,
  "MaxReal": 7.745692596302616e-16,
  "MinImag": -0.1075693909433018,
  "MaxImag": 0.10756939094330113,
  "DissipationGap": 0.0015525776834548932,
  "KernelDimension": 7,
  "PureImaginaryCount": 0,
  "RealEigenvalueCount": 440,
  "DistinctBinnedEigenvalueCount": 1423,
  "JValue": 0.025,
  "GammaValue": 0.05,
  "SigmaShift": -0.6000000000000001,
  "ComputedBy": "python_dense_eig_anchor",
  "Q": 0.5,
  "QLabel": "sub-balance"
}