{
  "N": 3,
  "TopologyName": "ring (3 bonds)",
  "TotalWallSeconds": 0.0010004043579101562,
  "ComputeSpectrumWallSeconds": 0.0,
  "MaxPairingDistance": 1.8926467027346426e-15,
  "MeanPairingDistance": 3.7521684767531673e-16,
  "MedianPairingDistance": 2.8243791468089427e-16,
  "P99PairingDistance": 1.8893681854789337e-15,
  "MinPairingDistance": 0.0,
  "OutlierPairCount": 0,
  "SpectrumSize": 64,
  "MinReal": -0.300000000000001,
  "MaxReal": 4.1087776017621934e-19,
  "MinImag": -0.037500000000000255,
  "MaxImag": 0.03750000000000012,
  "DissipationGap": 0.004743049817503181,
  "KernelDimension": 4,
  "PureImaginaryCount": 0,
  "RealEigenvalueCount": 32,
  "DistinctBinnedEigenvalueCount": 14,
  "JValue": 0.025,
  "GammaValue": 0.05,
  "SigmaShift": -0.30000000000000004,
  "ComputedBy": "python_dense_eig_anchor",
  "Q": 0.5,
  "QLabel": "sub-balance"
}