{
  "N": 5,
  "TopologyName": "ring (5 bonds)",
  "TotalWallSeconds": 2.9370572566986084,
  "ComputeSpectrumWallSeconds": 2.7970335483551025,
  "MaxPairingDistance": 6.5512566446965486e-15,
  "MeanPairingDistance": 1.9006667149949e-15,
  "MedianPairingDistance": 1.6783510282092634e-15,
  "P99PairingDistance": 5.334086474784537e-15,
  "MinPairingDistance": 0.0,
  "OutlierPairCount": 0,
  "SpectrumSize": 1024,
  "MinReal": -0.5000000000000044,
  "MaxReal": 2.319635663889921e-16,
  "MinImag": -0.3897542485937395,
  "MaxImag": 0.3897542485937393,
  "DissipationGap": 0.04656431733193961,
  "KernelDimension": 6,
  "PureImaginaryCount": 0,
  "RealEigenvalueCount": 144,
  "DistinctBinnedEigenvalueCount": 276,
  "JValue": 0.125,
  "GammaValue": 0.05,
  "SigmaShift": -0.5,
  "ComputedBy": "python_dense_eig_anchor",
  "Q": 2.5,
  "QLabel": "Endpoint orbit"
}