{
  "N": 4,
  "TopologyName": "ring (4 bonds)",
  "TotalWallSeconds": 0.16413402557373047,
  "ComputeSpectrumWallSeconds": 0.1561269760131836,
  "MaxPairingDistance": 4.702747998499123e-15,
  "MeanPairingDistance": 8.939436795625145e-16,
  "MedianPairingDistance": 7.402209596993107e-16,
  "P99PairingDistance": 3.211291311485374e-15,
  "MinPairingDistance": 0.0,
  "OutlierPairCount": 0,
  "SpectrumSize": 256,
  "MinReal": -0.4000000000000015,
  "MaxReal": 1.4617896337997378e-16,
  "MinImag": -0.3750000000000006,
  "MaxImag": 0.37500000000000194,
  "DissipationGap": 0.051032361438663944,
  "KernelDimension": 5,
  "PureImaginaryCount": 0,
  "RealEigenvalueCount": 62,
  "DistinctBinnedEigenvalueCount": 73,
  "JValue": 0.125,
  "GammaValue": 0.05,
  "SigmaShift": -0.4,
  "ComputedBy": "python_dense_eig_anchor",
  "Q": 2.5,
  "QLabel": "Endpoint orbit"
}