{
  "N": 3,
  "TopologyName": "ring (3 bonds)",
  "TotalWallSeconds": 0.0009918212890625,
  "ComputeSpectrumWallSeconds": 0.0009918212890625,
  "MaxPairingDistance": 1.0557152456652959e-15,
  "MeanPairingDistance": 4.089180297121294e-16,
  "MedianPairingDistance": 3.5784024053732814e-16,
  "P99PairingDistance": 1.0437809281339564e-15,
  "MinPairingDistance": 0.0,
  "OutlierPairCount": 0,
  "SpectrumSize": 64,
  "MinReal": -0.3000000000000011,
  "MaxReal": 1.896171218376467e-17,
  "MinImag": -0.18750000000000006,
  "MaxImag": 0.1875000000000006,
  "DissipationGap": 0.09999999999999978,
  "KernelDimension": 4,
  "PureImaginaryCount": 0,
  "RealEigenvalueCount": 32,
  "DistinctBinnedEigenvalueCount": 14,
  "JValue": 0.125,
  "GammaValue": 0.05,
  "SigmaShift": -0.30000000000000004,
  "ComputedBy": "python_dense_eig_anchor",
  "Q": 2.5,
  "QLabel": "Endpoint orbit"
}