{
  "N": 4,
  "TopologyName": "ring (4 bonds)",
  "TotalWallSeconds": 0.18993377685546875,
  "ComputeSpectrumWallSeconds": 0.1819300651550293,
  "MaxPairingDistance": 3.01426062337702e-15,
  "MeanPairingDistance": 8.161772157289103e-16,
  "MedianPairingDistance": 7.083278472516228e-16,
  "P99PairingDistance": 2.724030207491921e-15,
  "MinPairingDistance": 0.0,
  "OutlierPairCount": 0,
  "SpectrumSize": 256,
  "MinReal": -0.4000000000000029,
  "MaxReal": 1.9721044083670657e-16,
  "MinImag": -0.2598076211353319,
  "MaxImag": 0.25980762113533173,
  "DissipationGap": 0.030514676380788554,
  "KernelDimension": 5,
  "PureImaginaryCount": 0,
  "RealEigenvalueCount": 80,
  "DistinctBinnedEigenvalueCount": 71,
  "JValue": 0.08660254037844387,
  "GammaValue": 0.05,
  "SigmaShift": -0.4,
  "ComputedBy": "python_dense_eig_anchor",
  "Q": 1.7320508075688772,
  "QLabel": "canonical \u03b8=60\u00b0"
}