{
  "N": 4,
  "TopologyName": "ring (4 bonds)",
  "TotalWallSeconds": 0.2268993854522705,
  "ComputeSpectrumWallSeconds": 0.21889925003051758,
  "MaxPairingDistance": 2.6908649300943364e-09,
  "MeanPairingDistance": 8.778775846640302e-11,
  "MedianPairingDistance": 6.99922078062568e-16,
  "P99PairingDistance": 2.6908641453249146e-09,
  "MinPairingDistance": 0.0,
  "OutlierPairCount": 16,
  "SpectrumSize": 256,
  "MinReal": -0.400000000000001,
  "MaxReal": 3.4388652985154657e-16,
  "MinImag": -0.30000000000000054,
  "MaxImag": 0.300000000000001,
  "DissipationGap": 0.03794451356009903,
  "KernelDimension": 5,
  "PureImaginaryCount": 0,
  "RealEigenvalueCount": 74,
  "DistinctBinnedEigenvalueCount": 83,
  "JValue": 0.1,
  "GammaValue": 0.05,
  "SigmaShift": -0.4,
  "ComputedBy": "python_dense_eig_anchor",
  "Q": 2.0,
  "QLabel": "Q_EP idealized"
}