{
  "N": 3,
  "TopologyName": "ring (3 bonds)",
  "TotalWallSeconds": 0.0010018348693847656,
  "ComputeSpectrumWallSeconds": 0.0,
  "MaxPairingDistance": 1.0638028178764803e-15,
  "MeanPairingDistance": 2.343490715326799e-16,
  "MedianPairingDistance": 1.6533600079503993e-16,
  "P99PairingDistance": 1.0638028178764803e-15,
  "MinPairingDistance": 0.0,
  "OutlierPairCount": 0,
  "SpectrumSize": 64,
  "MinReal": -0.3000000000000008,
  "MaxReal": 1.0747439938136146e-16,
  "MinImag": -0.1500000000000008,
  "MaxImag": 0.1500000000000004,
  "DissipationGap": 0.08278053815582424,
  "KernelDimension": 4,
  "PureImaginaryCount": 0,
  "RealEigenvalueCount": 32,
  "DistinctBinnedEigenvalueCount": 14,
  "JValue": 0.1,
  "GammaValue": 0.05,
  "SigmaShift": -0.30000000000000004,
  "ComputedBy": "python_dense_eig_anchor",
  "Q": 2.0,
  "QLabel": "Q_EP idealized"
}