{
  "N": 4,
  "TopologyName": "ring (4 bonds)",
  "TotalWallSeconds": 0.20113301277160645,
  "ComputeSpectrumWallSeconds": 0.1941237449645996,
  "MaxPairingDistance": 3.014255851180705e-15,
  "MeanPairingDistance": 8.237812313132999e-16,
  "MedianPairingDistance": 6.689124757478762e-16,
  "P99PairingDistance": 2.9982561320614827e-15,
  "MinPairingDistance": 3.6880726988814706e-17,
  "OutlierPairCount": 0,
  "SpectrumSize": 256,
  "MinReal": -0.40000000000000074,
  "MaxReal": 1.8276733747892178e-16,
  "MinImag": -0.0750000000000001,
  "MaxImag": 0.075,
  "DissipationGap": 0.0030758318856314187,
  "KernelDimension": 5,
  "PureImaginaryCount": 0,
  "RealEigenvalueCount": 80,
  "DistinctBinnedEigenvalueCount": 73,
  "JValue": 0.025,
  "GammaValue": 0.05,
  "SigmaShift": -0.4,
  "ComputedBy": "python_dense_eig_anchor",
  "Q": 0.5,
  "QLabel": "sub-balance"
}