{
  "N": 3,
  "TopologyName": "ring (3 bonds)",
  "TotalWallSeconds": 0.0010008811950683594,
  "ComputeSpectrumWallSeconds": 0.0010008811950683594,
  "MaxPairingDistance": 9.648916190320715e-16,
  "MeanPairingDistance": 3.1495686396520255e-16,
  "MedianPairingDistance": 2.6458884225937813e-16,
  "P99PairingDistance": 9.648916190320715e-16,
  "MinPairingDistance": 0.0,
  "OutlierPairCount": 0,
  "SpectrumSize": 64,
  "MinReal": -0.3000000000000004,
  "MaxReal": 1.423172790016137e-16,
  "MinImag": -0.07500000000000016,
  "MaxImag": 0.07500000000000019,
  "DissipationGap": 0.019660638945577177,
  "KernelDimension": 4,
  "PureImaginaryCount": 0,
  "RealEigenvalueCount": 32,
  "DistinctBinnedEigenvalueCount": 14,
  "JValue": 0.05,
  "GammaValue": 0.05,
  "SigmaShift": -0.30000000000000004,
  "ComputedBy": "python_dense_eig_anchor",
  "Q": 1.0,
  "QLabel": "Balance"
}