{
  "N": 6,
  "TopologyName": "ring (6 bonds)",
  "TotalWallSeconds": 42.10800576210022,
  "ComputeSpectrumWallSeconds": 39.4952917098999,
  "MaxPairingDistance": 1.1567783389051904e-14,
  "MeanPairingDistance": 3.252956938536132e-15,
  "MedianPairingDistance": 2.8869299981736144e-15,
  "P99PairingDistance": 9.001884771509672e-15,
  "MinPairingDistance": 2.7755575615628914e-17,
  "OutlierPairCount": 0,
  "SpectrumSize": 4096,
  "MinReal": -0.6000000000000107,
  "MaxReal": 2.183134442705409e-15,
  "MinImag": -0.5378469547165003,
  "MaxImag": 0.537846954716496,
  "DissipationGap": 0.0345718875620035,
  "KernelDimension": 7,
  "PureImaginaryCount": 0,
  "RealEigenvalueCount": 346,
  "DistinctBinnedEigenvalueCount": 1423,
  "JValue": 0.125,
  "GammaValue": 0.05,
  "SigmaShift": -0.6000000000000001,
  "ComputedBy": "python_dense_eig_anchor",
  "Q": 2.5,
  "QLabel": "Endpoint orbit"
}