{
  "N": 3,
  "TopologyName": "ring (3 bonds)",
  "TotalWallSeconds": 0.00099945068359375,
  "ComputeSpectrumWallSeconds": 0.00099945068359375,
  "MaxPairingDistance": 1.1008156616838483e-15,
  "MeanPairingDistance": 2.7890428013005075e-16,
  "MedianPairingDistance": 2.375550157479029e-16,
  "P99PairingDistance": 1.1008156616838483e-15,
  "MinPairingDistance": 0.0,
  "OutlierPairCount": 0,
  "SpectrumSize": 64,
  "MinReal": -0.3000000000000005,
  "MaxReal": 0.0,
  "MinImag": -0.12990381056766617,
  "MaxImag": 0.12990381056766614,
  "DissipationGap": 0.06324155683236948,
  "KernelDimension": 4,
  "PureImaginaryCount": 0,
  "RealEigenvalueCount": 32,
  "DistinctBinnedEigenvalueCount": 14,
  "JValue": 0.08660254037844387,
  "GammaValue": 0.05,
  "SigmaShift": -0.30000000000000004,
  "ComputedBy": "python_dense_eig_anchor",
  "Q": 1.7320508075688772,
  "QLabel": "canonical \u03b8=60\u00b0"
}