{
  "N": 6,
  "TopologyName": "ring (6 bonds)",
  "TotalWallSeconds": 41.41546177864075,
  "ComputeSpectrumWallSeconds": 38.880176067352295,
  "MaxPairingDistance": 1.202722191698198e-14,
  "MeanPairingDistance": 2.5747898939479627e-15,
  "MedianPairingDistance": 2.184111124025095e-15,
  "P99PairingDistance": 7.912505758561124e-15,
  "MinPairingDistance": 5.551115123125783e-17,
  "OutlierPairCount": 0,
  "SpectrumSize": 4096,
  "MinReal": -0.600000000000008,
  "MaxReal": 1.207664906349488e-15,
  "MinImag": -0.21513878188660038,
  "MaxImag": 0.21513878188660132,
  "DissipationGap": 0.006101050353048393,
  "KernelDimension": 7,
  "PureImaginaryCount": 0,
  "RealEigenvalueCount": 440,
  "DistinctBinnedEigenvalueCount": 1423,
  "JValue": 0.05,
  "GammaValue": 0.05,
  "SigmaShift": -0.6000000000000001,
  "ComputedBy": "python_dense_eig_anchor",
  "Q": 1.0,
  "QLabel": "Balance"
}