{
  "N": 4,
  "TopologyName": "ring (4 bonds)",
  "TotalWallSeconds": 0.18803834915161133,
  "ComputeSpectrumWallSeconds": 0.18103957176208496,
  "MaxPairingDistance": 5.411077798346908e-15,
  "MeanPairingDistance": 8.110467951549968e-16,
  "MedianPairingDistance": 5.984517852023013e-16,
  "P99PairingDistance": 3.2738836209670295e-15,
  "MinPairingDistance": 2.5454095101764266e-17,
  "OutlierPairCount": 0,
  "SpectrumSize": 256,
  "MinReal": -0.4000000000000035,
  "MaxReal": 2.409878607821175e-16,
  "MinImag": -0.15,
  "MaxImag": 0.14999999999999986,
  "DissipationGap": 0.011704612713987232,
  "KernelDimension": 5,
  "PureImaginaryCount": 0,
  "RealEigenvalueCount": 80,
  "DistinctBinnedEigenvalueCount": 73,
  "JValue": 0.05,
  "GammaValue": 0.05,
  "SigmaShift": -0.4,
  "ComputedBy": "python_dense_eig_anchor",
  "Q": 1.0,
  "QLabel": "Balance"
}