{
  "N": 5,
  "TopologyName": "ring (5 bonds)",
  "TotalWallSeconds": 2.6033477783203125,
  "ComputeSpectrumWallSeconds": 2.4533579349517822,
  "MaxPairingDistance": 5.3154825979522264e-15,
  "MeanPairingDistance": 1.5829387109816955e-15,
  "MedianPairingDistance": 1.3564073414255493e-15,
  "P99PairingDistance": 4.789327732369898e-15,
  "MinPairingDistance": 0.0,
  "OutlierPairCount": 0,
  "SpectrumSize": 1024,
  "MinReal": -0.5000000000000023,
  "MaxReal": 1.4718987428092605e-16,
  "MinImag": -0.15590169943749574,
  "MaxImag": 0.1559016994374957,
  "DissipationGap": 0.008470237420922712,
  "KernelDimension": 6,
  "PureImaginaryCount": 0,
  "RealEigenvalueCount": 160,
  "DistinctBinnedEigenvalueCount": 276,
  "JValue": 0.05,
  "GammaValue": 0.05,
  "SigmaShift": -0.5,
  "ComputedBy": "python_dense_eig_anchor",
  "Q": 1.0,
  "QLabel": "Balance"
}