{
  "N": 5,
  "TopologyName": "ring (5 bonds)",
  "TotalWallSeconds": 2.8698012828826904,
  "ComputeSpectrumWallSeconds": 2.728699207305908,
  "MaxPairingDistance": 7.383003493469249e-15,
  "MeanPairingDistance": 1.4474573401746691e-15,
  "MedianPairingDistance": 1.132397288522528e-15,
  "P99PairingDistance": 6.348818728868003e-15,
  "MinPairingDistance": 0.0,
  "OutlierPairCount": 0,
  "SpectrumSize": 1024,
  "MinReal": -0.5000000000000069,
  "MaxReal": 5.088488055234503e-16,
  "MinImag": -0.07795084971874808,
  "MaxImag": 0.07795084971874812,
  "DissipationGap": 0.0021486340643058948,
  "KernelDimension": 6,
  "PureImaginaryCount": 0,
  "RealEigenvalueCount": 160,
  "DistinctBinnedEigenvalueCount": 276,
  "JValue": 0.025,
  "GammaValue": 0.05,
  "SigmaShift": -0.5,
  "ComputedBy": "python_dense_eig_anchor",
  "Q": 0.5,
  "QLabel": "sub-balance"
}