{
  "N": 3,
  "TopologyName": "star (2 bonds)",
  "TotalWallSeconds": 0.0010001659393310547,
  "ComputeSpectrumWallSeconds": 0.0010001659393310547,
  "MaxPairingDistance": 1.332708476326117e-15,
  "MeanPairingDistance": 3.3607728382114335e-16,
  "MedianPairingDistance": 2.6678664871133073e-16,
  "P99PairingDistance": 1.3171369523272778e-15,
  "MinPairingDistance": 1.2444925698415401e-17,
  "OutlierPairCount": 0,
  "SpectrumSize": 64,
  "MinReal": -0.30000000000000077,
  "MaxReal": 0.0,
  "MinImag": -0.07500000000000004,
  "MaxImag": 0.07500000000000023,
  "DissipationGap": 0.0063525675289509715,
  "KernelDimension": 4,
  "PureImaginaryCount": 0,
  "RealEigenvalueCount": 32,
  "DistinctBinnedEigenvalueCount": 26,
  "JValue": 0.05,
  "GammaValue": 0.05,
  "SigmaShift": -0.30000000000000004,
  "ComputedBy": "python_dense_eig_anchor",
  "Q": 1.0,
  "QLabel": "Balance"
}