{
  "N": 4,
  "TopologyName": "star (3 bonds)",
  "TotalWallSeconds": 0.21829533576965332,
  "ComputeSpectrumWallSeconds": 0.20528554916381836,
  "MaxPairingDistance": 3.556183950967198e-15,
  "MeanPairingDistance": 9.419123159269574e-16,
  "MedianPairingDistance": 8.14829823451549e-16,
  "P99PairingDistance": 3.1145249592350545e-15,
  "MinPairingDistance": 1.734723475976807e-17,
  "OutlierPairCount": 0,
  "SpectrumSize": 256,
  "MinReal": -0.40000000000000085,
  "MaxReal": 1.7546095201674876e-16,
  "MinImag": -0.10000000000000044,
  "MaxImag": 0.1000000000000008,
  "DissipationGap": 0.005965778209955165,
  "KernelDimension": 5,
  "PureImaginaryCount": 0,
  "RealEigenvalueCount": 64,
  "DistinctBinnedEigenvalueCount": 75,
  "JValue": 0.05,
  "GammaValue": 0.05,
  "SigmaShift": -0.4,
  "ComputedBy": "python_dense_eig_anchor",
  "Q": 1.0,
  "QLabel": "Balance"
}