{
  "N": 3,
  "TopologyName": "star (2 bonds)",
  "TotalWallSeconds": 0.0,
  "ComputeSpectrumWallSeconds": 0.0,
  "MaxPairingDistance": 1.2891039135401506e-15,
  "MeanPairingDistance": 2.5964754817239445e-16,
  "MedianPairingDistance": 1.9692435754569408e-16,
  "P99PairingDistance": 1.2665353231644159e-15,
  "MinPairingDistance": 0.0,
  "OutlierPairCount": 0,
  "SpectrumSize": 64,
  "MinReal": -0.30000000000000004,
  "MaxReal": 7.02665106299159e-18,
  "MinImag": -0.11250000000000004,
  "MaxImag": 0.11250000000000024,
  "DissipationGap": 0.014618486491176154,
  "KernelDimension": 4,
  "PureImaginaryCount": 0,
  "RealEigenvalueCount": 32,
  "DistinctBinnedEigenvalueCount": 26,
  "JValue": 0.07500000000000001,
  "GammaValue": 0.05,
  "SigmaShift": -0.30000000000000004,
  "ComputedBy": "python_dense_eig_anchor",
  "Q": 1.5,
  "QLabel": "F86 Q_peak c=2"
}