{
  "N": 4,
  "TopologyName": "star (3 bonds)",
  "TotalWallSeconds": 0.19188642501831055,
  "ComputeSpectrumWallSeconds": 0.18288946151733398,
  "MaxPairingDistance": 2.942591901836005e-15,
  "MeanPairingDistance": 7.733350075600451e-16,
  "MedianPairingDistance": 6.357099279675005e-16,
  "P99PairingDistance": 2.6146645475637247e-15,
  "MinPairingDistance": 4.5102810375396984e-17,
  "OutlierPairCount": 0,
  "SpectrumSize": 256,
  "MinReal": -0.40000000000000097,
  "MaxReal": 0.0,
  "MinImag": -0.05000000000000035,
  "MaxImag": 0.05000000000000049,
  "DissipationGap": 0.001544313455798772,
  "KernelDimension": 5,
  "PureImaginaryCount": 0,
  "RealEigenvalueCount": 64,
  "DistinctBinnedEigenvalueCount": 75,
  "JValue": 0.025,
  "GammaValue": 0.05,
  "SigmaShift": -0.4,
  "ComputedBy": "python_dense_eig_anchor",
  "Q": 0.5,
  "QLabel": "sub-balance"
}