{
  "N": 4,
  "TopologyName": "star (3 bonds)",
  "TotalWallSeconds": 0.29591989517211914,
  "ComputeSpectrumWallSeconds": 0.28392887115478516,
  "MaxPairingDistance": 3.497226934164102e-15,
  "MeanPairingDistance": 1.0325678094431937e-15,
  "MedianPairingDistance": 8.473409486550037e-16,
  "P99PairingDistance": 3.24725109460412e-15,
  "MinPairingDistance": 0.0,
  "OutlierPairCount": 0,
  "SpectrumSize": 256,
  "MinReal": -0.4000000000000025,
  "MaxReal": 1.927564872575843e-16,
  "MinImag": -0.25000000000000044,
  "MaxImag": 0.250000000000001,
  "DissipationGap": 0.030258596789522748,
  "KernelDimension": 5,
  "PureImaginaryCount": 0,
  "RealEigenvalueCount": 62,
  "DistinctBinnedEigenvalueCount": 75,
  "JValue": 0.125,
  "GammaValue": 0.05,
  "SigmaShift": -0.4,
  "ComputedBy": "python_dense_eig_anchor",
  "Q": 2.5,
  "QLabel": "Endpoint orbit"
}