{
  "N": 6,
  "TopologyName": "star (5 bonds)",
  "TotalWallSeconds": 41.79061722755432,
  "ComputeSpectrumWallSeconds": 39.29542350769043,
  "MaxPairingDistance": 1.5306770688440333e-14,
  "MeanPairingDistance": 2.7067619194156247e-15,
  "MedianPairingDistance": 2.317226970583638e-15,
  "P99PairingDistance": 9.172666495802462e-15,
  "MinPairingDistance": 1.734723475976807e-17,
  "OutlierPairCount": 0,
  "SpectrumSize": 4096,
  "MinReal": -0.6000000000000004,
  "MaxReal": 1.8582464139567354e-15,
  "MinImag": -0.07500000000000166,
  "MaxImag": 0.07500000000000123,
  "DissipationGap": 0.001465463470697177,
  "KernelDimension": 7,
  "PureImaginaryCount": 0,
  "RealEigenvalueCount": 588,
  "DistinctBinnedEigenvalueCount": 487,
  "JValue": 0.025,
  "GammaValue": 0.05,
  "SigmaShift": -0.6000000000000001,
  "ComputedBy": "python_dense_eig_anchor",
  "Q": 0.5,
  "QLabel": "sub-balance"
}