{
  "N": 6,
  "TopologyName": "star (5 bonds)",
  "TotalWallSeconds": 41.57947611808777,
  "ComputeSpectrumWallSeconds": 39.05042123794556,
  "MaxPairingDistance": 1.6792329692616654e-14,
  "MeanPairingDistance": 2.9045944398056966e-15,
  "MedianPairingDistance": 2.4474287568937654e-15,
  "P99PairingDistance": 1.0073315010719633e-14,
  "MinPairingDistance": 8.162883202489865e-17,
  "OutlierPairCount": 0,
  "SpectrumSize": 4096,
  "MinReal": -0.6000000000000033,
  "MaxReal": 2.3634457280202804e-16,
  "MinImag": -0.2598076211353337,
  "MaxImag": 0.25980762113533407,
  "DissipationGap": 0.010883875111103765,
  "KernelDimension": 7,
  "PureImaginaryCount": 0,
  "RealEigenvalueCount": 588,
  "DistinctBinnedEigenvalueCount": 487,
  "JValue": 0.08660254037844387,
  "GammaValue": 0.05,
  "SigmaShift": -0.6000000000000001,
  "ComputedBy": "python_dense_eig_anchor",
  "Q": 1.7320508075688772,
  "QLabel": "canonical \u03b8=60\u00b0"
}