{
  "N": 6,
  "TopologyName": "star (5 bonds)",
  "TotalWallSeconds": 42.33368682861328,
  "ComputeSpectrumWallSeconds": 39.76949429512024,
  "MaxPairingDistance": 3.631214415280256e-14,
  "MeanPairingDistance": 3.1433478180116123e-15,
  "MedianPairingDistance": 2.7183819826542746e-15,
  "P99PairingDistance": 9.635020602556964e-15,
  "MinPairingDistance": 3.122502256758253e-17,
  "OutlierPairCount": 0,
  "SpectrumSize": 4096,
  "MinReal": -0.600000000000008,
  "MaxReal": 6.622767332325405e-16,
  "MinImag": -0.3000000000000026,
  "MaxImag": 0.3000000000000027,
  "DissipationGap": 0.012997668475164613,
  "KernelDimension": 7,
  "PureImaginaryCount": 0,
  "RealEigenvalueCount": 554,
  "DistinctBinnedEigenvalueCount": 503,
  "JValue": 0.1,
  "GammaValue": 0.05,
  "SigmaShift": -0.6000000000000001,
  "ComputedBy": "python_dense_eig_anchor",
  "Q": 2.0,
  "QLabel": "Q_EP idealized"
}