{
  "N": 4,
  "TopologyName": "star (3 bonds)",
  "TotalWallSeconds": 0.2300243377685547,
  "ComputeSpectrumWallSeconds": 0.22102761268615723,
  "MaxPairingDistance": 4.467613185096887e-15,
  "MeanPairingDistance": 8.475173562450575e-16,
  "MedianPairingDistance": 7.232542815514246e-16,
  "P99PairingDistance": 3.0106040021517287e-15,
  "MinPairingDistance": 0.0,
  "OutlierPairCount": 0,
  "SpectrumSize": 256,
  "MinReal": -0.4000000000000002,
  "MaxReal": 5.5302354748221337e-17,
  "MinImag": -0.17320508075688795,
  "MaxImag": 0.17320508075688815,
  "DissipationGap": 0.01638769108033007,
  "KernelDimension": 5,
  "PureImaginaryCount": 0,
  "RealEigenvalueCount": 64,
  "DistinctBinnedEigenvalueCount": 73,
  "JValue": 0.08660254037844387,
  "GammaValue": 0.05,
  "SigmaShift": -0.4,
  "ComputedBy": "python_dense_eig_anchor",
  "Q": 1.7320508075688772,
  "QLabel": "canonical \u03b8=60\u00b0"
}