{
  "N": 5,
  "TopologyName": "star (4 bonds)",
  "TotalWallSeconds": 2.688833713531494,
  "ComputeSpectrumWallSeconds": 2.550302028656006,
  "MaxPairingDistance": 9.427349902208233e-15,
  "MeanPairingDistance": 1.6665375600396897e-15,
  "MedianPairingDistance": 1.4077733188419609e-15,
  "P99PairingDistance": 5.38597034496346e-15,
  "MinPairingDistance": 0.0,
  "OutlierPairCount": 0,
  "SpectrumSize": 1024,
  "MinReal": -0.500000000000002,
  "MaxReal": 3.6183320237959934e-16,
  "MinImag": -0.12500000000000047,
  "MaxImag": 0.1250000000000013,
  "DissipationGap": 0.005480759516135581,
  "KernelDimension": 6,
  "PureImaginaryCount": 0,
  "RealEigenvalueCount": 200,
  "DistinctBinnedEigenvalueCount": 202,
  "JValue": 0.05,
  "GammaValue": 0.05,
  "SigmaShift": -0.5,
  "ComputedBy": "python_dense_eig_anchor",
  "Q": 1.0,
  "QLabel": "Balance"
}