{
  "N": 3,
  "TopologyName": "star (2 bonds)",
  "TotalWallSeconds": 0.0009999275207519531,
  "ComputeSpectrumWallSeconds": 0.0009999275207519531,
  "MaxPairingDistance": 1.2255271303253946e-15,
  "MeanPairingDistance": 3.179728881750859e-16,
  "MedianPairingDistance": 2.570643911495348e-16,
  "P99PairingDistance": 1.2189910749722153e-15,
  "MinPairingDistance": 0.0,
  "OutlierPairCount": 0,
  "SpectrumSize": 64,
  "MinReal": -0.30000000000000127,
  "MaxReal": 1.0411377910941254e-17,
  "MinImag": -0.03750000000000011,
  "MaxImag": 0.03750000000000016,
  "DissipationGap": 0.0015686762737775594,
  "KernelDimension": 4,
  "PureImaginaryCount": 0,
  "RealEigenvalueCount": 32,
  "DistinctBinnedEigenvalueCount": 26,
  "JValue": 0.025,
  "GammaValue": 0.05,
  "SigmaShift": -0.30000000000000004,
  "ComputedBy": "python_dense_eig_anchor",
  "Q": 0.5,
  "QLabel": "sub-balance"
}