{
  "N": 6,
  "TopologyName": "star (5 bonds)",
  "TotalWallSeconds": 42.07427740097046,
  "ComputeSpectrumWallSeconds": 39.503151655197144,
  "MaxPairingDistance": 1.3692616234384936e-14,
  "MeanPairingDistance": 3.370102621636321e-15,
  "MedianPairingDistance": 2.94849924011589e-15,
  "P99PairingDistance": 9.752276615428792e-15,
  "MinPairingDistance": 5.551115123125783e-17,
  "OutlierPairCount": 0,
  "SpectrumSize": 4096,
  "MinReal": -0.6000000000000071,
  "MaxReal": 0.0,
  "MinImag": -0.3750000000000024,
  "MaxImag": 0.3750000000000065,
  "DissipationGap": 0.016881060254280097,
  "KernelDimension": 7,
  "PureImaginaryCount": 0,
  "RealEigenvalueCount": 548,
  "DistinctBinnedEigenvalueCount": 487,
  "JValue": 0.125,
  "GammaValue": 0.05,
  "SigmaShift": -0.6000000000000001,
  "ComputedBy": "python_dense_eig_anchor",
  "Q": 2.5,
  "QLabel": "Endpoint orbit"
}