{
  "N": 5,
  "TopologyName": "star (4 bonds)",
  "TotalWallSeconds": 2.8687634468078613,
  "ComputeSpectrumWallSeconds": 2.7337324619293213,
  "MaxPairingDistance": 6.798487314864762e-15,
  "MeanPairingDistance": 1.7775317491033357e-15,
  "MedianPairingDistance": 1.5956438783387494e-15,
  "P99PairingDistance": 5.640135934192508e-15,
  "MinPairingDistance": 5.721958498152797e-17,
  "OutlierPairCount": 0,
  "SpectrumSize": 1024,
  "MinReal": -0.5000000000000023,
  "MaxReal": 1.7121942753975795e-16,
  "MinImag": -0.21650635094611148,
  "MaxImag": 0.21650635094611098,
  "DissipationGap": 0.013338424790088755,
  "KernelDimension": 6,
  "PureImaginaryCount": 0,
  "RealEigenvalueCount": 200,
  "DistinctBinnedEigenvalueCount": 202,
  "JValue": 0.08660254037844387,
  "GammaValue": 0.05,
  "SigmaShift": -0.5,
  "ComputedBy": "python_dense_eig_anchor",
  "Q": 1.7320508075688772,
  "QLabel": "canonical \u03b8=60\u00b0"
}