{
  "N": 6,
  "TopologyName": "star (5 bonds)",
  "TotalWallSeconds": 42.38723421096802,
  "ComputeSpectrumWallSeconds": 39.7271888256073,
  "MaxPairingDistance": 1.764960506509261e-14,
  "MeanPairingDistance": 2.6880099256333686e-15,
  "MedianPairingDistance": 2.3270459513024683e-15,
  "P99PairingDistance": 8.66845330553337e-15,
  "MinPairingDistance": 3.322470936032464e-17,
  "OutlierPairCount": 0,
  "SpectrumSize": 4096,
  "MinReal": -0.6000000000000041,
  "MaxReal": 9.168983123710907e-16,
  "MinImag": -0.15000000000000385,
  "MaxImag": 0.150000000000003,
  "DissipationGap": 0.00495966751399633,
  "KernelDimension": 7,
  "PureImaginaryCount": 0,
  "RealEigenvalueCount": 588,
  "DistinctBinnedEigenvalueCount": 487,
  "JValue": 0.05,
  "GammaValue": 0.05,
  "SigmaShift": -0.6000000000000001,
  "ComputedBy": "python_dense_eig_anchor",
  "Q": 1.0,
  "QLabel": "Balance"
}