{
  "N": 5,
  "TopologyName": "star (4 bonds)",
  "TotalWallSeconds": 2.9741709232330322,
  "ComputeSpectrumWallSeconds": 2.813640594482422,
  "MaxPairingDistance": 6.895642792743909e-15,
  "MeanPairingDistance": 1.808484641933914e-15,
  "MedianPairingDistance": 1.4844044089713007e-15,
  "P99PairingDistance": 5.729513456355541e-15,
  "MinPairingDistance": 0.0,
  "OutlierPairCount": 0,
  "SpectrumSize": 1024,
  "MinReal": -0.5000000000000029,
  "MaxReal": 6.56298315904465e-16,
  "MinImag": -0.06250000000000118,
  "MaxImag": 0.06250000000000025,
  "DissipationGap": 0.001509376813150214,
  "KernelDimension": 6,
  "PureImaginaryCount": 0,
  "RealEigenvalueCount": 200,
  "DistinctBinnedEigenvalueCount": 202,
  "JValue": 0.025,
  "GammaValue": 0.05,
  "SigmaShift": -0.5,
  "ComputedBy": "python_dense_eig_anchor",
  "Q": 0.5,
  "QLabel": "sub-balance"
}