{
  "N": 3,
  "TopologyName": "star (2 bonds)",
  "TotalWallSeconds": 0.001004934310913086,
  "ComputeSpectrumWallSeconds": 0.0,
  "MaxPairingDistance": 7.005190574351762e-16,
  "MeanPairingDistance": 3.0442155204673457e-16,
  "MedianPairingDistance": 2.5049712788923807e-16,
  "P99PairingDistance": 7.005190574351762e-16,
  "MinPairingDistance": 0.0,
  "OutlierPairCount": 0,
  "SpectrumSize": 64,
  "MinReal": -0.30000000000000016,
  "MaxReal": 0.0,
  "MinImag": -0.18750000000000014,
  "MaxImag": 0.18749999999999997,
  "DissipationGap": 0.0448614248489178,
  "KernelDimension": 4,
  "PureImaginaryCount": 0,
  "RealEigenvalueCount": 32,
  "DistinctBinnedEigenvalueCount": 26,
  "JValue": 0.125,
  "GammaValue": 0.05,
  "SigmaShift": -0.30000000000000004,
  "ComputedBy": "python_dense_eig_anchor",
  "Q": 2.5,
  "QLabel": "Endpoint orbit"
}