{
  "N": 3,
  "TopologyName": "star (2 bonds)",
  "TotalWallSeconds": 0.0,
  "ComputeSpectrumWallSeconds": 0.0,
  "MaxPairingDistance": 7.749335438270919e-16,
  "MeanPairingDistance": 2.229174075955079e-16,
  "MedianPairingDistance": 1.6506064490436205e-16,
  "P99PairingDistance": 7.663244138868788e-16,
  "MinPairingDistance": 0.0,
  "OutlierPairCount": 0,
  "SpectrumSize": 64,
  "MinReal": -0.3000000000000001,
  "MaxReal": 0.0,
  "MinImag": -0.12990381056766584,
  "MaxImag": 0.12990381056766626,
  "DissipationGap": 0.01978445016005049,
  "KernelDimension": 4,
  "PureImaginaryCount": 0,
  "RealEigenvalueCount": 32,
  "DistinctBinnedEigenvalueCount": 26,
  "JValue": 0.08660254037844387,
  "GammaValue": 0.05,
  "SigmaShift": -0.30000000000000004,
  "ComputedBy": "python_dense_eig_anchor",
  "Q": 1.7320508075688772,
  "QLabel": "canonical \u03b8=60\u00b0"
}