{
  "N": 6,
  "TopologyName": "star (5 bonds)",
  "TotalWallSeconds": 43.27229714393616,
  "ComputeSpectrumWallSeconds": 40.758899211883545,
  "MaxPairingDistance": 1.2471244498160202e-14,
  "MeanPairingDistance": 3.049594768391294e-15,
  "MedianPairingDistance": 2.559407939770226e-15,
  "P99PairingDistance": 9.609743074275888e-15,
  "MinPairingDistance": 6.938893903907228e-17,
  "OutlierPairCount": 0,
  "SpectrumSize": 4096,
  "MinReal": -0.6000000000000103,
  "MaxReal": 1.106734808883225e-16,
  "MinImag": -0.22500000000000162,
  "MaxImag": 0.2250000000000013,
  "DissipationGap": 0.009018965739876096,
  "KernelDimension": 7,
  "PureImaginaryCount": 0,
  "RealEigenvalueCount": 588,
  "DistinctBinnedEigenvalueCount": 487,
  "JValue": 0.07500000000000001,
  "GammaValue": 0.05,
  "SigmaShift": -0.6000000000000001,
  "ComputedBy": "python_dense_eig_anchor",
  "Q": 1.5,
  "QLabel": "F86 Q_peak c=2"
}