{
  "N": 5,
  "TopologyName": "star (4 bonds)",
  "TotalWallSeconds": 2.775452136993408,
  "ComputeSpectrumWallSeconds": 2.62943434715271,
  "MaxPairingDistance": 7.499480644832101e-15,
  "MeanPairingDistance": 1.6721941272314969e-15,
  "MedianPairingDistance": 1.4701282914973864e-15,
  "P99PairingDistance": 5.216519714629812e-15,
  "MinPairingDistance": 0.0,
  "OutlierPairCount": 0,
  "SpectrumSize": 1024,
  "MinReal": -0.5000000000000014,
  "MaxReal": 1.2617852686998766e-16,
  "MinImag": -0.18750000000000222,
  "MaxImag": 0.18750000000000167,
  "DissipationGap": 0.010738095832503014,
  "KernelDimension": 6,
  "PureImaginaryCount": 0,
  "RealEigenvalueCount": 200,
  "DistinctBinnedEigenvalueCount": 202,
  "JValue": 0.07500000000000001,
  "GammaValue": 0.05,
  "SigmaShift": -0.5,
  "ComputedBy": "python_dense_eig_anchor",
  "Q": 1.5,
  "QLabel": "F86 Q_peak c=2"
}