{
  "N": 5,
  "TopologyName": "star (4 bonds)",
  "TotalWallSeconds": 2.898388624191284,
  "ComputeSpectrumWallSeconds": 2.7631704807281494,
  "MaxPairingDistance": 7.889079902678142e-15,
  "MeanPairingDistance": 1.7807036376946113e-15,
  "MedianPairingDistance": 1.4960940724553026e-15,
  "P99PairingDistance": 5.7106924535997025e-15,
  "MinPairingDistance": 0.0,
  "OutlierPairCount": 0,
  "SpectrumSize": 1024,
  "MinReal": -0.5000000000000009,
  "MaxReal": 1.0465005727447086e-15,
  "MinImag": -0.3125000000000016,
  "MaxImag": 0.31250000000000133,
  "DissipationGap": 0.022060777445178516,
  "KernelDimension": 6,
  "PureImaginaryCount": 0,
  "RealEigenvalueCount": 200,
  "DistinctBinnedEigenvalueCount": 202,
  "JValue": 0.125,
  "GammaValue": 0.05,
  "SigmaShift": -0.5,
  "ComputedBy": "python_dense_eig_anchor",
  "Q": 2.5,
  "QLabel": "Endpoint orbit"
}