{
  "pair_runs": {
    "A_mid": {
      "pair": {
        "qubits": [
          82,
          83
        ],
        "T1_us": [
          174.43704383245824,
          227.17456265064666
        ],
        "T2_us": [
          188.82726579529458,
          148.66757752513112
        ],
        "T2_min_us": 148.66757752513112,
        "T1_min_us": 174.43704383245824,
        "cz_err": 0.0010619950771795783,
        "gate_len_ns": 68.0,
        "gamma_per_us": 0.0033632080936778484
      },
      "pred": {
        "t_cross_us": 10.809003619572643,
        "scan_ts_us": [
          0.5,
          19.062613857308055,
          37.62522771461611,
          56.18784157192417,
          74.75045542923222,
          93.31306928654027,
          111.87568314384833,
          130.43829700115637,
          149.00091085846444,
          167.5635247157725,
          186.12613857308054,
          204.6887524303886,
          223.25136628769667,
          241.8139801450047,
          260.37659400231274,
          278.9392078596208,
          297.5018217169289,
          316.06443557423694,
          334.627049431545,
          353.189663288853,
          371.7522771461611,
          390.31489100346914,
          408.8775048607772,
          427.4401187180853,
          446.00273257539334
        ],
        "scan_mag": [
          0.32280194765405806,
          0.19171319337362688,
          0.11911365631632606,
          0.08780067247594109,
          0.06232513712688258,
          0.04694303223013151,
          0.039039630959759555,
          0.031297639242711985,
          0.025525023216577507,
          0.02100069432258549,
          0.018187927618782608,
          0.015025574747532616,
          0.012401007311028667,
          0.010723696418695229,
          0.00881454959970722,
          0.0072243709284062286,
          0.005903378815916236,
          0.0050638325061336175,
          0.004116754569288712,
          0.0033375865211021636,
          0.0028467267019173584,
          0.002297713364412664,
          0.0018503201035886111,
          0.001570721250449887,
          0.0012603134362270435
        ],
        "scan_arg_deg": [
          -93.72422566835036,
          128.0130483335245,
          -10.249677664600622,
          -148.51240366272586,
          73.22487033914899,
          -65.03785565897603,
          156.69941834289867,
          18.43669234477381,
          -119.82603365335162,
          101.91124034852338,
          -36.351485649601884,
          -174.61421164772716,
          47.12306235414793,
          -91.13966364397747,
          130.59761035789802,
          -7.665115640227573,
          -145.9278416383529,
          75.80943236352228,
          -62.453293634603114,
          159.28398036727228,
          21.021254369146288,
          -117.24147162897843,
          104.49580237289565,
          -33.76692362522911,
          -172.02964962335372
        ]
      },
      "delays_us": [
        1.08,
        3.24,
        5.4,
        7.57,
        11.89,
        18.38
      ],
      "trajectory": [
        {
          "C": 0.7753393731511985,
          "Psi_com_re": 0.03587040511307406,
          "Psi_com_im": -0.32767385786179726,
          "CPsi_com_re": 0.027811737415050386,
          "CPsi_com_im": -0.2540584435526008,
          "CPsi_com_mag": 0.2555761833160785,
          "CPsi_com_arg_deg": -83.75271595756028,
          "t_us": 1.08
        },
        {
          "C": 0.7242470847235789,
          "Psi_com_re": -0.0014105902777777485,
          "Psi_com_im": -0.30013020833333337,
          "CPsi_com_re": -0.0010216158964199576,
          "CPsi_com_im": -0.21736842842289708,
          "CPsi_com_mag": 0.21737082917006126,
          "CPsi_com_arg_deg": -90.26928403809418,
          "t_us": 3.24
        },
        {
          "C": 0.7046518855624734,
          "Psi_com_re": -0.02539062499999996,
          "Psi_com_im": -0.2841796875,
          "CPsi_com_re": -0.017891551781859645,
          "CPsi_com_im": -0.20024775263542946,
          "CPsi_com_mag": 0.20104544277526687,
          "CPsi_com_arg_deg": -95.10565336750749,
          "t_us": 5.4
        },
        {
          "C": 0.6928177409701881,
          "Psi_com_re": -0.0333116319444444,
          "Psi_com_im": -0.2705078125,
          "CPsi_com_re": -0.023078889591780324,
          "CPsi_com_im": -0.18741261157103722,
          "CPsi_com_mag": 0.18882828739536367,
          "CPsi_com_arg_deg": -97.02033305014783,
          "t_us": 7.57
        },
        {
          "C": 0.6262285444471575,
          "Psi_com_re": -0.07682291666666663,
          "Psi_com_im": -0.20768229166666666,
          "CPsi_com_re": -0.04810870328435192,
          "CPsi_com_im": -0.13005657921786667,
          "CPsi_com_mag": 0.13866925084370738,
          "CPsi_com_arg_deg": -110.29973408226101,
          "t_us": 11.89
        },
        {
          "C": 0.5422502623664015,
          "Psi_com_re": -0.12456597222222221,
          "Psi_com_im": -0.14051649305555552,
          "CPsi_com_re": -0.06754593111942588,
          "CPsi_com_im": -0.07619510522618161,
          "CPsi_com_mag": 0.10182409769410733,
          "CPsi_com_arg_deg": -131.5565547950406,
          "t_us": 18.38
        }
      ],
      "analysis": {
        "delta": 0.04,
        "omega_per_us": 0.13,
        "phi_0_deg": -90.0,
        "t_cross_measured_us": 1.3952583252257376,
        "arg_cross_measured_deg": -84.70382815167538,
        "arg_cross_predicted_deg": -100.39251373757043,
        "arg_cross_residual_deg": 15.688685585895044
      }
    },
    "B_high": {
      "pair": {
        "qubits": [
          13,
          14
        ],
        "T1_us": [
          232.88006096245775,
          200.58640155020956
        ],
        "T2_us": [
          339.5777533677736,
          263.66101861262644
        ],
        "T2_min_us": 263.66101861262644,
        "T1_min_us": 200.58640155020956,
        "cz_err": 0.001489801709390004,
        "gate_len_ns": 68.0,
        "gamma_per_us": 0.0018963743773386741
      },
      "pred": {
        "t_cross_us": 18.586523839640407,
        "scan_ts_us": [
          0.5,
          33.43679399324497,
          66.37358798648994,
          99.3103819797349,
          132.24717597297987,
          165.18396996622485,
          198.1207639594698,
          231.05755795271477,
          263.99435194595975,
          296.9311459392047,
          329.8679399324497,
          362.8047339256947,
          395.7415279189396,
          428.6783219121846,
          461.61511590542955,
          494.5519098986745,
          527.4887038919195,
          560.4254978851644,
          593.3622918784095,
          626.2990858716544,
          659.2358798648994,
          692.1726738581443,
          725.1094678513894,
          758.0462618446343,
          790.9830558378793
        ],
        "scan_mag": [
          0.32675759454917247,
          0.18697677754429573,
          0.12580502602930063,
          0.08805658776601528,
          0.06958013086488263,
          0.05575146917162015,
          0.046114952306930156,
          0.0396463458780901,
          0.033366037399937265,
          0.028751450509206494,
          0.024072737819943537,
          0.020044021203251113,
          0.01705132943600231,
          0.014043806262554892,
          0.01184030835674787,
          0.009657800020234012,
          0.008081292326278433,
          0.006539987692367416,
          0.005274129745830246,
          0.004375342340253686,
          0.003509733738546112,
          0.002900059669482636,
          0.0023169357201636483,
          0.0018478326995346587,
          0.001520289629371554
        ],