{
  "pair_runs": {
    "A_mid": {
      "pair": {
        "qubits": [
          82,
          83
        ],
        "T1_us": [
          174.43704383245824,
          227.17456265064666
        ],
        "T2_us": [
          188.82726579529458,
          148.66757752513112
        ],
        "T2_min_us": 148.66757752513112,
        "T1_min_us": 174.43704383245824,
        "cz_err": 0.0010619950771795783,
        "gate_len_ns": 68.0,
        "gamma_per_us": 0.0033632080936778484
      },
      "pred": {
        "t_cross_us": 10.809003619572639,
        "scan_ts_us": [
          0.5,
          19.062613857308055,
          37.62522771461611,
          56.18784157192417,
          74.75045542923222,
          93.31306928654027,
          111.87568314384833,
          130.43829700115637,
          149.00091085846444,
          167.5635247157725,
          186.12613857308054,
          204.6887524303886,
          223.25136628769667,
          241.8139801450047,
          260.37659400231274,
          278.9392078596208,
          297.5018217169289,
          316.06443557423694,
          334.627049431545,
          353.189663288853,
          371.7522771461611,
          390.31489100346914,
          408.8775048607772,
          427.4401187180853,
          446.00273257539334
        ],
        "scan_mag": [
          0.322801947654058,
          0.19171319337362688,
          0.11911365631632592,
          0.08780067247594112,
          0.06232513712688259,
          0.04694303223013156,
          0.03903963095975958,
          0.03129763924271201,
          0.02552502321657741,
          0.021000694322585448,
          0.018187927618782643,
          0.015025574747532938,
          0.012401007311028655,
          0.010723696418695238,
          0.008814549599707263,
          0.007224370928406247,
          0.0059033788159160785,
          0.005063832506133804,
          0.0041167545692887084,
          0.0033375865211021693,
          0.0028467267019173822,
          0.002297713364412702,
          0.0018503201035886142,
          0.0015707212504498193,
          0.0012603134362270383
        ],
        "scan_arg_deg": [
          -97.16197243913528,
          -3.0518301278374627,
          91.05831218346029,
          -174.8315455052419,
          -80.72140319394421,
          13.388739117353794,
          107.4988814286511,
          -158.39097626005065,
          -64.28083394875291,
          29.82930836254471,
          123.93945067384286,
          -141.9504070148595,
          -47.84026470356216,
          46.26987760773589,
          140.38001991903462,
          -125.50983776966818,
          -31.399695458370537,
          62.710446852927376,
          156.82058916422537,
          -109.06926852447731,
          -14.959126213179037,
          79.1510160981195,
          173.26115840941586,
          -92.62869927928608,
          1.4814430320110417
        ]
      },
      "delays_us": [
        1.08,
        3.24,
        5.4,
        7.57,
        11.89,
        18.38
      ],
      "trajectory": [
        {
          "C": 0.816021866268582,
          "Psi_com_re": -0.04014756944444442,
          "Psi_com_im": -0.3088107638888889,
          "CPsi_com_re": -0.03276129454420303,
          "CPsi_com_im": -0.2519963358724375,
          "CPsi_com_mag": 0.2541170118534892,
          "CPsi_com_arg_deg": -97.40730807735333,
          "t_us": 1.08
        },
        {
          "C": 0.7477306789822049,
          "Psi_com_re": -0.1078559027777777,
          "Psi_com_im": -0.2435980902777778,
          "CPsi_com_re": -0.0806471674162664,
          "CPsi_com_im": -0.18214576544217123,
          "CPsi_com_mag": 0.19920101777044655,
          "CPsi_com_arg_deg": -113.88192757431891,
          "t_us": 3.24
        },
        {
          "C": 0.7064068582322864,
          "Psi_com_re": -0.16406249999999994,
          "Psi_com_im": -0.1701388888888889,
          "CPsi_com_re": -0.11589487517873445,
          "CPsi_com_im": -0.12018727796313207,
          "CPsi_com_mag": 0.16696288173388002,
          "CPsi_com_arg_deg": -133.95837332399003,
          "t_us": 5.4
        },
        {
          "C": 0.7038436465793189,
          "Psi_com_re": -0.21603732638888887,
          "Psi_com_im": -0.10948350694444445,
          "CPsi_com_re": -0.15205649960280204,
          "CPsi_com_im": -0.07705927076806995,
          "CPsi_com_mag": 0.1704679156990067,
          "CPsi_com_arg_deg": -153.12499671790596,
          "t_us": 7.57
        },
        {
          "C": 0.6215856870015467,
          "Psi_com_re": -0.1731770833333333,
          "Psi_com_im": 0.07552083333333331,
          "CPsi_com_re": -0.10764439631667408,
          "CPsi_com_im": 0.046942669070429294,
          "CPsi_com_mag": 0.11743479142842224,
          "CPsi_com_arg_deg": 156.43845465222898,
          "t_us": 11.89
        },
        {
          "C": 0.54440196355184,
          "Psi_com_re": 0.03472222222222224,
          "Psi_com_im": 0.14865451388888887,
          "CPsi_com_re": 0.01890284595666112,
          "CPsi_com_im": 0.08092780925195538,
          "CPsi_com_mag": 0.0831061242964809,
          "CPsi_com_arg_deg": 76.8527576247305,
          "t_us": 18.38
        }
      ],
      "analysis": {
        "delta": 0.04,
        "omega_per_us": 0.25,
        "phi_0_deg": -90.0,
        "t_cross_measured_us": 1.241933617919933,
        "arg_cross_measured_deg": -98.6423982342968,
        "arg_cross_predicted_deg": -107.78938868555628,
        "arg_cross_residual_deg": 9.14699045125947
      }
    },
    "B_high": {
      "pair": {
        "qubits": [
          13,
          14
        ],
        "T1_us": [
          232.88006096245775,
          200.58640155020956
        ],
        "T2_us": [
          339.5777533677736,
          263.66101861262644
        ],
        "T2_min_us": 263.66101861262644,
        "T1_min_us": 200.58640155020956,
        "cz_err": 0.001489801709390004,
        "gate_len_ns": 68.0,
        "gamma_per_us": 0.0018963743773386741
      },
      "pred": {
        "t_cross_us": 18.586523839640357,
        "scan_ts_us": [
          0.5,
          33.43679399324497,
          66.37358798648994,
          99.3103819797349,
          132.24717597297987,
          165.18396996622485,
          198.1207639594698,
          231.05755795271477,
          263.99435194595975,
          296.9311459392047,
          329.8679399324497,
          362.8047339256947,
          395.7415279189396,
          428.6783219121846,
          461.61511590542955,
          494.5519098986745,
          527.4887038919195,
          560.4254978851644,
          593.3622918784095,
          626.2990858716544,
          659.2358798648994,
          692.1726738581443,
          725.1094678513894,
          758.0462618446343,
          790.9830558378793
        ],
        "scan_mag": [
          0.3267575945491725,
          0.1869767775442953,
          0.1258050260293004,
          0.08805658776601516,
          0.06958013086488268,
          0.05575146917162094,
          0.04611495230693022,
          0.039646345878089934,
          0.03336603739993744,
          0.02875145050920678,
          0.02407273781994374,
          0.020044021203250554,
          0.0170513294360032,
          0.014043806262555063,
          0.011840308356747962,
          0.009657800020233908,
          0.008081292326278262,
          0.006539987692366914,
          0.005274129745830133,
          0.0043753423402533775,
          0.003509733738546074,
          0.002900059669482718,
          0.002316935720163788,
          0.001847832699534822,
          0.0015202896293715744
        ],