{
  "N": 6,
  "TopologyName": "chain (5 bonds)",
  "TotalWallSeconds": 148.61327862739563,
  "ComputeSpectrumWallSeconds": 142.49011707305908,
  "MaxPairingDistance": 1.399973185108059e-13,
  "MeanPairingDistance": 2.9057640074836823e-14,
  "MedianPairingDistance": 2.525166342597983e-14,
  "P99PairingDistance": 8.844655993978457e-14,
  "MinPairingDistance": 2.7755575615628914e-16,
  "OutlierPairCount": 0,
  "SpectrumSize": 4096,
  "MinReal": -6.000000000000056,
  "MaxReal": 6.067690627691085e-15,
  "MinImag": -3.7435771338879773,
  "MaxImag": 3.7435771338879804,
  "DissipationGap": 0.06069213570479021,
  "KernelDimension": 7,
  "PureImaginaryCount": 0,
  "RealEigenvalueCount": 318,
  "DistinctBinnedEigenvalueCount": 2207,
  "JValue": 1.0,
  "GammaValue": 0.5,
  "SigmaShift": -6.0,
  "ComputedBy": "python_dense_eig_anchor"
}