{
  "N": 4,
  "TopologyName": "chain (3 bonds)",
  "TotalWallSeconds": 0.2060236930847168,
  "ComputeSpectrumWallSeconds": 0.1920185089111328,
  "MaxPairingDistance": 2.8650638312069753e-14,
  "MeanPairingDistance": 9.304017711292274e-15,
  "MedianPairingDistance": 7.809928180551689e-15,
  "P99PairingDistance": 2.7298850841548404e-14,
  "MinPairingDistance": 0.0,
  "OutlierPairCount": 0,
  "SpectrumSize": 256,
  "MinReal": -4.000000000000004,
  "MaxReal": 2.62890228022457e-15,
  "MinImag": -2.3660254037844477,
  "MaxImag": 2.3660254037844504,
  "DissipationGap": 0.13615633940247296,
  "KernelDimension": 5,
  "PureImaginaryCount": 0,
  "RealEigenvalueCount": 64,
  "DistinctBinnedEigenvalueCount": 127,
  "JValue": 1.0,
  "GammaValue": 0.5,
  "SigmaShift": -4.0,
  "ComputedBy": "python_dense_eig_anchor"
}