{
  "N": 3,
  "TopologyName": "chain (2 bonds)",
  "TotalWallSeconds": 0.0019996166229248047,
  "ComputeSpectrumWallSeconds": 0.0009999275207519531,
  "MaxPairingDistance": 1.1270140639175387e-14,
  "MeanPairingDistance": 3.0229520079645546e-15,
  "MedianPairingDistance": 1.777859658412155e-15,
  "P99PairingDistance": 1.1222656346746567e-14,
  "MinPairingDistance": 0.0,
  "OutlierPairCount": 0,
  "SpectrumSize": 64,
  "MinReal": -3.000000000000011,
  "MaxReal": 0.0,
  "MinImag": -1.5000000000000004,
  "MaxImag": 1.5000000000000009,
  "DissipationGap": 0.26966700338217614,
  "KernelDimension": 4,
  "PureImaginaryCount": 0,
  "RealEigenvalueCount": 32,
  "DistinctBinnedEigenvalueCount": 26,
  "JValue": 1.0,
  "GammaValue": 0.5,
  "SigmaShift": -3.0,
  "ComputedBy": "python_dense_eig_anchor"
}