{
  "N": 5,
  "TopologyName": "chain (4 bonds)",
  "TotalWallSeconds": 5.538794994354248,
  "ComputeSpectrumWallSeconds": 5.381771564483643,
  "MaxPairingDistance": 6.348109728102432e-14,
  "MeanPairingDistance": 1.8231598418680928e-14,
  "MedianPairingDistance": 1.6494753511916142e-14,
  "P99PairingDistance": 5.274996617768953e-14,
  "MinPairingDistance": 1.4043333874306805e-15,
  "OutlierPairCount": 0,
  "SpectrumSize": 1024,
  "MinReal": -5.0000000000000195,
  "MaxReal": 0.0,
  "MinImag": -2.927886253318006,
  "MaxImag": 2.9278862533180043,
  "DissipationGap": 0.0883668879153618,
  "KernelDimension": 6,
  "PureImaginaryCount": 0,
  "RealEigenvalueCount": 152,
  "DistinctBinnedEigenvalueCount": 488,
  "JValue": 1.0,
  "GammaValue": 0.5,
  "SigmaShift": -5.0,
  "ComputedBy": "python_dense_eig_anchor"
}