{
  "N": 4,
  "TopologyName": "ring (4 bonds)",
  "TotalWallSeconds": 0.16303563117980957,
  "ComputeSpectrumWallSeconds": 0.13402581214904785,
  "MaxPairingDistance": 4.2324813709196646e-08,
  "MeanPairingDistance": 1.5468767865284383e-09,
  "MedianPairingDistance": 6.5456000685849694e-15,
  "P99PairingDistance": 4.2324811368400847e-08,
  "MinPairingDistance": 0.0,
  "OutlierPairCount": 16,
  "SpectrumSize": 256,
  "MinReal": -4.000000000000017,
  "MaxReal": 1.2349533709463985e-15,
  "MinImag": -3.0000000000000044,
  "MaxImag": 3.0000000000000018,
  "DissipationGap": 0.37944513560098975,
  "KernelDimension": 5,
  "PureImaginaryCount": 0,
  "RealEigenvalueCount": 64,
  "DistinctBinnedEigenvalueCount": 85,
  "JValue": 1.0,
  "GammaValue": 0.5,
  "SigmaShift": -4.0,
  "ComputedBy": "python_dense_eig_anchor"
}