{
  "N": 5,
  "TopologyName": "ring (5 bonds)",
  "TotalWallSeconds": 5.960002422332764,
  "ComputeSpectrumWallSeconds": 5.710978269577026,
  "MaxPairingDistance": 9.325661418335425e-14,
  "MeanPairingDistance": 1.770826179027652e-14,
  "MedianPairingDistance": 1.507942823617516e-14,
  "P99PairingDistance": 5.701360069114874e-14,
  "MinPairingDistance": 0.0,
  "OutlierPairCount": 0,
  "SpectrumSize": 1024,
  "MinReal": -5.000000000000004,
  "MaxReal": 1.719720319467125e-15,
  "MinImag": -3.118033988749904,
  "MaxImag": 3.118033988749929,
  "DissipationGap": 0.31728799954750325,
  "KernelDimension": 6,
  "PureImaginaryCount": 0,
  "RealEigenvalueCount": 160,
  "DistinctBinnedEigenvalueCount": 276,
  "JValue": 1.0,
  "GammaValue": 0.5,
  "SigmaShift": -5.0,
  "ComputedBy": "python_dense_eig_anchor"
}