{
  "N": 3,
  "TopologyName": "ring (3 bonds)",
  "TotalWallSeconds": 0.0010001659393310547,
  "ComputeSpectrumWallSeconds": 0.0,
  "MaxPairingDistance": 2.04382973537741e-14,
  "MeanPairingDistance": 3.259942151319158e-15,
  "MedianPairingDistance": 2.716562207081563e-15,
  "P99PairingDistance": 2.04382973537741e-14,
  "MinPairingDistance": 2.372357692484286e-16,
  "OutlierPairCount": 0,
  "SpectrumSize": 64,
  "MinReal": -3.0,
  "MaxReal": 1.3510210984359101e-15,
  "MinImag": -1.500000000000003,
  "MaxImag": 1.5000000000000033,
  "DissipationGap": 0.8278053815582418,
  "KernelDimension": 4,
  "PureImaginaryCount": 0,
  "RealEigenvalueCount": 32,
  "DistinctBinnedEigenvalueCount": 14,
  "JValue": 1.0,
  "GammaValue": 0.5,
  "SigmaShift": -3.0,
  "ComputedBy": "python_dense_eig_anchor"
}