{
  "N": 6,
  "TopologyName": "ring (6 bonds)",
  "TotalWallSeconds": 149.1381709575653,
  "ComputeSpectrumWallSeconds": 143.0432243347168,
  "MaxPairingDistance": 0.045157147511483066,
  "MeanPairingDistance": 4.40988234185495e-05,
  "MedianPairingDistance": 2.75559054484116e-14,
  "P99PairingDistance": 9.933239295962163e-14,
  "MinPairingDistance": 0.0,
  "OutlierPairCount": 14,
  "SpectrumSize": 4096,
  "MinReal": -6.000000000000008,
  "MaxReal": 1.0415554690379467e-14,
  "MinImag": -4.302775637732015,
  "MaxImag": 4.302775637732013,
  "DissipationGap": 0.22997963211756825,
  "KernelDimension": 7,
  "PureImaginaryCount": 0,
  "RealEigenvalueCount": 386,
  "DistinctBinnedEigenvalueCount": 1433,
  "JValue": 1.0,
  "GammaValue": 0.5,
  "SigmaShift": -6.0,
  "ComputedBy": "python_dense_eig_anchor"
}