{
  "N": 3,
  "TopologyName": "star (2 bonds)",
  "TotalWallSeconds": 0.0019960403442382812,
  "ComputeSpectrumWallSeconds": 0.00099945068359375,
  "MaxPairingDistance": 1.2568587680026249e-14,
  "MeanPairingDistance": 3.170390591509179e-15,
  "MedianPairingDistance": 2.7465400791133423e-15,
  "P99PairingDistance": 1.2568587680026249e-14,
  "MinPairingDistance": 0.0,
  "OutlierPairCount": 0,
  "SpectrumSize": 64,
  "MinReal": -3.0000000000000093,
  "MaxReal": 6.549945803253853e-16,
  "MinImag": -1.5000000000000016,
  "MaxImag": 1.5000000000000016,
  "DissipationGap": 0.2696670033821758,
  "KernelDimension": 4,
  "PureImaginaryCount": 0,
  "RealEigenvalueCount": 32,
  "DistinctBinnedEigenvalueCount": 26,
  "JValue": 1.0,
  "GammaValue": 0.5,
  "SigmaShift": -3.0,
  "ComputedBy": "python_dense_eig_anchor"
}