{
  "N": 4,
  "TopologyName": "star (3 bonds)",
  "TotalWallSeconds": 0.2550699710845947,
  "ComputeSpectrumWallSeconds": 0.21706342697143555,
  "MaxPairingDistance": 4.005642761570866e-14,
  "MeanPairingDistance": 9.334955251096143e-15,
  "MedianPairingDistance": 7.88595471213004e-15,
  "P99PairingDistance": 3.054172806871367e-14,
  "MinPairingDistance": 0.0,
  "OutlierPairCount": 0,
  "SpectrumSize": 256,
  "MinReal": -4.000000000000008,
  "MaxReal": 2.7992825767369758e-15,
  "MinImag": -2.0000000000000075,
  "MaxImag": 2.0000000000000044,
  "DissipationGap": 0.20986700466613353,
  "KernelDimension": 5,
  "PureImaginaryCount": 0,
  "RealEigenvalueCount": 62,
  "DistinctBinnedEigenvalueCount": 75,
  "JValue": 1.0,
  "GammaValue": 0.5,
  "SigmaShift": -4.0,
  "ComputedBy": "python_dense_eig_anchor"
}