{
  "N": 5,
  "TopologyName": "star (4 bonds)",
  "TotalWallSeconds": 6.6112060546875,
  "ComputeSpectrumWallSeconds": 6.38065505027771,
  "MaxPairingDistance": 7.950344210718133e-14,
  "MeanPairingDistance": 1.7638797491622732e-14,
  "MedianPairingDistance": 1.574266758547687e-14,
  "P99PairingDistance": 5.570842041330949e-14,
  "MinPairingDistance": 0.0,
  "OutlierPairCount": 0,
  "SpectrumSize": 1024,
  "MinReal": -5.000000000000054,
  "MaxReal": 7.578816394819236e-15,
  "MinImag": -2.500000000000007,
  "MaxImag": 2.500000000000031,
  "DissipationGap": 0.16374146345791973,
  "KernelDimension": 6,
  "PureImaginaryCount": 0,
  "RealEigenvalueCount": 224,
  "DistinctBinnedEigenvalueCount": 202,
  "JValue": 1.0,
  "GammaValue": 0.5,
  "SigmaShift": -5.0,
  "ComputedBy": "python_dense_eig_anchor"
}