{
  "N": 6,
  "TopologyName": "star (5 bonds)",
  "TotalWallSeconds": 137.67020201683044,
  "ComputeSpectrumWallSeconds": 131.93258213996887,
  "MaxPairingDistance": 7.410165224734844e-12,
  "MeanPairingDistance": 4.254323594794327e-14,
  "MedianPairingDistance": 2.878732726664014e-14,
  "P99PairingDistance": 9.712276369660309e-14,
  "MinPairingDistance": 0.0,
  "OutlierPairCount": 8,
  "SpectrumSize": 4096,
  "MinReal": -6.00000000000005,
  "MaxReal": 7.663801260323612e-15,
  "MinImag": -3.000000000000026,
  "MaxImag": 3.0000000000000413,
  "DissipationGap": 0.12997668475163768,
  "KernelDimension": 7,
  "PureImaginaryCount": 0,
  "RealEigenvalueCount": 548,
  "DistinctBinnedEigenvalueCount": 501,
  "JValue": 1.0,
  "GammaValue": 0.5,
  "SigmaShift": -6.0,
  "ComputedBy": "python_dense_eig_anchor"
}