{
  "mode": "hardware",
  "parameters": {
    "N": 3,
    "J": 1.0,
    "t": 0.8,
    "n_trotter": 3,
    "shots": 4096
  },
  "backend": "ibm_marrakesh",
  "path": [
    48,
    49,
    50
  ],
  "job_id": "d7mjnjjaq2pc73a1pk4g",
  "expectations": {
    "truly_unbroken": {
      "I,I": 1.0,
      "X,X": -0.01025390625,
      "X,Y": -0.0068359375,
      "X,Z": 0.0107421875,
      "Y,X": 0.00390625,
      "Y,Y": 0.4716796875,
      "Y,Z": 0.5830078125,
      "Z,X": -0.00244140625,
      "Z,Y": 0.1865234375,
      "Z,Z": 0.1630859375,
      "X,I": 0.07177734375,
      "Y,I": -0.01806640625,
      "Z,I": 0.0029296875,
      "I,X": 0.16845703125,
      "I,Y": -0.00390625,
      "I,Z": -0.0224609375
    },
    "soft_broken": {
      "I,I": 1.0,
      "X,X": -0.01806640625,
      "X,Y": 0.05029296875,
      "X,Z": -0.7109375,
      "Y,X": -0.0283203125,
      "Y,Y": 0.435546875,
      "Y,Z": 0.09765625,
      "Z,X": -0.478515625,
      "Z,Y": 0.01708984375,
      "Z,Z": 0.20361328125,
      "X,I": 0.08740234375,
      "Y,I": -0.0791015625,
      "Z,I": -0.34716796875,
      "I,X": 0.15966796875,
      "I,Y": 0.0146484375,
      "I,Z": -0.1875
    },
    "hard_broken": {
      "I,I": 1.0,
      "X,X": 0.2119140625,
      "X,Y": 0.36376953125,
      "X,Z": 0.205078125,
      "Y,X": -0.013671875,
      "Y,Y": -0.0107421875,
      "Y,Z": 0.02197265625,
      "Z,X": -0.0419921875,
      "Z,Y": -0.00390625,
      "Z,Z": 0.0322265625,
      "X,I": 0.75390625,
      "Y,I": -0.02734375,
      "Z,I": -0.06201171875,
      "I,X": 0.31103515625,
      "I,Y": 0.466796875,
      "I,Z": 0.24560546875
    }
  },
  "counts": {
    "truly_unbroken": {
      "XX": {
        "01": 1102,
        "00": 1254,
        "10": 967,
        "11": 773
      },
      "XY": {
        "11": 953,
        "00": 1081,
        "01": 947,
        "10": 1115
      },
      "XZ": {
        "00": 1092,
        "10": 1103,
        "11": 978,
        "01": 923
      },
      "YX": {
        "11": 918,
        "01": 1214,
        "00": 1138,
        "10": 826
      },
      "YY": {
        "11": 1549,
        "01": 567,
        "00": 1465,
        "10": 515
      },
      "YZ": {
        "00": 1609,
        "11": 1633,
        "10": 402,
        "01": 452
      },
      "ZX": {
        "10": 820,
        "11": 883,
        "01": 1233,
        "00": 1160
      },
      "ZY": {
        "10": 805,
        "01": 861,
        "00": 1179,
        "11": 1251
      },
      "ZZ": {
        "11": 1211,
        "10": 883,
        "01": 831,
        "00": 1171
      }
    },
    "soft_broken": {
      "XX": {
        "10": 989,
        "00": 1204,
        "11": 807,
        "01": 1096
      },
      "XY": {
        "01": 905,
        "10": 1040,
        "11": 950,
        "00": 1201
      },
      "XZ": {
        "10": 2034,
        "01": 1470,
        "11": 399,
        "00": 193
      },
      "YX": {
        "00": 1089,
        "01": 1287,
        "10": 819,
        "11": 901
      },
      "YY": {
        "00": 1381,
        "10": 505,
        "11": 1559,
        "01": 651
      },
      "YZ": {
        "00": 863,
        "11": 1385,
        "01": 825,
        "10": 1023
      },
      "ZX": {
        "11": 728,
        "00": 340,
        "01": 2035,
        "10": 993
      },
      "ZY": {
        "01": 1394,
        "11": 1399,
        "00": 684,
        "10": 619
      },
      "ZZ": {
        "01": 979,
        "10": 652,
        "11": 1780,
        "00": 685
      }
    },
    "hard_broken": {
      "XX": {
        "10": 1235,
        "11": 207,
        "00": 2275,
        "01": 379
      },
      "XY": {
        "00": 2641,
        "10": 966,
        "01": 337,
        "11": 152
      },
      "XZ": {
        "10": 1328,
        "00": 2264,
        "01": 300,
        "11": 204
      },
      "YX": {
        "10": 671,
        "00": 1314,
        "01": 1405,
        "11": 706
      },
      "YY": {
        "00": 1410,
        "01": 1533,
        "11": 616,
        "10": 537
      },
      "YZ": {
        "00": 1274,
        "01": 1285,
        "11": 819,
        "10": 718
      },
      "ZX": {
        "10": 709,
        "11": 702,
        "01": 1425,
        "00": 1260
      },
      "ZY": {
        "00": 1466,
        "11": 574,
        "01": 1538,
        "10": 518
      },
      "ZZ": {
        "01": 1306,
        "10": 676,
        "00": 1245,
        "11": 869
      }
    }
  }
}