{
  "mode": "hardware",
  "parameters": {
    "N": 3,
    "J": 1.0,
    "t": 0.8,
    "n_trotter": 3,
    "shots": 4096
  },
  "backend": "ibm_kingston",
  "path": [
    43,
    56,
    63
  ],
  "job_id": "d7sqjpiudops73976960",
  "expectations": {
    "truly_unbroken": {
      "I,I": 1.0,
      "X,X": -0.033203125,
      "X,Y": -0.0166015625,
      "X,Z": -0.01806640625,
      "Y,X": 0.01953125,
      "Y,Y": 0.4921875,
      "Y,Z": 0.6416015625,
      "Z,X": -0.01806640625,
      "Z,Y": 0.21435546875,
      "Z,Z": 0.236328125,
      "X,I": 0.12158203125,
      "Y,I": 0.015625,
      "Z,I": -0.0107421875,
      "I,X": 0.1357421875,
      "I,Y": -0.00341796875,
      "I,Z": 0.001953125
    },
    "pi2_odd_pure": {
      "I,I": 1.0,
      "X,X": -0.0302734375,
      "X,Y": 0.01953125,
      "X,Z": -0.77392578125,
      "Y,X": -0.029296875,
      "Y,Y": 0.533203125,
      "Y,Z": 0.06591796875,
      "Z,X": -0.53662109375,
      "Z,Y": 0.0322265625,
      "Z,Z": 0.23583984375,
      "X,I": 0.107421875,
      "Y,I": -0.04541015625,
      "Z,I": -0.353515625,
      "I,X": 0.1142578125,
      "I,Y": -0.03662109375,
      "I,Z": -0.21533203125
    },
    "pi2_even_nontruly": {
      "I,I": 1.0,
      "X,X": 0.8427734375,
      "X,Y": 0.02978515625,
      "X,Z": 0.02099609375,
      "Y,X": -0.0224609375,
      "Y,Y": 0.005859375,
      "Y,Z": -0.0185546875,
      "Z,X": 0.04541015625,
      "Z,Y": -0.0048828125,
      "Z,Z": -0.0458984375,
      "X,I": 0.89013671875,
      "Y,I": 0.02294921875,
      "Z,I": 0.068359375,
      "I,X": 0.916015625,
      "I,Y": 0.0732421875,
      "I,Z": 0.0234375
    },
    "mixed_anti_one_sixth": {
      "I,I": 1.0,
      "X,X": 0.04931640625,
      "X,Y": -0.0341796875,
      "X,Z": 0.12060546875,
      "Y,X": 0.0107421875,
      "Y,Y": -0.0556640625,
      "Y,Z": 0.001953125,
      "Z,X": -0.7236328125,
      "Z,Y": -0.0068359375,
      "Z,Z": -0.20654296875,
      "X,I": 0.07666015625,
      "Y,I": -0.05322265625,
      "Z,I": -0.7763671875,
      "I,X": 0.822265625,
      "I,Y": 0.00439453125,
      "I,Z": 0.30908203125
    }
  },
  "counts": {
    "truly_unbroken": {
      "XX": {
        "00": 1239,
        "11": 741,
        "10": 1026,
        "01": 1090
      },
      "XY": {
        "00": 1161,
        "11": 853,
        "01": 852,
        "10": 1230
      },
      "XZ": {
        "11": 904,
        "00": 1107,
        "10": 1190,
        "01": 895
      },
      "YX": {
        "11": 947,
        "10": 936,
        "01": 1072,
        "00": 1141
      },
      "YY": {
        "00": 1469,
        "11": 1587,
        "10": 508,
        "01": 532
      },
      "YZ": {
        "11": 1653,
        "01": 363,
        "00": 1709,
        "10": 371
      },
      "ZX": {
        "01": 1168,
        "00": 1158,
        "10": 917,
        "11": 853
      },
      "ZY": {
        "00": 1247,
        "01": 794,
        "10": 815,
        "11": 1240
      },
      "ZZ": {
        "11": 1275,
        "10": 769,
        "00": 1257,
        "01": 795
      }
    },
    "pi2_odd_pure": {
      "XX": {
        "00": 1213,
        "11": 773,
        "01": 1079,
        "10": 1031
      },
      "XY": {
        "01": 834,
        "10": 1174,
        "11": 946,
        "00": 1142
      },
      "XZ": {
        "10": 2113,
        "01": 1520,
        "11": 308,
        "00": 155
      },
      "YX": {
        "01": 1229,
        "11": 878,
        "10": 879,
        "00": 1110
      },
      "YY": {
        "01": 482,
        "10": 474,
        "00": 1528,
        "11": 1612
      },
      "YZ": {
        "11": 1327,
        "10": 1099,
        "00": 856,
        "01": 814
      },
      "ZX": {
        "01": 2026,
        "11": 693,
        "00": 256,
        "10": 1121
      },
      "ZY": {
        "01": 1262,
        "00": 711,
        "10": 720,
        "11": 1403
      },
      "ZZ": {
        "00": 683,
        "01": 924,
        "10": 641,
        "11": 1848
      }
    },
    "pi2_even_nontruly": {
      "XX": {
        "00": 3721,
        "10": 145,
        "01": 177,
        "11": 53
      },
      "XY": {
        "10": 1868,
        "00": 2001,
        "01": 119,
        "11": 108
      },
      "XZ": {
        "00": 1962,
        "10": 1909,
        "11": 129,
        "01": 96
      },
      "YX": {
        "00": 1939,
        "01": 1989,
        "10": 105,
        "11": 63
      },
      "YY": {
        "11": 949,
        "00": 1111,
        "10": 1029,
        "01": 1007
      },
      "YZ": {
        "11": 983,
        "00": 1027,
        "01": 1018,
        "10": 1068
      },
      "ZX": {
        "01": 1875,
        "11": 92,
        "00": 2049,
        "10": 80
      },
      "ZY": {
        "00": 1172,
        "01": 1026,
        "10": 1032,
        "11": 866
      },
      "ZZ": {
        "00": 1071,
        "10": 1117,
        "11": 883,
        "01": 1025
      }
    },
    "mixed_anti_one_sixth": {
      "XX": {
        "00": 2015,
        "01": 1713,
        "11": 134,
        "10": 234
      },
      "XY": {
        "11": 874,
        "10": 1155,
        "01": 963,
        "00": 1104
      },
      "XZ": {
        "01": 1144,
        "00": 1548,
        "10": 657,
        "11": 747
      },
      "YX": {
        "00": 1885,
        "01": 1842,
        "11": 185,
        "10": 184
      },
      "YY": {
        "01": 1110,
        "00": 943,
        "11": 991,
        "10": 1052
      },
      "YZ": {
        "00": 1311,
        "11": 741,
        "01": 1416,
        "10": 628
      },
      "ZX": {
        "11": 215,
        "01": 3381,
        "10": 149,
        "00": 351
      },
      "ZY": {
        "01": 1800,
        "11": 1777,
        "00": 257,
        "10": 262
      },
      "ZZ": {
        "11": 1291,
        "01": 2347,
        "00": 334,
        "10": 124
      }
    }
  }
}