{
  "experiment": "palindrome_validation",
  "timestamp": "20260318_184921",
  "mode": "simulate",
  "backend": "simulator",
  "framework": "R = CPsi^2",
  "qubit": {
    "qubit": 80,
    "T1_us": 159.0,
    "T2star_us": 11.0,
    "T2echo_us": 27.0
  },
  "calibration_day_of": null,
  "shots": 8192,
  "prediction": {
    "t_star_us": 9.465902294896969,
    "t_star_over_T2star": 0.8605365722633608,
    "b_star": 0.4229350861868312,
    "C_at_crossing": 0.5911072601093047,
    "psi_at_crossing": 0.4229350861868312,
    "r": 0.06918238993710692
  },
  "measured_crossing_us": 9.215681131775552,
  "measured_crossing_over_T2star": 0.8377891937977775,
  "deviation_from_prediction": 0.02274737846558328,
  "verdict": {
    "crossing_found": true,
    "measured_t_over_T2star": 0.8378,
    "predicted_t_over_T2star": 0.8605,
    "deviation": 0.0227,
    "deviation_percent": 2.6,
    "pure_dephasing_limit": 0.858,
    "summary": "Crossing at t*/T2* = 0.838 (predicted 0.861, deviation 2.6%). VALIDATES T2*-based palindrome prediction."
  },
  "analysis": [
    {
      "delay_us": 0.0,
      "t_over_T2star": 0.0,
      "C_measured": 0.995989,
      "psi_measured": 0.995869,
      "cpsi_measured": 0.991874,
      "cpsi_theory_T2star": 1.0,
      "cpsi_theory_T2echo": 1.0,
      "cpsi_deviation_T2star": -0.008126,
      "cpsi_deviation_T2echo": -0.008126,
      "rho_00": 0.507451,
      "rho_11": 0.492549,
      "rho_01_abs": 0.497935,
      "rho_01_phase_deg": 0.34
    },
    {
      "delay_us": 3.3,
      "t_over_T2star": 0.3,
      "C_measured": 0.771422,
      "psi_measured": 0.733797,
      "cpsi_measured": 0.566067,
      "cpsi_theory_T2star": 0.57385,
      "cpsi_theory_T2echo": 0.789183,
      "cpsi_deviation_T2star": -0.007783,
      "cpsi_deviation_T2echo": -0.223116,
      "rho_00": 0.533116,
      "rho_11": 0.466884,
      "rho_01_abs": 0.366898,
      "rho_01_phase_deg": -0.16
    },
    {
      "delay_us": 6.6,
      "t_over_T2star": 0.6,
      "C_measured": 0.667382,
      "psi_measured": 0.57185,
      "cpsi_measured": 0.381642,
      "cpsi_theory_T2star": 0.357509,
      "cpsi_theory_T2echo": 0.63237,
      "cpsi_deviation_T2star": 0.024133,
      "cpsi_deviation_T2echo": -0.250727,
      "rho_00": 0.544018,
      "rho_11": 0.455982,
      "rho_01_abs": 0.285925,
      "rho_01_phase_deg": -0.42
    },
    {
      "delay_us": 9.35,
      "t_over_T2star": 0.85,
      "C_measured": 0.588198,
      "psi_measured": 0.413534,
      "cpsi_measured": 0.24324,
      "cpsi_theory_T2star": 0.253445,
      "cpsi_theory_T2echo": 0.531729,
      "cpsi_deviation_T2star": -0.010206,
      "cpsi_deviation_T2echo": -0.288489,
      "rho_00": 0.536693,
      "rho_11": 0.463307,
      "rho_01_abs": 0.206767,
      "rho_01_phase_deg": -0.58
    },
    {
      "delay_us": 11.0,
      "t_over_T2star": 1.0,
      "C_measured": 0.551065,
      "psi_measured": 0.310869,
      "cpsi_measured": 0.171309,
      "cpsi_theory_T2star": 0.209655,
      "cpsi_theory_T2echo": 0.48146,
      "cpsi_deviation_T2star": -0.038346,
      "cpsi_deviation_T2echo": -0.310151,
      "rho_00": 0.537051,
      "rho_11": 0.462949,
      "rho_01_abs": 0.155434,
      "rho_01_phase_deg": -2.86
    },
    {
      "delay_us": 13.2,
      "t_over_T2star": 1.2,
      "C_measured": 0.538645,
      "psi_measured": 0.270824,
      "cpsi_measured": 0.145878,
      "cpsi_theory_T2star": 0.165215,
      "cpsi_theory_T2echo": 0.423947,
      "cpsi_deviation_T2star": -0.019337,
      "cpsi_deviation_T2echo": -0.278069,
      "rho_00": 0.531399,
      "rho_11": 0.468601,
      "rho_01_abs": 0.135412,
      "rho_01_phase_deg": 0.6
    },
    {
      "delay_us": 19.8,
      "t_over_T2star": 1.8,
      "C_measured": 0.511679,
      "psi_measured": 0.123635,
      "cpsi_measured": 0.063262,
      "cpsi_theory_T2star": 0.086041,
      "cpsi_theory_T2echo": 0.298847,
      "cpsi_deviation_T2star": -0.022779,
      "cpsi_deviation_T2echo": -0.235585,
      "rho_00": 0.544923,
      "rho_11": 0.455077,
      "rho_01_abs": 0.061818,
      "rho_01_phase_deg": 6.12
    },
    {
      "delay_us": 44.0,
      "t_over_T2star": 4.0,
      "C_measured": 0.527894,
      "psi_measured": 0.024046,
      "cpsi_measured": 0.012694,
      "cpsi_theory_T2star": 0.009696,
      "cpsi_theory_T2echo": 0.107493,
      "cpsi_deviation_T2star": 0.002998,
      "cpsi_deviation_T2echo": -0.094799,
      "rho_00": 0.617484,
      "rho_11": 0.382516,
      "rho_01_abs": 0.012023,
      "rho_01_phase_deg": -32.23
    }
  ],
  "raw_tomography": [
    {
      "delay_us": 0.0,
      "density_matrix_real": [
        [
          0.5074507122951685,
          0.49792603548243225
        ],
        [
          0.49792603548243225,
          0.49254928770483153
        ]
      ],
      "density_matrix_imag": [
        [
          0.0,
          0.002914598421453116
        ],
        [
          -0.002914598421453116,
          0.0
        ]
      ],
      "fidelity": null
    },
    {
      "delay_us": 3.3,
      "density_matrix_real": [
        [
          0.5331158579399317,
          0.3668968097200089
        ],
        [
          0.3668968097200089,
          0.46688414206006834
        ]
      ],
      "density_matrix_imag": [
        [
          0.0,
          -0.0010536163062713124
        ],
        [
          0.0010536163062713124,
          0.0
        ]
      ],
      "fidelity": null
    },
    {
      "delay_us": 6.6,
      "density_matrix_real": [
        [
          0.5440180497732432,
          0.2859173389843069
        ],
        [
          0.2859173389843069,
          0.4559819502267568
        ]
      ],
      "density_matrix_imag": [
        [
          0.0,
          -0.0021126347367072845
        ],
        [
          0.0021126347367072845,
          0.0
        ]
      ],
      "fidelity": null
    },
    {
      "delay_us": 9.35,
      "density_matrix_real": [
        [
          0.5366931080283819,
          0.20675620058217642
        ],
        [
          0.20675620058217642,
          0.4633068919716181
        ]
      ],
      "density_matrix_imag": [
        [
          0.0,
          -0.0020957838910661557
        ],
        [
          0.0020957838910661557,
          0.0
        ]
      ],
      "fidelity": null
    },
    {
      "delay_us": 11.0,
      "density_matrix_real": [
        [
          0.5370512009700691,
          0.1552405169158542
        ],
        [
          0.1552405169158542,
          0.4629487990299309
        ]
      ],
      "density_matrix_imag": [
        [
          0.0,
          -0.007762130246308647
        ],
        [
          0.007762130246308647,
          0.0
        ]
      ],
      "fidelity": null
    },
    {
      "delay_us": 13.2,
      "density_matrix_real": [
        [
          0.5313987959274052,
          0.13540463915108472
        ],
        [
          0.13540463915108472,
          0.46860120407259476
        ]
      ],
      "density_matrix_imag": [
        [
          0.0,
          0.0014141129966787323
        ],
        [
          -0.0014141129966787323,
          0.0
        ]
      ],
      "fidelity": null
    },
    {
      "delay_us": 19.8,
      "density_matrix_real": [
        [
          0.5449230024165407,
          0.06146488859076389
        ],
        [
          0.06146488859076389,
          0.4550769975834593
        ]
      ],
      "density_matrix_imag": [
        [
          0.0,
          0.0065954194601469925
        ],
        [
          -0.0065954194601469925,
          0.0
        ]
      ],
      "fidelity": null
    },
    {
      "delay_us": 44.0,
      "density_matrix_real": [
        [
          0.617483588851112,
          0.010170742514685947
        ],
        [
          0.010170742514685947,
          0.382516411148888
        ]
      ],
      "density_matrix_imag": [
        [
          0.0,
          -0.006411366837960555
        ],
        [
          0.006411366837960555,
          0.0
        ]
      ],