{
  "timestamp": "2026-03-18T19:19:21.935036",
  "backend": "ibm_torino",
  "experiment": "T2Ramsey (T2* without echo)",
  "results": [
    {
      "qubit": 80,
      "name": "Q80",
      "T2_echo_us": 27,
      "phase_std_deg": 12.4,
      "behavior": "smooth",
      "delays_us": [
        0.1,
        3.45,
        6.8,
        10.15,
        13.5,
        13.5,
        23.625,
        33.75,
        43.875,
        54.0,
        54.0,
        74.25,
        94.5,
        114.75,
        135.0
      ],
      "analysis": {
        "Frequency": {
          "value": 0.0002443395761168167,
          "stderr": NaN
        },
        "T2star": {
          "value": 1.7356249643023062e-05,
          "stderr": NaN
        }
      },
      "T2star_us": 17.356249643023062,
      "T2echo_over_T2star": 1.5556356099575679
    },
    {
      "qubit": 102,
      "name": "Q102",
      "T2_echo_us": 33,
      "phase_std_deg": 108.8,
      "behavior": "chaotic",
      "delays_us": [
        0.1,
        4.199999999999999,
        8.299999999999999,
        12.399999999999999,
        16.5,
        16.5,
        28.875,
        41.25,
        53.625,
        66.0,
        66.0,
        90.75,
        115.5,
        140.25,
        165.0
      ],
      "analysis": {
        "Frequency": {
          "value": 26321.2676927041,
          "stderr": 492.7610907015242
        },
        "T2star": {
          "value": 2.6415388707759807e-05,
          "stderr": 1.8040823859407675e-06
        }
      },
      "T2star_us": 26.415388707759806,
      "T2echo_over_T2star": 1.2492717924800363
    }
  ]
}