{
  "timestamp": "2026-03-12T18:26:34.049373",
  "backend": "ibm_torino",
  "experiment": "T2Ramsey (T2* without echo)",
  "results": [
    {
      "qubit": 80,
      "name": "Q80",
      "T2_echo_us": 27,
      "phase_std_deg": 12.4,
      "behavior": "smooth",
      "delays_us": [
        0.1,
        3.45,
        6.8,
        10.15,
        13.5,
        13.5,
        23.625,
        33.75,
        43.875,
        54.0,
        54.0,
        74.25,
        94.5,
        114.75,
        135.0
      ],
      "analysis": {
        "Frequency": {
          "value": 3787.003906800758,
          "stderr": 8099.361487239246
        },
        "T2star": {
          "value": 1.101281818543087e-05,
          "stderr": 4.053090789426402e-06
        }
      },
      "T2star_us": 11.01281818543087,
      "T2echo_over_T2star": 2.4516885274396856
    },
    {
      "qubit": 102,
      "name": "Q102",
      "T2_echo_us": 33,
      "phase_std_deg": 108.8,
      "behavior": "chaotic",
      "delays_us": [
        0.1,
        4.199999999999999,
        8.299999999999999,
        12.399999999999999,
        16.5,
        16.5,
        28.875,
        41.25,
        53.625,
        66.0,
        66.0,
        90.75,
        115.5,
        140.25,
        165.0
      ],
      "analysis": {
        "Frequency": {
          "value": 19403.72890061343,
          "stderr": 1324.2856683269442
        },
        "T2star": {
          "value": 1.5441062901216774e-05,
          "stderr": 1.0684578858311507e-06
        }
      },
      "T2star_us": 15.441062901216775,
      "T2echo_over_T2star": 2.137158575877543
    }
  ]
}