{
  "3": {
    "N": 3,
    "gamma_0": 0.05,
    "J": 1.0,
    "dJ": 0.01,
    "bonds_tested": [
      0,
      1
    ],
    "bond_results": {
      "bond_0_1": {
        "S_0": 0.0,
        "S_1": 0.2877147652028844,
        "S_2": 0.2877147649490208,
        "S_3": 0.0
      },
      "bond_1_2": {
        "S_0": 0.0,
        "S_1": 0.2877147647582179,
        "S_2": 0.2877138232399101,
        "S_3": 0.0
      }
    },
    "bond_rmse": {
      "bond_0_1": {
        "S_0": 1.0657959625866671e-16,
        "S_1": 0.026406850690039396,
        "S_2": 0.026406850690049433,
        "S_3": 1.0657959625866671e-16
      },
      "bond_1_2": {
        "S_0": 1.0657959625866671e-16,
        "S_1": 0.02640685069003691,
        "S_2": 0.026406850690050464,
        "S_3": 1.0657959625866671e-16
      }
    },
    "sine_basis_bond_products": {
      "k_1": [
        0.35355339059327384,
        0.35355339059327384
      ],
      "k_2": [
        6.123233995736767e-17,
        -6.123233995736767e-17
      ],
      "k_3": [
        -0.35355339059327384,
        -0.35355339059327373
      ]
    }
  },
  "4": {
    "N": 4,
    "gamma_0": 0.05,
    "J": 1.0,
    "dJ": 0.01,
    "bonds_tested": [
      0,
      1,
      2
    ],
    "bond_results": {
      "bond_0_1": {
        "S_0": 0.0,
        "S_1": -0.24461577946119917,
        "S_2": -1.044736208844288,
        "S_3": -0.24461578022223485,
        "S_4": 0.0
      },
      "bond_1_2": {
        "S_0": 0.0,
        "S_1": -0.13360357748615215,
        "S_2": 213.75614343778827,
        "S_3": -0.1336035775053368,
        "S_4": 0.0
      },
      "bond_2_3": {
        "S_0": 0.0,
        "S_1": -0.24461577935208645,
        "S_2": -403.06969489118893,
        "S_3": -0.24461577961361058,
        "S_4": 0.0
      }
    },
    "bond_rmse": {
      "bond_0_1": {
        "S_0": 1.0657959625866671e-16,
        "S_1": 0.0494100688934708,
        "S_2": 9.463429488333039e-16,
        "S_3": 0.0494100688935045,
        "S_4": 1.0657959625866671e-16
      },
      "bond_1_2": {
        "S_0": 1.0657959625866671e-16,
        "S_1": 0.04939961609704841,
        "S_2": 4.713483173316233e-16,
        "S_3": 0.04939961609707175,
        "S_4": 1.0657959625866671e-16
      },
      "bond_2_3": {
        "S_0": 1.0657959625866671e-16,
        "S_1": 0.0494100688934771,
        "S_2": 1.1145005716162905e-14,
        "S_3": 0.04941006889350865,
        "S_4": 1.0657959625866671e-16
      }
    },
    "sine_basis_bond_products": {
      "k_1": [
        0.22360679774997896,
        0.3618033988749895,
        0.22360679774997905
      ],
      "k_2": [
        0.223606797749979,
        -0.13819660112501053,
        0.22360679774997896
      ],
      "k_3": [
        -0.22360679774997896,
        0.13819660112501056,
        -0.22360679774997902
      ],
      "k_4": [
        -0.22360679774997905,
        -0.3618033988749895,
        -0.22360679774997883
      ]
    }
  }
}