{
  "6": {
    "N": 6,
    "gamma_0": 0.05,
    "J": 1.0,
    "dJ": 0.01,
    "bonds_tested": [
      0,
      1,
      2,
      3,
      4
    ],
    "bond_results": {
      "bond_0_1": {
        "S_0": 0.0,
        "S_1": 0.1491048959690433,
        "S_2": 104.98614084815516,
        "S_3": -587.2041443996177,
        "S_4": 104.98614084829443,
        "S_5": 0.14910489598314314,
        "S_6": 0.0
      },
      "bond_1_2": {
        "S_0": 0.0,
        "S_1": 1.6861150259495972,
        "S_2": -104.06500331070676,
        "S_3": -0.31326447417097114,
        "S_4": -104.0650033108018,
        "S_5": 1.6861150258112412,
        "S_6": 0.0
      },
      "bond_2_3": {
        "S_0": 0.0,
        "S_1": 0.4955362096610738,
        "S_2": 0.291930206092772,
        "S_3": 560.096821256119,
        "S_4": 0.29193020628586197,
        "S_5": 0.4955362097333271,
        "S_6": 0.0
      },
      "bond_3_4": {
        "S_0": 0.0,
        "S_1": 1.6861150264449787,
        "S_2": -104.06500331070436,
        "S_3": -0.02760246936084343,
        "S_4": -104.06500331064676,
        "S_5": 1.6861150260783608,
        "S_6": 0.0
      },
      "bond_4_5": {
        "S_0": 0.0,
        "S_1": 0.14910489583770392,
        "S_2": 104.98614084842836,
        "S_3": -0.062076540515754175,
        "S_4": 104.98614084903028,
        "S_5": 0.14910489580142183,
        "S_6": 0.0
      }
    },
    "bond_rmse": {
      "bond_0_1": {
        "S_0": 1.0657959625866671e-16,
        "S_1": 0.025798837599918762,
        "S_2": 0.02864745539362852,
        "S_3": 4.841036892757299e-14,
        "S_4": 0.02864745539364402,
        "S_5": 0.02579883759990475,
        "S_6": 1.0657959625866671e-16
      },
      "bond_1_2": {
        "S_0": 1.0657959625866671e-16,
        "S_1": 0.025778277640682145,
        "S_2": 0.02854758913290443,
        "S_3": 4.4529585646653416e-14,
        "S_4": 0.02854758913283599,
        "S_5": 0.02577827764066307,
        "S_6": 1.0657959625866671e-16
      },
      "bond_2_3": {
        "S_0": 1.0657959625866671e-16,
        "S_1": 0.02591868611788648,
        "S_2": 0.028612884567129,
        "S_3": 2.1728049072588977e-15,
        "S_4": 0.028612884567084235,
        "S_5": 0.025918686117874762,
        "S_6": 1.0657959625866671e-16
      },
      "bond_3_4": {
        "S_0": 1.0657959625866671e-16,
        "S_1": 0.02577827764067868,
        "S_2": 0.028547589132861224,
        "S_3": 6.086871648157053e-14,
        "S_4": 0.028547589132850344,
        "S_5": 0.025778277640660922,
        "S_6": 1.0657959625866671e-16
      },
      "bond_4_5": {
        "S_0": 1.0657959625866671e-16,
        "S_1": 0.025798837599920774,
        "S_2": 0.028647455393667535,
        "S_3": 1.5095421196685933e-14,
        "S_4": 0.028647455393602424,
        "S_5": 0.0257988375999019,
        "S_6": 1.0657959625866671e-16
      }
    },
    "sine_basis_bond_products": {
      "k_1": [
        0.0969211334208721,
        0.21777980996587895,
        0.27156698112891703,
        0.217779809965879,
        0.09692113342087216
      ],
      "k_2": [
        0.21777980996587895,
        0.1208586765450069,
        -0.05378717116303807,
        0.12085867654500683,
        0.217779809965879
      ],
      "k_3": [
        0.1208586765450069,
        -0.09692113342087212,
        0.17464584770804492,
        -0.0969211334208719,
        0.1208586765450066
      ],
      "k_4": [
        -0.12085867654500683,
        0.09692113342087211,
        -0.1746458477080449,
        0.09692113342087215,
        -0.12085867654500693
      ],
      "k_5": [
        -0.217779809965879,
        -0.12085867654500657,
        0.05378717116303798,
        -0.12085867654500698,
        -0.21777980996587862
      ],
      "k_6": [
        -0.09692113342087216,
        -0.21777980996587906,
        -0.27156698112891703,
        -0.21777980996587853,
        -0.09692113342087182
      ]
    }
  }
}