{
  "experiment": "Theorem-1+2 Block-C\u03a8 saturation lens",
  "initial_state": "(|D_0\u27e9+|D_1\u27e9)/\u221a2 = (|00\u27e9+(|01\u27e9+|10\u27e9)/\u221a2)/\u221a2",
  "n_qubits": 2,
  "t_grid_us": [
    0.0,
    120.0,
    240.0,
    360.0,
    480.0
  ],
  "t2_min_us_calibration": 480.0,
  "gamma_eff_per_us_calibration": 0.0020833333333333333,
  "backend": "ibm_kingston",
  "mode": "hardware",
  "path": [
    13,
    14
  ],
  "job_id": "d7ulfjdpa59c73b4rttg",
  "timestamp_utc": "20260508T032749Z",
  "predictions": {
    "C_block_at_t0_theorem1": 0.25,
    "C_block_trajectory_form": "(1/4) * exp(-4 * gamma_eff * t)"
  },
  "t_snapshots": [
    {
      "t_us": 0.0,
      "expectations": {
        "I,I": 1.0,
        "X,X": 0.4755859375,
        "X,Y": -0.0185546875,
        "X,Z": 0.6572265625,
        "X,I": 0.68994140625,
        "Y,X": 0.04248046875,
        "Y,Y": 0.45166015625,
        "Y,Z": -0.01123046875,
        "Y,I": 0.01318359375,
        "Z,X": 0.6435546875,
        "Z,Y": 0.00341796875,
        "Z,Z": -0.01904296875,
        "Z,I": 0.48486328125,
        "I,X": 0.6650390625,
        "I,Y": 0.01025390625,
        "I,Z": 0.4736328125
      },
      "C_block_n0": 0.22046686708927157,
      "C_block_n1": 0.00013591349124908447,
      "fraction_of_quarter_n0": 0.8818674683570863,
      "trace_rho": 1.0,
      "purity_rho": 0.9142332673072815
    },
    {
      "t_us": 120.0,
      "expectations": {
        "I,I": 1.0,
        "X,X": -0.1083984375,
        "X,Y": -0.17041015625,
        "X,Z": 0.42822265625,
        "X,I": 0.4189453125,
        "Y,X": 0.228515625,
        "Y,Y": -0.111328125,
        "Y,Z": -0.263671875,
        "Y,I": -0.28466796875,
        "Z,X": -0.3759765625,
        "Z,Y": -0.16259765625,
        "Z,Z": 0.29443359375,
        "Z,I": 0.62548828125,
        "I,X": -0.35205078125,
        "I,Y": -0.1357421875,
        "I,Z": 0.6513671875
      },
      "C_block_n0": 0.1023375391960144,
      "C_block_n1": 0.00011378526687622073,
      "fraction_of_quarter_n0": 0.4093501567840576,
      "trace_rho": 1.0,
      "purity_rho": 0.7068049311637878
    },
    {
      "t_us": 240.0,
      "expectations": {
        "I,I": 1.0,
        "X,X": -0.06689453125,
        "X,Y": 0.10107421875,
        "X,Z": 0.103515625,
        "X,I": 0.1240234375,
        "Y,X": -0.08154296875,
        "Y,Y": -0.0263671875,
        "Y,Z": -0.33349609375,
        "Y,I": -0.33056640625,
        "Z,X": 0.1669921875,
        "Z,Y": 0.185546875,
        "Z,Z": 0.4755859375,
        "Z,I": 0.69775390625,
        "I,X": 0.1494140625,
        "I,Y": 0.1875,
        "I,Z": 0.76123046875
      },
      "C_block_n0": 0.04575186967849732,
      "C_block_n1": 4.637241363525391e-05,
      "fraction_of_quarter_n0": 0.18300747871398929,
      "trace_rho": 1.0,
      "purity_rho": 0.6702339053153992
    },
    {
      "t_us": 360.0,
      "expectations": {
        "I,I": 1.0,
        "X,X": 0.025390625,
        "X,Y": -0.01708984375,
        "X,Z": -0.06591796875,
        "X,I": -0.06640625,
        "Y,X": 0.00048828125,
        "Y,Y": 0.0234375,
        "Y,Z": -0.22021484375,
        "Y,I": -0.23681640625,
        "Z,X": -0.0615234375,
        "Z,Y": -0.07421875,
        "Z,Z": 0.63916015625,
        "Z,I": 0.796875,
        "I,X": -0.06396484375,
        "I,Y": -0.07958984375,
        "I,Z": 0.83056640625
      },
      "C_block_n0": 0.0166119784116745,
      "C_block_n1": 1.94162130355835e-05,
      "fraction_of_quarter_n0": 0.066447913646698,
      "trace_rho": 1.0,
      "purity_rho": 0.7169783711433411
    },
    {
      "t_us": 480.0,
      "expectations": {
        "I,I": 1.0,
        "X,X": -0.03857421875,
        "X,Y": -0.0224609375,
        "X,Z": -0.1435546875,
        "X,I": -0.15673828125,
        "Y,X": 0.02490234375,
        "Y,Y": -0.00927734375,
        "Y,Z": -0.07177734375,
        "Y,I": -0.07470703125,
        "Z,X": 0.029296875,
        "Z,Y": 0.02880859375,
        "Z,Z": 0.7353515625,
        "Z,I": 0.8544921875,
        "I,X": 0.02880859375,
        "I,Y": 0.02392578125,
        "I,Z": 0.8701171875
      },
      "C_block_n0": 0.007361918687820434,
      "C_block_n1": 1.290440559387207e-05,
      "fraction_of_quarter_n0": 0.029447674751281735,
      "trace_rho": 1.0,
      "purity_rho": 0.7724249958992004
    }
  ]
}