{
  "mode": "hardware",
  "parameters": {
    "N": 3,
    "J": 1.0,
    "t": 0.8,
    "n_trotter": 3,
    "shots": 4096
  },
  "backend": "ibm_marrakesh",
  "path": [
    48,
    49,
    50
  ],
  "job_id": "d7ornigror3c73c0c6ug",
  "expectations": {
    "state_a": {
      "I,I": 1.0,
      "X,X": -0.04541015625,
      "X,Y": -0.04736328125,
      "X,Z": 0.00830078125,
      "Y,X": 0.0390625,
      "Y,Y": 0.1181640625,
      "Y,Z": 0.25146484375,
      "Z,X": 0.0078125,
      "Z,Y": -0.2373046875,
      "Z,Z": 0.0849609375,
      "X,I": 0.01171875,
      "Y,I": -0.03515625,
      "Z,I": -0.04541015625,
      "I,X": 0.64892578125,
      "I,Y": -0.02392578125,
      "I,Z": -0.04052734375
    },
    "state_b": {
      "I,I": 1.0,
      "X,X": -0.080078125,
      "X,Y": 0.04296875,
      "X,Z": -0.0009765625,
      "Y,X": 0.025390625,
      "Y,Y": 0.25927734375,
      "Y,Z": -0.095703125,
      "Z,X": -0.0224609375,
      "Z,Y": 0.12451171875,
      "Z,Z": 0.26708984375,
      "X,I": -0.0986328125,
      "Y,I": -0.02294921875,
      "Z,I": -0.01904296875,
      "I,X": -0.67431640625,
      "I,Y": 0.04931640625,
      "I,Z": -0.0615234375
    }
  },
  "counts": {
    "state_a": {
      "XX": {
        "01": 1699,
        "00": 1716,
        "10": 442,
        "11": 239
      },
      "XY": {
        "00": 1022,
        "10": 1125,
        "01": 1020,
        "11": 929
      },
      "XZ": {
        "01": 953,
        "11": 1071,
        "00": 994,
        "10": 1078
      },
      "YX": {
        "01": 1697,
        "00": 1697,
        "11": 431,
        "10": 271
      },
      "YY": {
        "10": 912,
        "00": 1035,
        "01": 894,
        "11": 1255
      },
      "YZ": {
        "11": 1382,
        "00": 1181,
        "10": 795,
        "01": 738
      },
      "ZX": {
        "01": 1732,
        "11": 419,
        "00": 1645,
        "10": 300
      },
      "ZY": {
        "01": 1309,
        "10": 1225,
        "11": 872,
        "00": 690
      },
      "ZZ": {
        "00": 1023,
        "10": 932,
        "11": 1199,
        "01": 942
      }
    },
    "state_b": {
      "XX": {
        "10": 1729,
        "01": 483,
        "11": 1740,
        "00": 144
      },
      "XY": {
        "11": 1097,
        "00": 1039,
        "01": 1137,
        "10": 823
      },
      "XZ": {
        "10": 1011,
        "11": 1211,
        "01": 1039,
        "00": 835
      },
      "YX": {
        "10": 1686,
        "11": 1768,
        "01": 310,
        "00": 332
      },
      "YY": {
        "10": 667,
        "11": 1272,
        "00": 1307,
        "01": 850
      },
      "YZ": {
        "00": 810,
        "10": 1191,
        "01": 1053,
        "11": 1042
      },
      "ZX": {
        "11": 1759,
        "10": 1670,
        "01": 424,
        "00": 243
      },
      "ZY": {
        "00": 1163,
        "11": 1140,
        "10": 807,
        "01": 986
      },
      "ZZ": {
        "01": 707,
        "10": 794,
        "00": 1215,
        "11": 1380
      }
    }
  }
}