{
  "N": 5,
  "gamma_0": 0.05,
  "J": 1.0,
  "dJ": 0.01,
  "defect_bond": [
    0,
    1
  ],
  "c1_pure_Sn": {
    "0": 0.0,
    "1": 0.3917001302167433,
    "2": -0.31157489696456153,
    "3": -0.31157489715401,
    "4": 0.391700129577055,
    "5": 0.0
  },
  "pair_results": {
    "0_1": {
      "n": 0,
      "m": 1,
      "delta_N": 1,
      "c_1_mixed": 0.23172052535658239,
      "c_1_coherent": 0.7588091584380008,
      "coherence_contribution": 0.5270886330814184
    },
    "0_2": {
      "n": 0,
      "m": 2,
      "delta_N": 2,
      "c_1_mixed": -0.2936392333336535,
      "c_1_coherent": -0.2936386802299573,
      "coherence_contribution": 5.531036961770042e-07
    },
    "0_3": {
      "n": 0,
      "m": 3,
      "delta_N": 3,
      "c_1_mixed": -0.2855927792103863,
      "c_1_coherent": -0.28559277936199834,
      "coherence_contribution": -1.5161205624281138e-10
    },
    "0_4": {
      "n": 0,
      "m": 4,
      "delta_N": 4,
      "c_1_mixed": 0.21770466053716575,
      "c_1_coherent": 0.2177046083427836,
      "coherence_contribution": -5.2194382149650664e-08
    },
    "0_5": {
      "n": 0,
      "m": 5,
      "delta_N": 5,
      "c_1_mixed": 0.0,
      "c_1_coherent": 0.0,
      "coherence_contribution": 0.0
    },
    "1_2": {
      "n": 1,
      "m": 2,
      "delta_N": 1,
      "c_1_mixed": 14.31216444416954,
      "c_1_coherent": 1.5903058618340795,
      "coherence_contribution": -12.72185858233546
    },
    "1_3": {
      "n": 1,
      "m": 3,
      "delta_N": 2,
      "c_1_mixed": -0.13679416600735905,
      "c_1_coherent": -0.1367941757276725,
      "coherence_contribution": -9.72031344304014e-09
    },
    "1_4": {
      "n": 1,
      "m": 4,
      "delta_N": 3,
      "c_1_mixed": 347.0309239902026,
      "c_1_coherent": 314.42514510178324,
      "coherence_contribution": -32.605778888419366
    },
    "1_5": {
      "n": 1,
      "m": 5,
      "delta_N": 4,
      "c_1_mixed": 0.2177046595532861,
      "c_1_coherent": 0.21770460862478025,
      "coherence_contribution": -5.092850585697306e-08
    },
    "2_3": {
      "n": 2,
      "m": 3,
      "delta_N": 1,
      "c_1_mixed": 964.4715899880769,
      "c_1_coherent": 1.327176979854343,
      "coherence_contribution": -963.1444130082225
    },
    "2_4": {
      "n": 2,
      "m": 4,
      "delta_N": 2,
      "c_1_mixed": -0.13679418269525456,
      "c_1_coherent": -0.1367941722345556,
      "coherence_contribution": 1.0460698973702165e-08
    },
    "2_5": {
      "n": 2,
      "m": 5,
      "delta_N": 3,
      "c_1_mixed": -0.28559277927149296,
      "c_1_coherent": -0.285592779260746,
      "coherence_contribution": 1.0746958878371515e-11
    },
    "3_4": {
      "n": 3,
      "m": 4,
      "delta_N": 1,
      "c_1_mixed": 14.312162615289648,
      "c_1_coherent": 1.5903058618999069,
      "coherence_contribution": -12.72185675338974
    },
    "3_5": {
      "n": 3,
      "m": 5,
      "delta_N": 2,
      "c_1_mixed": -0.2936386806062785,
      "c_1_coherent": -0.2936386805530766,
      "coherence_contribution": 5.32018873400375e-11
    },
    "4_5": {
      "n": 4,
      "m": 5,
      "delta_N": 1,
      "c_1_mixed": 0.2317205179697357,
      "c_1_coherent": 0.7588091595945701,
      "coherence_contribution": 0.5270886416248344
    }
  }
}