{
  "N": 3,
  "gamma_0": 0.05,
  "T_final": 80.0,
  "N_steps": 200,
  "T_fit_max": 20.0,
  "defect_bond": [
    0,
    1
  ],
  "J_uniform": 1.0,
  "J_mod_values": [
    0.9,
    1.0,
    1.1
  ],
  "label": "N=3 probe",
  "phases": {
    "unperturbed": {
      "tr_L": -9.600000000000001,
      "tr_L_expected": -9.600000000000001,
      "tr_L_err": 0.0,
      "n_paired": 64,
      "n_unpaired": 0,
      "max_palindrome_residual": 1.454392162258955e-14
    },
    "alpha_fit": {
      "alphas_by_Jmod": {
        "0.9": [
          0.9382498932985998,
          0.990692597888277,
          1.0579837002998844
        ],
        "1.0": [
          0.9999999985411492,
          1.0000000021281437,
          0.9999999985411433
        ],
        "1.1": [
          1.054759534105115,
          1.0204179502391855,
          0.9449198789355622
        ]
      },
      "closure_by_Jmod": {
        "0.9": -0.016725014145851404,
        "1.0": -7.8956386313127e-10,
        "1.1": 0.016869970417885835
      }
    }
  }
}