{
  "N": 5,
  "gamma_0": 0.05,
  "T_final": 80.0,
  "N_steps": 200,
  "T_fit_max": 20.0,
  "defect_bond": [
    0,
    1
  ],
  "J_uniform": 1.0,
  "J_mod_values": [
    0.9,
    1.0,
    1.1
  ],
  "label": "N=5 validation",
  "phases": {
    "unperturbed": {
      "tr_L": -256.0,
      "tr_L_expected": -256.0,
      "tr_L_err": 0.0,
      "n_paired": 1024,
      "n_unpaired": 0,
      "max_palindrome_residual": 7.061018436615996e-14
    },
    "alpha_fit": {
      "alphas_by_Jmod": {
        "0.9": [
          0.9080055679016926,
          0.8913879945433248,
          0.9784942648995562,
          1.2015007158384565,
          1.013365828203077
        ],
        "1.0": [
          0.9999999982725643,
          0.9999999930647799,
          1.0000000491388044,
          0.9999999930647803,
          0.9999999982725671
        ],
        "1.1": [
          1.1090685156759905,
          1.1600198360641338,
          1.0156063085113114,
          0.8558088816274924,
          0.9823881161615089
        ]
      },
      "closure_by_Jmod": {
        "0.9": -0.03637194275562122,
        "1.0": 3.181349469032587e-08,
        "1.1": 0.09396636012072573
      }
    }
  }
}