{
  "n3": {
    "N": 3,
    "gamma_0": 0.05,
    "T_final": 80.0,
    "N_steps": 200,
    "T_fit_max": 20.0,
    "defect_bond": [
      0,
      1
    ],
    "J_uniform": 1.0,
    "J_mod_values": [
      0.9,
      1.0,
      1.1
    ],
    "label": "N=3 probe",
    "phases": {
      "unperturbed": {
        "tr_L": -9.600000000000001,
        "tr_L_expected": -9.600000000000001,
        "tr_L_err": 0.0,
        "n_paired": 64,
        "n_unpaired": 0,
        "max_palindrome_residual": 1.454392162258955e-14
      },
      "alpha_fit": {
        "alphas_by_Jmod": {
          "0.9": [
            0.9382498932985998,
            0.990692597888277,
            1.0579837002998844
          ],
          "1.0": [
            0.9999999985411492,
            1.0000000021281437,
            0.9999999985411433
          ],
          "1.1": [
            1.054759534105115,
            1.0204179502391855,
            0.9449198789355622
          ]
        },
        "closure_by_Jmod": {
          "0.9": -0.016725014145851404,
          "1.0": -7.8956386313127e-10,
          "1.1": 0.016869970417885835
        }
      }
    }
  },
  "n3_fine": {
    "dJ": [
      -0.2,
      -0.15,
      -0.1,
      -0.05,
      -0.02,
      -0.01,
      0.01,
      0.02,
      0.05,
      0.1,
      0.15,
      0.2
    ],
    "closure": [
      -0.0008930878155245237,
      -0.013799144324222162,
      -0.016725014145851404,
      -0.011941554336311395,
      -0.005275278463199768,
      -0.0026587011640093134,
      0.002612640252488056,
      0.005099103555326572,
      0.011172986211881123,
      0.016869970417885835,
      0.019491580808584694,
      0.01924441572125765
    ],
    "alpha": [
      [
        0.8641102221692675,
        1.023222214216484,
        1.1299859250797417
      ],
      [
        0.9030533649720095,
        1.0003821300748466,
        1.0917614799206703
      ],
      [
        0.9382498932985998,
        0.990692597888277,
        1.0579837002998844
      ],
      [
        0.9701912181907422,
        0.9927237656220506,
        1.0259544763214543
      ],
      [
        0.9883156948587668,
        0.9966719210217846,
        1.0098597440687724
      ],
      [
        0.9941939585256716,
        0.9982788517282514,
        1.0048988523764408
      ],
      [
        1.0057345500365111,
        1.0018217755018155,
        0.9950864631858828
      ],
      [
        1.0114014411604433,
        1.0037321471609248,
        0.990086435574655
      ],
      [
        1.0280636362056548,
        1.0098553857735924,
        0.9740319041958385
      ],
      [
        1.054759534105115,
        1.0204179502391855,
        0.9449198789355622
      ],
      [
        1.0801964102835688,
        1.0301405106879837,
        0.916359507153718
      ],
      [
        1.1047391358355265,
        1.0369999911740475,
        0.8898550132854417
      ]
    ],
    "polyfit_cubic": [
      -4.078979361439412,
      0.2255924684000856,
      0.2109099771056199,
      -0.0009055455008423018
    ]
  },
  "n3_resolvent": [
    {
      "z": 0.001,
      "sum_log": -0.0001708434076480186,
      "per_site_A": [
        2748.930519832705,
        2715.9118853785108,
        2748.9305198327047
      ],
      "per_site_B": [
        2740.2697144463687,
        2715.2303306822105,
        2757.839693966471
      ],
      "log_ratios": [
        -0.0031555826727034174,
        -0.0002509802442154495,
        0.0032357195092708483
      ]
    },
    {
      "z": 0.005,
      "sum_log": -0.0009481925960338668,
      "per_site_A": [
        612.5466507406483,
        581.3434886975435,
        612.5466507406483
      ],
      "per_site_B": [
        604.1992150750403,
        580.683261114506,
        621.1262632229376
      ],
      "log_ratios": [
        -0.013721134155780579,
        -0.0011363381336761244,
        0.013909279693422837
      ]
    },
    {
      "z": 0.01,
      "sum_log": -0.0019684200795935906,
      "per_site_A": [
        342.37939035040654,
        313.2211014039496,
        342.37939035040654
      ],
      "per_site_B": [
        334.39243247039514,
        312.5854738458889,
        350.57919090680525
      ],
      "log_ratios": [
        -0.023604199940149166,
        -0.002031387338444575,
        0.02366716719900015
      ]
    },
    {
      "z": 0.03,
      "sum_log": -0.005349903862925429,
      "per_site_A": [
        153.30015246464677,
        130.44164277246574,
        153.30015246464677
      ],
      "per_site_B": [
        146.48414977461627,
        129.88594361412808,
        160.26002677829513
      ],
      "log_ratios": [
        -0.04548055048899532,
        -0.004269236388525842,
        0.04439988301459573
      ]
    },
    {
      "z": 0.05,
      "sum_log": -0.007708803278663606,
      "per_site_A": [
        109.47228577944804,
        90.90253813845123,
        109.47228577944804
      ],
      "per_site_B": [
        103.52162368588318,
        90.40509025760707,
        115.50812445704669
      ],
      "log_ratios": [
        -0.055890903932265125,
        -0.005487349136551505,
        0.05366944979015302
      ]
    },
    {
      "z": 0.1,
      "sum_log": -0.011863046470372812,
      "per_site_A": [
        69.4292048190176,
        57.12633020687951,
        69.4292048190176
      ],
      "per_site_B": [
        64.89792502399042,
        56.71929723304725,
        73.92766687117529
      ],
      "log_ratios": [
        -0.06749194640766648,
        -0.007150642801852585,
        0.06277954273914625
      ]
    },
    {
      "z": 0.2,
      "sum_log": -0.01891002094595899,
      "per_site_A": [
        42.93450528062481,
        35.84295266615063,
        42.93450528062481
      ],
      "per_site_B": [
        39.840538256295005,
        35.510845332977006,
        45.82663609811004
      ],
      "log_ratios": [
        -0.07479087846424873,
        -0.00930881720910722,
        0.06518967472739695
      ]
    },
    {
      "z": 0.5,
      "sum_log": -0.04046477218043569,
      "per_site_A": [
        22.501788034096332,
        19.252230580930934,
        22.501788034096332
      ],
      "per_site_B": [
        20.880754122479207,
        18.954937213965156,
        23.65227698445041
      ],
      "log_ratios": [
        -0.07476689489579574,
        -0.015562491765387584,
        0.04986461448074764
      ]
    },
    {
      "z": 1.0,
      "sum_log": -0.05870703527539696,
      "per_site_A": [
        14.611904655436382,
        12.649907912737886,
        14.611904655436382
      ],
      "per_site_B": [
        13.75242891352812,
        12.382829939552616,
        14.955659354876865
      ],
      "log_ratios": [
        -0.06062112705656471,
        -0.021339104763140933,
        0.023253196544308682
      ]
    }
  ],
  "n3_states": {
    "phi_1_plus_vac": {
      "alpha": [
        1.054759534105115,
        1.0204179502391855,
        0.9449198789355622
      ],
      "rmse": [
        0.0033541682201280254,
        0.000937027877541414,
        0.003768080614504417
      ],
      "closure": 0.016869970417885835
    },
    "phi_2_plus_vac": {
      "alpha": [
        0.9131295202228011,
        1.0169651605577965,
        1.0757529713347096
      ],
      "rmse": [
        0.0053434148402961975,
        0.002754100191689972,
        0.004561568693482728
      ],
      "closure": -0.0010338319655527062
    },
    "psi_1_only": {
      "alpha": [
        1.570541091582854,
        1.017502167398271,
        0.7456461990875063
      ],
      "rmse": [
        0.008000444602856196,
        0.0008610367265296891,
        0.009969486554826485
      ],
      "closure": 0.17526691752292506
    },
    "plus_N": {
      "alpha": [
        6.103399306170388,
        6.131659207802691,
        4.953267119395978
      ],
      "rmse": [
        0.07685650820544225,
        0.05827822038999149,
        0.0804231898961988
      ],
      "closure": 5.222358645691429
    },