{
  "N_list": [
    3,
    4,
    5,
    6
  ],
  "dJ": [
    -0.01,
    0.01
  ],
  "step12_psi1_endpoint": {
    "3": {
      "V_N": 1.5,
      "c_1": 0.26356707082486847,
      "c_2_approx": -0.23030455760628726,
      "ratio_c1_over_05V": 0.3514227610998246,
      "alpha_plus": [
        1.0057345500365111,
        1.0018217755018155,
        0.9950864631858828
      ],
      "alpha_minus": [
        0.9941939585256716,
        0.9982788517282514,
        1.0048988523764408
      ],
      "closure_plus": 0.002612640252488056,
      "closure_minus": -0.0026587011640093134,
      "walltime_s": 0.12305021286010742
    },
    "4": {
      "V_N": 1.7071067811865475,
      "c_1": 0.8978901610636044,
      "c_2_approx": 0.2751619376072968,
      "ratio_c1_over_05V": 1.0519437576593935,
      "alpha_plus": [
        1.0088501565447812,
        1.0061198739276973,
        0.9959331726946038,
        0.9981707652315043
      ],
      "alpha_minus": [
        0.9912126853237241,
        0.9939039226022371,
        1.004196773440809,
        1.001803131867329
      ],
      "closure_plus": 0.009006417804396774,
      "closure_minus": -0.008951385416875315,
      "walltime_s": 1.0487086772918701
    },
    "5": {
      "V_N": 1.8090169943749475,
      "c_1": 0.9222066561257696,
      "c_2_approx": 2.0658418698776306,
      "ratio_c1_over_05V": 1.0195666032915416,
      "alpha_plus": [
        1.0100070215332708,
        1.012901341903989,
        1.0018500059995217,
        0.9863658022564764,
        0.9985333161482796
      ],
      "alpha_minus": [
        0.9901367758043058,
        0.9875098672272937,
        0.9980889986576026,
        1.0140493083215407,
        1.0014278122388696
      ],
      "closure_plus": 0.009428650748245459,
      "closure_minus": -0.009015482374269933,
      "walltime_s": 7.541186571121216
    },
    "6": {
      "V_N": 1.8660254037844388,
      "c_1": 1.0190633992397402,
      "c_2_approx": 1.3851214079626997,
      "ratio_c1_over_05V": 1.0922288594496126,
      "alpha_plus": [
        1.0093924160219094,
        1.013761952280622,
        1.0033840401761336,
        0.9944673773638377,
        0.9901341311566297,
        0.9993971459317443
      ],
      "alpha_minus": [
        0.9907624047422099,
        0.9869002898237355,
        0.996484902724512,
        1.0053502372635748,
        1.0100904385274398,
        1.0005602738234194
      ],
      "closure_plus": 0.010329146133193672,
      "closure_minus": -0.010052121851601132,
      "walltime_s": 154.44169759750366
    }
  },
  "step12_fits": {
    "c_1_vs_N_power": {
      "p": 1.8713048558168868,
      "A": 0.043740186863055135
    },
    "c_1_vs_V_power": {
      "q": 6.303409913392729,
      "B": 0.022943823823621128
    }
  },
  "step3_bond_profile_psi1": {
    "3": {
      "c_1_vector": [
        0.26356707082486847,
        0.2635670708250774
      ],
      "mirror_residual": 2.954914007242865e-13,
      "endpoint_over_interior": 0.9999999999992073,
      "walltime_s": 0.330902099609375
    },
    "4": {
      "c_1_vector": [
        0.8978901610636044,
        -0.31124614704399983,
        0.8978901611001333
      ],
      "mirror_residual": 5.165965310335117e-11,
      "endpoint_over_interior": -2.8848233772245626,
      "walltime_s": 3.425926923751831
    },
    "5": {
      "c_1_vector": [
        0.9222066561257696,
        -0.2119261907437352,
        -0.2119261907703979,
        0.9222066560501306
      ],
      "mirror_residual": 1.134208864291334e-10,
      "endpoint_over_interior": -4.351546417049009,
      "walltime_s": 30.889612436294556
    },
    "6": {
      "c_1_vector": [
        1.0190633992397402,
        0.6598297131880062,
        -1.2432659200185943,
        0.6598297122703718,
        1.0190633994111018
      ],
      "mirror_residual": 1.32016492212812e-09,
      "endpoint_over_interior": -0.8196664790944315,
      "walltime_s": 771.6114349365234
    }
  },
  "step4_psi2_endpoint": {
    "3": {
      "V_N": 1.5,
      "c_1": 0.5696642733858891,
      "ratio_c1_over_05V": 0.7595523645145188
    },
    "4": {
      "V_N": 1.7071067811865475,
      "c_1": 0.8975490450520374,
      "ratio_c1_over_05V": 1.0515441153929268
    },
    "5": {
      "V_N": 1.8090169943749475,
      "c_1": 0.28114339948624767,
      "ratio_c1_over_05V": 0.31082449790184363
    },
    "6": {
      "V_N": 1.8660254037844388,
      "c_1": 0.21278985173621673,
      "ratio_c1_over_05V": 0.2280674757210304
    }
  }
}