{
  "N": 7,
  "gamma_0": 0.05,
  "lambda_range": [
    -0.228881879505651,
    1.691355389077387e-17
  ],
  "n_slow": 11,
  "n_stationary": 8,
  "eigenvalues": [
    [
      1.691355389077387e-17,
      7.299022497520261e-20
    ],
    [
      2.3852447794681098e-18,
      -2.274874934751393e-19
    ],
    [
      2.168404344971009e-19,
      1.746992876437013e-19
    ],
    [
      -4.336808689942018e-19,
      -4.8824069069027795e-20
    ],
    [
      -1.3010426069826053e-18,
      -3.936000830817566e-20
    ],
    [
      -1.5612511283791264e-17,
      -5.70481162309715e-20
    ],
    [
      -2.8406096919120216e-17,
      4.17981621536588e-21
    ],
    [
      -1.0321604682062002e-16,
      -4.725109192803691e-19
    ],
    [
      -0.09999999999999945,
      6.270346741832286e-17
    ],
    [
      -0.0999999999999996,
      -4.352518345740429e-17
    ],
    [
      -0.09999999999999988,
      -3.4474722620540385e-18
    ],
    [
      -0.10000000000000021,
      -3.2413746899398275e-17
    ],
    [
      -0.10000000000000023,
      -2.4295812794135806e-17
    ],
    [
      -0.10000000000000028,
      -1.1697393054177563e-17
    ],
    [
      -0.10000000000000034,
      1.2920518106065189e-17
    ],
    [
      -0.1000000000000004,
      3.632344329036143e-17
    ],
    [
      -0.10000000000000045,
      -4.764827648481843e-17
    ],
    [
      -0.10000000000000052,
      -1.3057555037221526e-17
    ],
    [
      -0.10000000000000055,
      -3.6262510084466983e-19
    ],
    [
      -0.1000000000000006,
      -5.935218620253652e-18
    ],
    [
      -0.1000000000000007,
      -1.839357240666676e-17
    ],
    [
      -0.10000000000000077,
      -1.450942966188547e-17
    ],
    [
      -0.17492801361591642,
      -4.4576374448723194e-17
    ],
    [
      -0.17492801361591653,
      6.515549278500088e-16
    ],
    [
      -0.1749280136159175,
      -2.0829784677420155e-18
    ],
    [
      -0.17492801361591867,
      -2.921577203082744e-17
    ],
    [
      -0.17492801361591961,
      1.983632109594974e-17
    ],
    [
      -0.1749280136159197,
      -8.816142709311004e-18
    ],
    [
      -0.17496984123850215,
      -6.149448543683665e-17
    ],
    [
      -0.17496984123850476,
      -2.0895908706303064e-17
    ],
    [
      -0.17496984123850484,
      1.187342466817837e-17
    ],
    [
      -0.17496984123850493,
      -2.5516109626289713e-17
    ],
    [
      -0.17496984123850687,
      6.941040414392833e-17
    ],
    [
      -0.17496984123850698,
      -7.728336084341429e-17
    ],
    [
      -0.17497862155077232,
      -4.083499645740072e-17
    ],
    [
      -0.17497862155077415,
      6.216897800157773e-17
    ],
    [
      -0.1749786215507749,
      -1.6895280055183837e-17
    ],
    [
      -0.17497862155077534,
      1.0396501419880922e-17
    ],
    [
      -0.17497862155077643,
      -6.644834619625994e-17
    ],
    [
      -0.17497862155077873,
      3.4476355886332705e-17
    ],
    [
      -0.19999999999999896,
      -1.5017117063753482e-16
    ],
    [
      -0.19999999999999957,
      3.1140252355898875e-16
    ],
    [
      -0.19999999999999968,
      4.735183475792338e-16
    ],
    [
      -0.1999999999999999,
      3.670555059984839e-16
    ],
    [
      -0.2000000000000004,
      -4.3965941998181004e-16
    ],
    [
      -0.20000000000000048,
      -2.2896638231240213e-16
    ],
    [
      -0.20000000000000076,
      5.930249910926545e-17
    ],
    [
      -0.20000000000000093,
      1.209063404949984e-16
    ],
    [
      -0.20000000000000095,
      -3.9569347798363124e-16
    ],
    [
      -0.20000000000000115,
      4.770304706802674e-16
    ],
    [
      -0.2000000000000017,
      -2.4380488773679124e-16
    ],
    [
      -0.20000000000000204,
      -1.968849840106075e-16
    ],
    [
      -0.2000000000000028,
      1.1431144678676395e-16
    ],
    [
      -0.2000000000000031,
      1.0107014400753991e-16
    ],
    [
      -0.20000000000000376,
      3.517275359854599e-17
    ],
    [
      -0.20000000000000404,
      9.645028525851309e-17
    ],
    [
      -0.20000000000000484,
      -1.0112166659582081e-16
    ],
    [
      -0.2000000000000052,
      1.0975879675478483e-17
    ],
    [
      -0.22360202545106844,
      -5.3809977734150295e-17
    ],
    [
      -0.22360202545106966,
      -2.1242477232511243e-16
    ],
    [
      -0.22360202545107105,
      2.780755239137065e-16
    ],
    [
      -0.22360202545107136,
      6.207756706473137e-16
    ],
    [
      -0.22360202545107136,
      -7.082403887237555e-17
    ],
    [
      -0.2236020254510716,
      1.5740543483923595e-16
    ],
    [
      -0.22360202545107222,
      -7.271653249790046e-17
    ],
    [
      -0.22360202545107263,
      2.5205596606581615e-16
    ],
    [
      -0.2236020254510743,
      2.610729740892059e-16
    ],
    [
      -0.22360202545107505,
      5.0725133267336356e-17
    ],
    [
      -0.22450782941127134,
      -6.862883805289604e-17
    ],
    [
      -0.22450782941127134,
      -1.8630219871234103e-16
    ],
    [
      -0.22450782941127276,
      -1.117862304971152e-16
    ],
    [
      -0.22450782941127304,
      4.607631849066036e-16
    ],
    [
      -0.2245078294112733,
      -1.6116687245807592e-16
    ],
    [
      -0.2245078294112755,
      -1.6562103082709122e-17
    ],
    [
      -0.2245078294112763,
      -2.580476943473819e-16
    ],
    [
      -0.2245078294112765,
      -2.724571911777319e-16
    ],
    [
      -0.2245078294112774,
      4.016092207780789e-17
    ],
    [
      -0.22450782941127762,
      1.2670146229941299e-16
    ],
    [
      -0.2288818795056499,
      -1.371760993787982e-16
    ],
    [
      -0.228881879505651,
      -1.566358318610082e-16
    ]
  ],
  "predictions": {
    "1": {
      "fi_pred": [
        -8.027195058189755e-14,
        -8.027195058189755e-14,
        -8.027195058189755e-14,
        -8.027195058189755e-14,
        -8.027195058189755e-14,
        -8.027195058189755e-14,
        -8.027195058189755e-14
      ],
      "dominant": [
        [
          26,
          -0.17492801361591961,
          1.983632109594974e-17,
          1.6673057596015346,
          0.14827303503924352,
          0.2472164853145309
        ],
        [
          26,
          -0.17492801361591961,
          1.983632109594974e-17,
          1.6673057596015346,
          0.08430348064643517,
          0.14055967883625786
        ],
        [
          26,
          -0.17492801361591961,
          1.983632109594974e-17,
          1.6673057596015346,
          0.11858465395524087,
          0.197716876539928
        ],
        [
          26,
          -0.17492801361591961,
          1.983632109594974e-17,
          1.6673057596015346,
          0.22798372346087237,
          0.380118575221716
        ],
        [
          26,
          -0.17492801361591961,
          1.983632109594974e-17,
          1.6673057596015346,
          0.1185846539552417,
          0.1977168765399294
        ],
        [
          26,
          -0.17492801361591961,
          1.983632109594974e-17,
          1.6673057596015346,
          0.08430348064643334,
          0.1405596788362548
        ],
        [
          26,
          -0.17492801361591961,
          1.983632109594974e-17,
          1.6673057596015346,
          0.14827303503924094,
          0.24721648531452659
        ]
      ]
    },
    "2": {
      "fi_pred": [
        -8.027195058189755e-14,
        -8.027195058189755e-14,
        -8.027195058189755e-14,
        -8.027195058189755e-14,
        -8.027195058189755e-14,
        -8.027195058189755e-14,
        -8.027195058189755e-14
      ],